# This file was produced by samtools stats (1.16.1+htslib-1.16) and can be plotted using plot-bamstats
# This file contains statistics for all reads.
# The command line was:  stats /data/WES_260526/align/2WES_trimmed_sort.bam
# CHK, Checksum	[2]Read Names	[3]Sequences	[4]Qualities
# CHK, CRC32 of reads which passed filtering followed by addition (32bit overflow)
CHK	19cd7448	808e1c76	2be83d73
# Summary Numbers. Use `grep ^SN | cut -f 2-` to extract this part.
SN	raw total sequences:	44306082	# excluding supplementary and secondary reads
SN	filtered sequences:	0
SN	sequences:	44306082
SN	is sorted:	1
SN	1st fragments:	22153041
SN	last fragments:	22153041
SN	reads mapped:	44280521
SN	reads mapped and paired:	44257596	# paired-end technology bit set + both mates mapped
SN	reads unmapped:	25561
SN	reads properly paired:	44065604	# proper-pair bit set
SN	reads paired:	44306082	# paired-end technology bit set
SN	reads duplicated:	0	# PCR or optical duplicate bit set
SN	reads MQ0:	3388994	# mapped and MQ=0
SN	reads QC failed:	0
SN	non-primary alignments:	0
SN	supplementary alignments:	90652
SN	total length:	6398606784	# ignores clipping
SN	total first fragment length:	3188945057	# ignores clipping
SN	total last fragment length:	3209661727	# ignores clipping
SN	bases mapped:	6395366592	# ignores clipping
SN	bases mapped (cigar):	6300837001	# more accurate
SN	bases trimmed:	0
SN	bases duplicated:	0
SN	mismatches:	48118309	# from NM fields
SN	error rate:	7.636812e-03	# mismatches / bases mapped (cigar)
SN	average length:	144
SN	average first fragment length:	144
SN	average last fragment length:	145
SN	maximum length:	148
SN	maximum first fragment length:	148
SN	maximum last fragment length:	148
SN	average quality:	36.9
SN	insert size average:	277.8
SN	insert size standard deviation:	92.5
SN	inward oriented pairs:	21532262
SN	outward oriented pairs:	518038
SN	pairs with other orientation:	20945
SN	pairs on different chromosomes:	57553
SN	percentage of properly paired reads (%):	99.5
# First Fragment Qualities. Use `grep ^FFQ | cut -f 2-` to extract this part.
# Columns correspond to qualities and rows to cycles. First column is the cycle number.
FFQ	1	0	0	0	0	0	0	0	0	0	0	0	0	0	0	0	0	0	0	0	0	0	0	100542	236783	71216	0	0	0	0	0	13575916	0	0	0	0	0	0	0	0	0	8168584	0
FFQ	2	177	0	0	0	0	0	0	0	0	0	0	0	0	8147	9435	0	0	0	26005	11069	0	0	7297	68260	18117	0	0	0	0	0	4964747	0	0	0	0	0	0	0	0	0	17039787	0
FFQ	3	346	0	0	0	0	0	0	0	0	0	0	0	0	6388	8462	0	0	0	11997	16400	0	0	13895	39124	13324	0	0	0	0	0	2663613	0	0	0	0	0	0	0	0	0	19379492	0
FFQ	4	641	0	0	0	0	0	0	0	0	0	0	0	0	12199	9688	0	0	0	10235	27055	0	0	24652	47512	9965	0	0	0	0	0	1642602	0	0	0	0	0	0	0	0	0	20368492	0
FFQ	5	28541	0	0	0	0	0	0	0	0	0	0	0	0	11422	9241	0	0	0	9252	24262	0	0	21046	91133	7281	0	0	0	0	0	886377	0	0	0	0	0	0	0	0	0	21064486	0
FFQ	6	1818	0	0	0	0	0	0	0	0	0	0	0	0	12801	9829	0	0	0	11093	26564	0	0	23872	99737	9529	0	0	0	0	0	1092693	0	0	0	0	0	0	0	0	0	20865105	0
FFQ	7	139061	0	0	0	0	0	0	0	0	0	0	0	0	15197	12530	0	0	0	16251	35725	0	0	31800	52245	16173	0	0	0	0	0	930517	0	0	0	0	0	0	0	0	0	20903542	0
FFQ	8	1109	0	0	0	0	0	0	0	0	0	0	0	0	14560	12578	0	0	0	13292	29971	0	0	26473	89689	9769	0	0	0	0	0	999053	0	0	0	0	0	0	0	0	0	20956547	0
FFQ	9	1376	0	0	0	0	0	0	0	0	0	0	0	0	15679	14060	0	0	0	12210	33298	0	0	29162	105843	10119	0	0	0	0	0	660813	0	0	0	0	0	0	0	0	0	21270481	0
FFQ	10	1637	0	0	0	0	0	0	0	0	0	0	0	0	18113	13247	0	0	0	16321	39666	0	0	36090	51218	16526	0	0	0	0	0	760347	0	0	0	0	0	0	0	0	0	21199876	0
FFQ	11	1347	0	0	0	0	0	0	0	0	0	0	0	0	23594	18283	0	0	0	15340	52807	0	0	48135	73354	15237	0	0	0	0	0	862946	0	0	0	0	0	0	0	0	0	21041998	0
FFQ	12	6062	0	0	0	0	0	0	0	0	0	0	0	0	22317	19455	0	0	0	14851	49657	0	0	43155	66711	12743	0	0	0	0	0	728142	0	0	0	0	0	0	0	0	0	21189948	0
FFQ	13	9634	0	0	0	0	0	0	0	0	0	0	0	0	22862	19487	0	0	0	17544	47777	0	0	41312	65429	15054	0	0	0	0	0	732537	0	0	0	0	0	0	0	0	0	21181405	0
FFQ	14	925	0	0	0	0	0	0	0	0	0	0	0	0	25662	21516	0	0	0	21080	50536	0	0	42312	74169	16775	0	0	0	0	0	733526	0	0	0	0	0	0	0	0	0	21166540	0
FFQ	15	7851	0	0	0	0	0	0	0	0	0	0	0	0	34780	29771	0	0	0	29392	67167	0	0	55674	87033	21423	0	0	0	0	0	844788	0	0	0	0	0	0	0	0	0	20975162	0
FFQ	16	3454	0	0	0	0	0	0	0	0	0	0	0	0	40867	35264	0	0	0	34513	69634	0	0	54283	91104	22822	0	0	0	0	0	814661	0	0	0	0	0	0	0	0	0	20986439	0
FFQ	17	1232	0	0	0	0	0	0	0	0	0	0	0	0	50619	41488	0	0	0	44778	77897	0	0	58549	105867	29156	0	0	0	0	0	862518	0	0	0	0	0	0	0	0	0	20880937	0
FFQ	18	956	0	0	0	0	0	0	0	0	0	0	0	0	58748	49389	0	0	0	53856	88474	0	0	65678	114545	33835	0	0	0	0	0	911914	0	0	0	0	0	0	0	0	0	20775646	0
FFQ	19	5793	0	0	0	0	0	0	0	0	0	0	0	0	63737	53998	0	0	0	59040	96966	0	0	72598	117316	38239	0	0	0	0	0	943877	0	0	0	0	0	0	0	0	0	20701477	0
FFQ	20	809	0	0	0	0	0	0	0	0	0	0	0	0	60833	50695	0	0	0	54401	89853	0	0	65699	115627	32636	0	0	0	0	0	901523	0	0	0	0	0	0	0	0	0	20780965	0
FFQ	21	830	0	0	0	0	0	0	0	0	0	0	0	0	50948	43402	0	0	0	42140	71494	0	0	51197	110211	24036	0	0	0	0	0	827474	0	0	0	0	0	0	0	0	0	20931309	0
FFQ	22	840	0	0	0	0	0	0	0	0	0	0	0	0	54216	46319	0	0	0	47698	82222	0	0	61795	111761	30083	0	0	0	0	0	892242	0	0	0	0	0	0	0	0	0	20825865	0
FFQ	23	775	0	0	0	0	0	0	0	0	0	0	0	0	53196	44871	0	0	0	47897	79482	0	0	59371	108588	29289	0	0	0	0	0	867958	0	0	0	0	0	0	0	0	0	20861614	0
FFQ	24	1710	0	0	0	0	0	0	0	0	0	0	0	0	56190	48632	0	0	0	52527	82300	0	0	59773	114513	30830	0	0	0	0	0	868031	0	0	0	0	0	0	0	0	0	20838535	0
FFQ	25	869	0	0	0	0	0	0	0	0	0	0	0	0	57894	49397	0	0	0	52869	82465	0	0	59554	119373	30065	0	0	0	0	0	872480	0	0	0	0	0	0	0	0	0	20828075	0
FFQ	26	489	0	0	0	0	0	0	0	0	0	0	0	0	66058	57249	0	0	0	63404	97087	0	0	70842	127009	36802	0	0	0	0	0	927759	0	0	0	0	0	0	0	0	0	20706342	0
FFQ	27	948	0	0	0	0	0	0	0	0	0	0	0	0	65734	57735	0	0	0	60920	96112	0	0	69937	128388	34319	0	0	0	0	0	920687	0	0	0	0	0	0	0	0	0	20718261	0
FFQ	28	940	0	0	0	0	0	0	0	0	0	0	0	0	67682	58786	0	0	0	62278	94022	0	0	66615	137769	33697	0	0	0	0	0	915809	0	0	0	0	0	0	0	0	0	20715443	0
FFQ	29	1269	0	0	0	0	0	0	0	0	0	0	0	0	64211	55079	0	0	0	59098	88225	0	0	63050	140871	31413	0	0	0	0	0	907508	0	0	0	0	0	0	0	0	0	20742317	0
FFQ	30	7255	0	0	0	0	0	0	0	0	0	0	0	0	81005	67142	0	0	0	100796	112422	0	0	81176	174517	48490	0	0	0	0	0	991129	0	0	0	0	0	0	0	0	0	20489109	0
FFQ	31	1842	0	0	0	0	0	0	0	0	0	0	0	0	71359	55714	0	0	0	68609	91007	0	0	66255	174059	32481	0	0	0	0	0	946636	0	0	0	0	0	0	0	0	0	20645079	0
FFQ	32	101116	0	0	0	0	0	0	0	0	0	0	0	0	75961	56258	0	0	0	70350	90706	0	0	65532	163016	34980	0	0	0	0	0	944340	0	0	0	0	0	0	0	0	0	20550782	0
FFQ	33	739	0	0	0	0	0	0	0	0	0	0	0	0	78866	59104	0	0	0	79255	86531	0	0	60046	215621	34156	0	0	0	0	0	1012258	0	0	0	0	0	0	0	0	0	20526465	0
FFQ	34	1207	0	0	0	0	0	0	0	0	0	0	0	0	139765	104222	0	0	0	192419	172580	0	0	121499	241314	90758	0	0	0	0	0	1227243	0	0	0	0	0	0	0	0	0	19862034	0
FFQ	35	2441	0	0	0	0	0	0	0	0	0	0	0	0	123321	104577	0	0	0	138423	148804	0	0	103098	258607	59654	0	0	0	0	0	1259340	0	0	0	0	0	0	0	0	0	19954776	0
FFQ	36	790	0	0	0	0	0	0	0	0	0	0	0	0	134981	109670	0	0	0	148613	147873	0	0	99342	263782	58465	0	0	0	0	0	1201398	0	0	0	0	0	0	0	0	0	19988127	0
FFQ	37	1565	0	0	0	0	0	0	0	0	0	0	0	0	146198	88805	0	0	0	111052	153424	0	0	103525	199593	36438	0	0	0	0	0	1069538	0	0	0	0	0	0	0	0	0	20236270	0
FFQ	38	2716	0	0	0	0	0	0	0	0	0	0	0	0	119653	82533	0	0	0	103306	110220	0	0	74097	243643	42566	0	0	0	0	0	1113512	0	0	0	0	0	0	0	0	0	20247051	0
FFQ	39	3677	0	0	0	0	0	0	0	0	0	0	0	0	102403	76196	0	0	0	96767	97778	0	0	65229	268314	37519	0	0	0	0	0	1096582	0	0	0	0	0	0	0	0	0	20287531	0
FFQ	40	854	0	0	0	0	0	0	0	0	0	0	0	0	177921	114971	0	0	0	223168	221081	0	0	156699	251263	116594	0	0	0	0	0	1330242	0	0	0	0	0	0	0	0	0	19530817	0
FFQ	41	872	0	0	0	0	0	0	0	0	0	0	0	0	165648	129456	0	0	0	171350	124594	0	0	73011	498658	47009	0	0	0	0	0	1400846	0	0	0	0	0	0	0	0	0	19504622	0
FFQ	42	486	0	0	0	0	0	0	0	0	0	0	0	0	172644	130598	0	0	0	148779	117757	0	0	66739	608002	38136	0	0	0	0	0	1481795	0	0	0	0	0	0	0	0	0	19343864	0
FFQ	43	1038	0	0	0	0	0	0	0	0	0	0	0	0	833200	468117	0	0	0	738247	720360	0	0	420390	498823	329588	0	0	0	0	0	1886545	0	0	0	0	0	0	0	0	0	16205296	0
FFQ	44	64306	0	0	0	0	0	0	0	0	0	0	0	0	180292	135459	0	0	0	167688	105230	0	0	57622	650711	34151	0	0	0	0	0	1456925	0	0	0	0	0	0	0	0	0	19241787	0
FFQ	45	839	0	0	0	0	0	0	0	0	0	0	0	0	463459	350328	0	0	0	507732	259848	0	0	135533	622211	99623	0	0	0	0	0	1653956	0	0	0	0	0	0	0	0	0	17992727	0
FFQ	46	678	0	0	0	0	0	0	0	0	0	0	0	0	258851	225492	0	0	0	296706	175308	0	0	95751	572468	68009	0	0	0	0	0	1652541	0	0	0	0	0	0	0	0	0	18732757	0
FFQ	47	681	0	0	0	0	0	0	0	0	0	0	0	0	462751	355273	0	0	0	466483	330784	0	0	177900	580042	132420	0	0	0	0	0	1786908	0	0	0	0	0	0	0	0	0	17777719	0
FFQ	48	292	0	0	0	0	0	0	0	0	0	0	0	0	369186	336736	0	0	0	411667	267389	0	0	146598	534422	99590	0	0	0	0	0	1750272	0	0	0	0	0	0	0	0	0	18147499	0
FFQ	49	556	0	0	0	0	0	0	0	0	0	0	0	0	346540	311360	0	0	0	385069	224871	0	0	118199	567742	83972	0	0	0	0	0	1686070	0	0	0	0	0	0	0	0	0	18332031	0
FFQ	50	1538	0	0	0	0	0	0	0	0	0	0	0	0	314282	286793	0	0	0	354573	237392	0	0	131152	513136	88577	0	0	0	0	0	1673896	0	0	0	0	0	0	0	0	0	18447556	0
FFQ	51	1023	0	0	0	0	0	0	0	0	0	0	0	0	286644	251459	0	0	0	325444	247333	0	0	143328	450926	96906	0	0	0	0	0	1644203	0	0	0	0	0	0	0	0	0	18594214	0
FFQ	52	15335	0	0	0	0	0	0	0	0	0	0	0	0	214303	157733	0	0	0	189691	176931	0	0	104027	386323	51386	0	0	0	0	0	1444142	0	0	0	0	0	0	0	0	0	19294160	0
FFQ	53	44981	0	0	0	0	0	0	0	0	0	0	0	0	162180	120771	0	0	0	142322	149815	0	0	93517	337204	46978	0	0	0	0	0	1381259	0	0	0	0	0	0	0	0	0	19546269	0
FFQ	54	2387	0	0	0	0	0	0	0	0	0	0	0	0	161334	122082	0	0	0	167765	154298	0	0	99537	351305	59734	0	0	0	0	0	1405885	0	0	0	0	0	0	0	0	0	19491882	0
FFQ	55	3910	0	0	0	0	0	0	0	0	0	0	0	0	160616	120513	0	0	0	160194	138309	0	0	84230	367948	47938	0	0	0	0	0	1392907	0	0	0	0	0	0	0	0	0	19530527	0
FFQ	56	6916	0	0	0	0	0	0	0	0	0	0	0	0	229209	180308	0	0	0	257402	206742	0	0	125265	339720	79092	0	0	0	0	0	1470494	0	0	0	0	0	0	0	0	0	19103632	0
FFQ	57	254	0	0	0	0	0	0	0	0	0	0	0	0	241484	204610	0	0	0	286584	218319	0	0	131634	406045	87560	0	0	0	0	0	1565450	0	0	0	0	0	0	0	0	0	18848634	0
FFQ	58	665	0	0	0	0	0	0	0	0	0	0	0	0	229250	189727	0	0	0	250862	190568	0	0	111580	438673	68606	0	0	0	0	0	1522478	0	0	0	0	0	0	0	0	0	18980352	0
FFQ	59	3187	0	0	0	0	0	0	0	0	0	0	0	0	291018	176232	0	0	0	195532	234815	0	0	135995	393455	57543	0	0	0	0	0	1527773	0	0	0	0	0	0	0	0	0	18959121	0
FFQ	60	337	0	0	0	0	0	0	0	0	0	0	0	0	211509	160828	0	0	0	201386	192989	0	0	120457	383268	67331	0	0	0	0	0	1572858	0	0	0	0	0	0	0	0	0	19055683	0
FFQ	61	1430	0	0	0	0	0	0	0	0	0	0	0	0	232787	168831	0	0	0	206633	217670	0	0	132665	347527	71903	0	0	0	0	0	1481383	0	0	0	0	0	0	0	0	0	19097763	0
FFQ	62	403	0	0	0	0	0	0	0	0	0	0	0	0	148993	110852	0	0	0	138554	137957	0	0	86428	287661	50055	0	0	0	0	0	1344126	0	0	0	0	0	0	0	0	0	19645291	0
FFQ	63	1073	0	0	0	0	0	0	0	0	0	0	0	0	129077	98446	0	0	0	127550	129902	0	0	84209	253201	49742	0	0	0	0	0	1258133	0	0	0	0	0	0	0	0	0	19810721	0
FFQ	64	2359	0	0	0	0	0	0	0	0	0	0	0	0	118871	89391	0	0	0	120410	125813	0	0	84910	215261	47972	0	0	0	0	0	1221713	0	0	0	0	0	0	0	0	0	19906440	0
FFQ	65	633	0	0	0	0	0	0	0	0	0	0	0	0	105649	80995	0	0	0	110551	113138	0	0	77692	206440	42737	0	0	0	0	0	1170296	0	0	0	0	0	0	0	0	0	20015310	0
FFQ	66	488	0	0	0	0	0	0	0	0	0	0	0	0	102474	77100	0	0	0	107507	115452	0	0	81057	211220	42894	0	0	0	0	0	1168838	0	0	0	0	0	0	0	0	0	20007517	0
FFQ	67	564	0	0	0	0	0	0	0	0	0	0	0	0	102704	78798	0	0	0	112647	112684	0	0	78876	196256	42068	0	0	0	0	0	1137706	0	0	0	0	0	0	0	0	0	20043843	0
FFQ	68	36884	0	0	0	0	0	0	0	0	0	0	0	0	96526	73510	0	0	0	102992	109983	0	0	76814	182498	40472	0	0	0	0	0	1119297	0	0	0	0	0	0	0	0	0	20058794	0
FFQ	69	599	0	0	0	0	0	0	0	0	0	0	0	0	100976	77677	0	0	0	109585	113127	0	0	78934	191687	41931	0	0	0	0	0	1139324	0	0	0	0	0	0	0	0	0	20034493	0
FFQ	70	294	0	0	0	0	0	0	0	0	0	0	0	0	106683	80610	0	0	0	111423	112485	0	0	76294	233507	41387	0	0	0	0	0	1199691	0	0	0	0	0	0	0	0	0	19916745	0
FFQ	71	1713	0	0	0	0	0	0	0	0	0	0	0	0	138153	99888	0	0	0	138744	117837	0	0	71221	363689	43446	0	0	0	0	0	1417530	0	0	0	0	0	0	0	0	0	19477693	0
FFQ	72	2967	0	0	0	0	0	0	0	0	0	0	0	0	259757	185681	0	0	0	237997	217062	0	0	120892	489251	76657	0	0	0	0	0	1677049	0	0	0	0	0	0	0	0	0	18592792	0
FFQ	73	5500	0	0	0	0	0	0	0	0	0	0	0	0	495346	338822	0	0	0	561666	393463	0	0	219726	504474	185743	0	0	0	0	0	1960865	0	0	0	0	0	0	0	0	0	17185527	0
FFQ	74	245	0	0	0	0	0	0	0	0	0	0	0	0	456235	371833	0	0	0	457883	320603	0	0	169407	584408	123873	0	0	0	0	0	1975600	0	0	0	0	0	0	0	0	0	17382236	0
FFQ	75	353	0	0	0	0	0	0	0	0	0	0	0	0	409078	346418	0	0	0	455019	276226	0	0	144134	627321	112274	0	0	0	0	0	1978283	0	0	0	0	0	0	0	0	0	17483754	0
FFQ	76	261	0	0	0	0	0	0	0	0	0	0	0	0	337315	277306	0	0	0	364815	221825	0	0	115780	629254	87674	0	0	0	0	0	1955081	0	0	0	0	0	0	0	0	0	17833341	0
FFQ	77	494	0	0	0	0	0	0	0	0	0	0	0	0	346821	292324	0	0	0	376411	243942	0	0	129391	595754	95495	0	0	0	0	0	1979327	0	0	0	0	0	0	0	0	0	17752409	0
FFQ	78	2195	0	0	0	0	0	0	0	0	0	0	0	0	369334	319284	0	0	0	418592	282287	0	0	153042	550958	115948	0	0	0	0	0	1998325	0	0	0	0	0	0	0	0	0	17592156	0
FFQ	79	758	0	0	0	0	0	0	0	0	0	0	0	0	357983	310611	0	0	0	399685	266976	0	0	143488	553192	106905	0	0	0	0	0	1963309	0	0	0	0	0	0	0	0	0	17689250	0
FFQ	80	2135	0	0	0	0	0	0	0	0	0	0	0	0	328660	279588	0	0	0	362559	241187	0	0	130120	554013	94714	0	0	0	0	0	1942647	0	0	0	0	0	0	0	0	0	17846894	0
FFQ	81	5084	0	0	0	0	0	0	0	0	0	0	0	0	310764	261250	0	0	0	349168	238911	0	0	129780	515856	95952	0	0	0	0	0	1931943	0	0	0	0	0	0	0	0	0	17933974	0
FFQ	82	5622	0	0	0	0	0	0	0	0	0	0	0	0	286879	240116	0	0	0	311684	232042	0	0	130273	487611	91289	0	0	0	0	0	1915413	0	0	0	0	0	0	0	0	0	18061456	0
FFQ	83	362	0	0	0	0	0	0	0	0	0	0	0	0	274892	228879	0	0	0	294704	230363	0	0	130488	466233	89872	0	0	0	0	0	1887039	0	0	0	0	0	0	0	0	0	18148729	0
FFQ	84	252	0	0	0	0	0	0	0	0	0	0	0	0	255330	209752	0	0	0	272798	214876	0	0	122931	444526	85516	0	0	0	0	0	1856486	0	0	0	0	0	0	0	0	0	18277709	0
FFQ	85	137	0	0	0	0	0	0	0	0	0	0	0	0	256766	210051	0	0	0	269843	210591	0	0	118402	455128	81872	0	0	0	0	0	1872072	0	0	0	0	0	0	0	0	0	18252707	0
FFQ	86	344	0	0	0	0	0	0	0	0	0	0	0	0	264476	215767	0	0	0	281466	215283	0	0	121268	459989	86181	0	0	0	0	0	1894035	0	0	0	0	0	0	0	0	0	18176756	0
FFQ	87	170	0	0	0	0	0	0	0	0	0	0	0	0	294831	252608	0	0	0	324087	255319	0	0	145639	459783	103603	0	0	0	0	0	1963563	0	0	0	0	0	0	0	0	0	17904606	0
FFQ	88	443	0	0	0	0	0	0	0	0	0	0	0	0	289735	242898	0	0	0	312400	240391	0	0	135331	462513	97195	0	0	0	0	0	1962548	0	0	0	0	0	0	0	0	0	17949825	0
FFQ	89	142	0	0	0	0	0	0	0	0	0	0	0	0	288815	248434	0	0	0	296016	233756	0	0	128679	467806	88926	0	0	0	0	0	1943619	0	0	0	0	0	0	0	0	0	17985867	0
FFQ	90	272	0	0	0	0	0	0	0	0	0	0	0	0	272069	223752	0	0	0	287816	225634	0	0	128215	462097	90350	0	0	0	0	0	1976595	0	0	0	0	0	0	0	0	0	18003572	0
FFQ	91	336	0	0	0	0	0	0	0	0	0	0	0	0	269454	218544	0	0	0	287692	225877	0	0	129414	435795	91036	0	0	0	0	0	1969284	0	0	0	0	0	0	0	0	0	18031123	0
FFQ	92	18293	0	0	0	0	0	0	0	0	0	0	0	0	256498	204691	0	0	0	266615	222042	0	0	128384	422208	89548	0	0	0	0	0	1961521	0	0	0	0	0	0	0	0	0	18077170	0
FFQ	93	722	0	0	0	0	0	0	0	0	0	0	0	0	248946	198953	0	0	0	265168	215457	0	0	125574	407233	88541	0	0	0	0	0	1957288	0	0	0	0	0	0	0	0	0	18126887	0
FFQ	94	875	0	0	0	0	0	0	0	0	0	0	0	0	237078	185700	0	0	0	247534	204749	0	0	118970	405904	85857	0	0	0	0	0	1952320	0	0	0	0	0	0	0	0	0	18182564	0
FFQ	95	96	0	0	0	0	0	0	0	0	0	0	0	0	241063	185973	0	0	0	249066	207135	0	0	121152	406372	87210	0	0	0	0	0	1981093	0	0	0	0	0	0	0	0	0	18128838	0
FFQ	96	148	0	0	0	0	0	0	0	0	0	0	0	0	244187	192500	0	0	0	254475	210612	0	0	122950	413155	87906	0	0	0	0	0	2008937	0	0	0	0	0	0	0	0	0	18059587	0
FFQ	97	80	0	0	0	0	0	0	0	0	0	0	0	0	263177	222111	0	0	0	262352	230647	0	0	131216	417815	89713	0	0	0	0	0	2035317	0	0	0	0	0	0	0	0	0	17928739	0
FFQ	98	134	0	0	0	0	0	0	0	0	0	0	0	0	267711	215230	0	0	0	280991	231865	0	0	133412	422722	96583	0	0	0	0	0	2079657	0	0	0	0	0	0	0	0	0	17839791	0
FFQ	99	2213	0	0	0	0	0	0	0	0	0	0	0	0	267870	214703	0	0	0	278573	226103	0	0	129815	437315	93555	0	0	0	0	0	2105439	0	0	0	0	0	0	0	0	0	17799404	0
FFQ	100	1549	0	0	0	0	0	0	0	0	0	0	0	0	271191	210260	0	0	0	280148	219793	0	0	124605	438627	92251	0	0	0	0	0	2133436	0	0	0	0	0	0	0	0	0	17769841	0
FFQ	101	7313	0	0	0	0	0	0	0	0	0	0	0	0	275248	219426	0	0	0	284668	238309	0	0	135689	426207	97278	0	0	0	0	0	2153000	0	0	0	0	0	0	0	0	0	17690822	0
FFQ	102	244	0	0	0	0	0	0	0	0	0	0	0	0	284173	210644	0	0	0	284605	245817	0	0	142533	410566	104351	0	0	0	0	0	2160244	0	0	0	0	0	0	0	0	0	17670235	0
FFQ	103	899	0	0	0	0	0	0	0	0	0	0	0	0	243650	187036	0	0	0	248818	204043	0	0	117003	418999	87644	0	0	0	0	0	2144552	0	0	0	0	0	0	0	0	0	17846044	0
FFQ	104	277	0	0	0	0	0	0	0	0	0	0	0	0	240371	182430	0	0	0	248065	203160	0	0	119221	416601	91112	0	0	0	0	0	2163555	0	0	0	0	0	0	0	0	0	17819071	0
FFQ	105	1755	0	0	0	0	0	0	0	0	0	0	0	0	254623	191526	0	0	0	263347	214858	0	0	125015	389136	94583	0	0	0	0	0	2156529	0	0	0	0	0	0	0	0	0	17777326	0
FFQ	106	31225	0	0	0	0	0	0	0	0	0	0	0	0	237063	181770	0	0	0	246156	208217	0	0	123770	381233	92032	0	0	0	0	0	2174827	0	0	0	0	0	0	0	0	0	17777087	0
FFQ	107	184	0	0	0	0	0	0	0	0	0	0	0	0	244503	184692	0	0	0	255319	207884	0	0	122195	389449	90969	0	0	0	0	0	2199298	0	0	0	0	0	0	0	0	0	17742630	0
FFQ	108	131	0	0	0	0	0	0	0	0	0	0	0	0	241893	183781	0	0	0	248733	206186	0	0	119486	404217	89634	0	0	0	0	0	2236662	0	0	0	0	0	0	0	0	0	17689983	0
FFQ	109	186	0	0	0	0	0	0	0	0	0	0	0	0	253805	195019	0	0	0	257655	218402	0	0	126207	401057	93478	0	0	0	0	0	2287484	0	0	0	0	0	0	0	0	0	17571022	0
FFQ	110	189	0	0	0	0	0	0	0	0	0	0	0	0	264992	206026	0	0	0	270126	232241	0	0	134674	406208	98561	0	0	0	0	0	2332112	0	0	0	0	0	0	0	0	0	17442901	0
FFQ	111	408	0	0	0	0	0	0	0	0	0	0	0	0	269740	208637	0	0	0	273363	224230	0	0	128934	419181	97014	0	0	0	0	0	2364619	0	0	0	0	0	0	0	0	0	17384827	0
FFQ	112	170	0	0	0	0	0	0	0	0	0	0	0	0	277319	211087	0	0	0	279412	225851	0	0	128083	437317	97075	0	0	0	0	0	2426052	0	0	0	0	0	0	0	0	0	17271578	0
FFQ	113	62	0	0	0	0	0	0	0	0	0	0	0	0	295523	228779	0	0	0	296599	242038	0	0	135474	448751	103097	0	0	0	0	0	2490535	0	0	0	0	0	0	0	0	0	17095606	0
FFQ	114	71	0	0	0	0	0	0	0	0	0	0	0	0	309463	240281	0	5	0	309749	250217	0	0	139994	467489	107016	0	0	0	0	0	2554367	0	0	0	0	0	0	0	0	0	16939470	0
FFQ	115	71	0	0	0	0	0	0	0	0	0	0	0	0	330204	254700	0	12	0	331702	255328	0	2	139571	511439	110231	0	0	0	0	0	2646037	0	0	0	0	0	0	0	0	0	16720502	0
FFQ	116	122	0	0	0	0	0	0	0	0	0	0	0	0	453996	343872	0	96	0	443124	206573	0	1	95901	1217423	86573	0	0	0	0	0	3360359	0	0	0	0	0	0	0	0	0	15072489	0
FFQ	117	142	0	0	0	0	0	0	0	0	0	0	0	0	528985	425997	0	932	0	544382	259222	0	30	117488	1374521	105178	0	0	0	0	0	3852776	0	0	0	0	0	0	0	0	0	14050723	0
FFQ	118	1229	0	0	0	0	0	0	0	0	0	0	0	0	1642161	1714353	0	23373	0	1056970	1285296	0	1323	556702	733904	334008	0	0	0	0	0	2954607	0	0	0	0	0	0	0	0	0	10935230	0
FFQ	119	72541	0	0	0	0	0	0	0	0	0	0	0	0	519735	400837	0	522329	0	0	226956	0	33348	105317	1560675	19908	0	0	0	0	0	3482319	0	0	0	0	0	0	0	0	0	14274089	0
FFQ	120	91	0	0	0	0	0	0	0	0	0	0	0	0	513461	387614	0	505803	0	0	206372	0	29754	94204	1426971	18459	0	0	0	0	0	3242391	0	0	0	0	0	0	0	0	0	14771941	0
FFQ	121	583	0	0	0	0	0	0	0	0	0	0	0	0	582318	461454	0	485073	0	0	408120	0	74555	203851	812501	55123	0	0	0	0	0	3214042	0	0	0	0	0	0	0	0	0	14877866	0
FFQ	122	479	0	0	0	0	0	0	0	0	0	0	0	0	401449	303983	0	387382	0	0	272608	0	40774	143888	888776	29708	0	0	0	0	0	3271998	0	0	0	0	0	0	0	0	0	15411898	0
FFQ	123	52	0	0	0	0	0	0	0	0	0	0	0	0	397543	302382	0	385638	0	0	273294	0	43322	144196	826142	31854	0	0	0	0	0	3131691	0	0	0	0	0	0	0	0	0	15594345	0
FFQ	124	192	0	0	0	0	0	0	0	0	0	0	0	0	384101	287089	0	364658	0	0	274205	0	43145	146325	757247	32895	0	0	0	0	0	3209404	0	0	0	0	0	0	0	0	0	15607253	0
FFQ	125	68	0	0	0	0	0	0	0	0	0	0	0	0	405698	305718	0	384960	0	0	285325	0	46011	150907	803663	34917	0	0	0	0	0	3280898	0	0	0	0	0	0	0	0	0	15382908	0
FFQ	126	57	0	0	0	0	0	0	0	0	0	0	0	0	533328	401463	0	489870	0	0	251046	0	41154	116392	1321305	27474	0	0	0	0	0	3651875	0	0	0	0	0	0	0	0	0	14218191	0
FFQ	127	873	0	0	0	0	0	0	0	0	0	0	0	0	668309	531688	0	648793	0	0	224842	0	38146	93357	2254530	22150	0	0	0	0	0	4160708	0	0	0	0	0	0	0	0	0	12376520	0
FFQ	128	84	0	0	0	0	0	0	0	0	0	0	0	0	1734498	2000838	0	1452995	0	0	574205	0	96323	215706	2024228	49912	0	0	0	0	0	3726912	0	0	0	0	0	0	0	0	0	9094281	0
FFQ	129	903	0	0	0	0	0	0	0	0	0	0	0	0	1709165	2177100	0	1576182	0	0	408495	0	83766	148227	2694184	40205	0	0	0	0	0	3947118	0	0	0	0	0	0	0	0	0	8141703	0
FFQ	130	53	0	0	0	0	0	0	0	0	0	0	0	0	1688032	2355283	0	1764415	0	0	339050	0	78509	121401	3249628	36852	0	0	0	0	0	3925020	0	0	0	0	0	0	0	0	0	7330103	0
FFQ	131	109	0	0	0	0	0	0	0	0	0	0	0	0	1502455	1962924	0	1972907	0	0	363263	0	130691	134274	3147033	65693	0	0	0	0	0	4422809	0	0	0	0	0	0	0	0	0	7147383	0
FFQ	132	186	0	0	0	0	0	0	0	0	0	0	0	0	1276440	1737213	0	1600991	0	0	306615	0	100432	115542	3840111	56645	0	0	0	0	0	4746234	0	0	0	0	0	0	0	0	0	7030434	0
FFQ	133	964	0	0	0	0	0	0	0	0	0	0	0	0	1253902	1819359	0	1435716	0	0	342067	0	120682	132028	3575789	69946	0	0	0	0	0	4609210	0	0	0	0	0	0	0	0	0	7409884	0
FFQ	134	2289	0	0	0	0	0	0	0	0	0	0	0	0	1319431	1795357	0	1388531	0	0	375436	0	119474	148365	2936326	66658	0	0	0	0	0	4181181	0	0	0	0	0	0	0	0	0	8391138	0
FFQ	135	1199	0	0	0	0	0	0	0	0	0	0	0	0	1117390	1582985	0	1344630	0	0	383179	0	95758	154353	2496694	52528	0	0	0	0	0	3801415	0	0	0	0	0	0	0	0	0	9647696	0
FFQ	136	18896	0	0	0	0	0	0	0	0	0	0	0	0	1203209	1071916	0	1271251	0	0	310763	0	68675	129848	1951572	39015	0	0	0	0	0	3770974	0	0	0	0	0	0	0	0	0	10790480	0
FFQ	137	170423	0	0	0	0	0	0	0	0	0	0	0	0	869979	894182	0	975772	0	0	298871	0	55495	133841	1837684	33917	0	0	0	0	0	3827118	0	0	0	0	0	0	0	0	0	11475012	0
FFQ	138	1705	0	0	0	0	0	0	0	0	0	0	0	0	753741	766118	0	811824	0	0	289522	0	51169	136330	1784321	33309	0	0	0	0	0	3861343	0	0	0	0	0	0	0	0	0	12023089	0
FFQ	139	55811	0	0	0	0	0	0	0	0	0	0	0	0	645377	674910	0	702137	0	0	288002	0	54900	139327	1617474	36067	0	0	0	0	0	3836680	0	0	0	0	0	0	0	0	0	12388619	0
FFQ	140	176822	0	0	0	0	0	0	0	0	0	0	0	0	587059	627320	0	680529	0	0	313642	0	63826	153629	1358560	43149	0	0	0	0	0	3868875	0	0	0	0	0	0	0	0	0	12475742	0
FFQ	141	36576	0	0	0	0	0	0	0	0	0	0	0	0	580602	578743	0	643367	0	0	299731	0	63779	147282	1298198	43589	0	0	0	0	0	3913520	0	0	0	0	0	0	0	0	0	12620648	0
FFQ	142	190	0	0	0	0	0	0	0	0	0	0	0	0	525240	537595	0	660486	0	0	293428	0	65270	145447	1343816	44710	0	0	0	0	0	3970276	0	0	0	0	0	0	0	0	0	12456944	0
FFQ	143	107	0	0	0	0	0	0	0	0	0	0	0	0	532240	555572	0	631445	0	0	273138	0	62767	128217	1450192	41037	0	0	0	0	0	4078255	0	0	0	0	0	0	0	0	0	12131833	0
FFQ	144	48	0	0	0	0	0	0	0	0	0	0	0	0	581863	601795	0	667073	0	0	266495	0	63576	117123	1695052	39409	0	0	0	0	0	4263554	0	0	0	0	0	0	0	0	0	11317389	0
FFQ	145	15	0	0	0	0	0	0	0	0	0	0	0	0	829830	929092	0	883030	0	0	406782	0	88941	170770	1753032	53703	0	0	0	0	0	4138421	0	0	0	0	0	0	0	0	0	9713020	0
FFQ	146	113	0	0	0	0	0	0	0	0	0	0	0	0	766393	1047447	0	821261	0	0	397952	0	74734	163536	1829455	40934	0	0	0	0	0	3908145	0	0	0	0	0	0	0	0	0	8527180	0
FFQ	147	82	0	0	0	0	0	0	0	0	0	0	0	0	607037	974972	0	700329	0	0	312309	0	93341	311740	1678163	52830	0	0	0	0	0	4052585	0	0	0	0	0	0	0	0	0	8000663	0
FFQ	148	0	0	0	0	0	0	0	0	0	0	0	0	0	0	0	0	0	0	0	0	0	55222	4738881	54539	0	0	0	0	0	0	2358230	0	0	0	0	0	0	0	0	0	6730986	0
# Last Fragment Qualities. Use `grep ^LFQ | cut -f 2-` to extract this part.
# Columns correspond to qualities and rows to cycles. First column is the cycle number.
LFQ	1	0	0	0	0	0	0	0	0	0	0	0	0	0	0	0	0	0	0	0	0	0	0	85332	208494	51503	0	0	0	0	0	13918202	0	0	0	0	0	0	0	0	0	7889510	0
LFQ	2	113	0	0	0	0	0	0	0	0	0	0	0	0	8206	9141	0	0	0	23655	12948	0	0	8733	43831	21670	0	0	0	0	0	4909314	0	0	0	0	0	0	0	0	0	17115430	0
LFQ	3	210	0	0	0	0	0	0	0	0	0	0	0	0	7758	9694	0	0	0	13885	19765	0	0	16326	31645	15868	0	0	0	0	0	2806087	0	0	0	0	0	0	0	0	0	19231803	0
LFQ	4	639	0	0	0	0	0	0	0	0	0	0	0	0	17016	13504	0	0	0	14737	35184	0	0	30917	48405	12253	0	0	0	0	0	1760249	0	0	0	0	0	0	0	0	0	20220137	0
LFQ	5	6743	0	0	0	0	0	0	0	0	0	0	0	0	14811	12714	0	0	0	11701	32480	0	0	28725	42358	10431	0	0	0	0	0	883024	0	0	0	0	0	0	0	0	0	21110054	0
LFQ	6	359	0	0	0	0	0	0	0	0	0	0	0	0	17650	14186	0	0	0	14605	36674	0	0	32456	46547	12845	0	0	0	0	0	1124057	0	0	0	0	0	0	0	0	0	20853662	0
LFQ	7	349	0	0	0	0	0	0	0	0	0	0	0	0	13752	13840	0	0	0	13962	33399	0	0	30092	46496	14446	0	0	0	0	0	958398	0	0	0	0	0	0	0	0	0	21028307	0
LFQ	8	297	0	0	0	0	0	0	0	0	0	0	0	0	15942	14622	0	0	0	12566	37011	0	0	33559	54390	12445	0	0	0	0	0	1029134	0	0	0	0	0	0	0	0	0	20943075	0
LFQ	9	412	0	0	0	0	0	0	0	0	0	0	0	0	15753	15649	0	0	0	12384	37753	0	0	33882	54280	11595	0	0	0	0	0	664129	0	0	0	0	0	0	0	0	0	21307204	0
LFQ	10	9515	0	0	0	0	0	0	0	0	0	0	0	0	19929	15560	0	0	0	17680	43772	0	0	38353	51522	16601	0	0	0	0	0	665126	0	0	0	0	0	0	0	0	0	21274983	0
LFQ	11	1551	0	0	0	0	0	0	0	0	0	0	0	0	23330	17595	0	0	0	12796	46917	0	0	40354	66440	10197	0	0	0	0	0	771003	0	0	0	0	0	0	0	0	0	21162858	0
LFQ	12	2118	0	0	0	0	0	0	0	0	0	0	0	0	25690	21363	0	0	0	18354	56341	0	0	50363	76975	16283	0	0	0	0	0	807944	0	0	0	0	0	0	0	0	0	21077610	0
LFQ	13	309	0	0	0	0	0	0	0	0	0	0	0	0	27116	22555	0	0	0	20688	58189	0	0	51853	73321	17743	0	0	0	0	0	832927	0	0	0	0	0	0	0	0	0	21048340	0
LFQ	14	1059	0	0	0	0	0	0	0	0	0	0	0	0	30350	23974	0	0	0	26734	60585	0	0	51616	95094	20919	0	0	0	0	0	824372	0	0	0	0	0	0	0	0	0	21018338	0
LFQ	15	1005	0	0	0	0	0	0	0	0	0	0	0	0	36424	29567	0	0	0	30053	64130	0	0	52468	102652	19969	0	0	0	0	0	835971	0	0	0	0	0	0	0	0	0	20980802	0
LFQ	16	36586	0	0	0	0	0	0	0	0	0	0	0	0	46551	37807	0	0	0	41025	74847	0	0	58051	103779	22430	0	0	0	0	0	836622	0	0	0	0	0	0	0	0	0	20895343	0
LFQ	17	2071	0	0	0	0	0	0	0	0	0	0	0	0	56540	45173	0	0	0	53024	90489	0	0	71449	175314	32226	0	0	0	0	0	1027063	0	0	0	0	0	0	0	0	0	20599692	0
LFQ	18	13297	0	0	0	0	0	0	0	0	0	0	0	0	67074	53095	0	0	0	65342	98522	0	0	73966	180864	37312	0	0	0	0	0	1018774	0	0	0	0	0	0	0	0	0	20544795	0
LFQ	19	102852	0	0	0	0	0	0	0	0	0	0	0	0	68852	54532	0	0	0	58226	95159	0	0	68986	138182	32170	0	0	0	0	0	983817	0	0	0	0	0	0	0	0	0	20550265	0
LFQ	20	561	0	0	0	0	0	0	0	0	0	0	0	0	78072	58309	0	0	0	68140	100135	0	0	69716	179878	36386	0	0	0	0	0	1014707	0	0	0	0	0	0	0	0	0	20547137	0
LFQ	21	7709	0	0	0	0	0	0	0	0	0	0	0	0	76959	62605	0	0	0	71884	105678	0	0	76752	204376	38829	0	0	0	0	0	1073082	0	0	0	0	0	0	0	0	0	20435167	0
LFQ	22	882	0	0	0	0	0	0	0	0	0	0	0	0	81707	66417	0	0	0	78062	109731	0	0	78108	188755	40897	0	0	0	0	0	1152962	0	0	0	0	0	0	0	0	0	20355520	0
LFQ	23	36808	0	0	0	0	0	0	0	0	0	0	0	0	86326	70327	0	0	0	82477	113218	0	0	79739	172837	41298	0	0	0	0	0	1081189	0	0	0	0	0	0	0	0	0	20388822	0
LFQ	24	29881	0	0	0	0	0	0	0	0	0	0	0	0	94528	72722	0	0	0	96242	123492	0	0	85669	169283	51352	0	0	0	0	0	1068237	0	0	0	0	0	0	0	0	0	20361635	0
LFQ	25	617	0	0	0	0	0	0	0	0	0	0	0	0	83187	68364	0	0	0	81925	108333	0	0	76066	182389	40013	0	0	0	0	0	1044103	0	0	0	0	0	0	0	0	0	20468044	0
LFQ	26	212	0	0	0	0	0	0	0	0	0	0	0	0	82637	67918	0	0	0	79693	107297	0	0	75729	177199	40131	0	0	0	0	0	1063296	0	0	0	0	0	0	0	0	0	20458929	0
LFQ	27	600	0	0	0	0	0	0	0	0	0	0	0	0	81390	65953	0	0	0	78285	106644	0	0	75519	161022	38726	0	0	0	0	0	1056993	0	0	0	0	0	0	0	0	0	20487909	0
LFQ	28	789	0	0	0	0	0	0	0	0	0	0	0	0	85293	74033	0	0	0	95871	115356	0	0	80831	158116	42980	0	0	0	0	0	1040916	0	0	0	0	0	0	0	0	0	20458856	0
LFQ	29	259	0	0	0	0	0	0	0	0	0	0	0	0	86862	69245	0	0	0	85316	105233	0	0	74647	238225	37380	0	0	0	0	0	1109431	0	0	0	0	0	0	0	0	0	20346443	0
LFQ	30	1469	0	0	0	0	0	0	0	0	0	0	0	0	95220	76448	0	0	0	101286	106728	0	0	73711	242964	39016	0	0	0	0	0	1099958	0	0	0	0	0	0	0	0	0	20316241	0
LFQ	31	119447	0	0	0	0	0	0	0	0	0	0	0	0	114598	99104	0	0	0	146538	147689	0	0	97604	210186	52115	0	0	0	0	0	1113228	0	0	0	0	0	0	0	0	0	20052532	0
LFQ	32	1283	0	0	0	0	0	0	0	0	0	0	0	0	117705	97456	0	0	0	126644	134789	0	0	92755	259277	46968	0	0	0	0	0	1185711	0	0	0	0	0	0	0	0	0	20090453	0
LFQ	33	38293	0	0	0	0	0	0	0	0	0	0	0	0	120374	101263	0	0	0	126521	139567	0	0	94521	281730	48701	0	0	0	0	0	1194991	0	0	0	0	0	0	0	0	0	20007080	0
LFQ	34	1796	0	0	0	0	0	0	0	0	0	0	0	0	118860	99250	0	0	0	122998	133728	0	0	89684	240022	48452	0	0	0	0	0	1239176	0	0	0	0	0	0	0	0	0	20059075	0
LFQ	35	22122	0	0	0	0	0	0	0	0	0	0	0	0	119262	97911	0	0	0	124868	131940	0	0	87198	243727	48355	0	0	0	0	0	1193167	0	0	0	0	0	0	0	0	0	20084491	0
LFQ	36	143	0	0	0	0	0	0	0	0	0	0	0	0	132507	108150	0	0	0	142983	149540	0	0	99084	242620	52765	0	0	0	0	0	1212235	0	0	0	0	0	0	0	0	0	20013014	0
LFQ	37	456	0	0	0	0	0	0	0	0	0	0	0	0	138500	111129	0	0	0	137449	148122	0	0	95520	249096	51554	0	0	0	0	0	1177431	0	0	0	0	0	0	0	0	0	20037223	0
LFQ	38	12719	0	0	0	0	0	0	0	0	0	0	0	0	133561	110455	0	0	0	147089	146331	0	0	95941	229277	52757	0	0	0	0	0	1178239	0	0	0	0	0	0	0	0	0	20033072	0
LFQ	39	104	0	0	0	0	0	0	0	0	0	0	0	0	125105	101494	0	0	0	127561	132716	0	0	89000	241197	46996	0	0	0	0	0	1177254	0	0	0	0	0	0	0	0	0	20090860	0
LFQ	40	229	0	0	0	0	0	0	0	0	0	0	0	0	134055	109904	0	0	0	134449	140774	0	0	93947	245041	47736	0	0	0	0	0	1170128	0	0	0	0	0	0	0	0	0	20047743	0
LFQ	41	1615	0	0	0	0	0	0	0	0	0	0	0	0	134632	107926	0	0	0	138650	143088	0	0	93516	257338	48216	0	0	0	0	0	1190257	0	0	0	0	0	0	0	0	0	20001586	0
LFQ	42	10203	0	0	0	0	0	0	0	0	0	0	0	0	151725	120613	0	0	0	147930	155585	0	0	99288	268510	51990	0	0	0	0	0	1196016	0	0	0	0	0	0	0	0	0	19907918	0
LFQ	43	16381	0	0	0	0	0	0	0	0	0	0	0	0	153019	125452	0	0	0	162756	162239	0	0	105928	265589	57519	0	0	0	0	0	1234904	0	0	0	0	0	0	0	0	0	19818925	0
LFQ	44	17690	0	0	0	0	0	0	0	0	0	0	0	0	149794	121238	0	0	0	152616	158827	0	0	103827	274547	55252	0	0	0	0	0	1229463	0	0	0	0	0	0	0	0	0	19832497	0
LFQ	45	125	0	0	0	0	0	0	0	0	0	0	0	0	146453	117481	0	0	0	149178	150243	0	0	96409	273137	53074	0	0	0	0	0	1219957	0	0	0	0	0	0	0	0	0	19882154	0
LFQ	46	109	0	0	0	0	0	0	0	0	0	0	0	0	155643	122685	0	0	0	154048	159557	0	0	100937	262357	55830	0	0	0	0	0	1214372	0	0	0	0	0	0	0	0	0	19855201	0
LFQ	47	300	0	0	0	0	0	0	0	0	0	0	0	0	147198	118880	0	0	0	148845	148417	0	0	95879	267634	50588	0	0	0	0	0	1230224	0	0	0	0	0	0	0	0	0	19865443	0
LFQ	48	295	0	0	0	0	0	0	0	0	0	0	0	0	155001	126912	0	0	0	155844	155866	0	0	99082	282030	52565	0	0	0	0	0	1254581	0	0	0	0	0	0	0	0	0	19784193	0
LFQ	49	275	0	0	0	0	0	0	0	0	0	0	0	0	170423	142605	0	0	0	178839	175682	0	0	111834	341115	60577	0	0	0	0	0	1354447	0	0	0	0	0	0	0	0	0	19523635	0
LFQ	50	614	0	0	0	0	0	0	0	0	0	0	0	0	185434	158904	0	0	0	202024	179159	0	0	114429	339520	61966	0	0	0	0	0	1356206	0	0	0	0	0	0	0	0	0	19453862	0
LFQ	51	22876	0	0	0	0	0	0	0	0	0	0	0	0	180833	148404	0	0	0	291961	179170	0	0	110575	296028	61772	0	0	0	0	0	1312153	0	0	0	0	0	0	0	0	0	19441209	0
LFQ	52	323	0	0	0	0	0	0	0	0	0	0	0	0	181245	142012	0	0	0	196156	159677	0	0	99908	368540	54404	0	0	0	0	0	1347154	0	0	0	0	0	0	0	0	0	19488240	0
LFQ	53	1590	0	0	0	0	0	0	0	0	0	0	0	0	180364	147512	0	0	0	192864	155078	0	0	97232	388007	52707	0	0	0	0	0	1354732	0	0	0	0	0	0	0	0	0	19459338	0
LFQ	54	38411	0	0	0	0	0	0	0	0	0	0	0	0	186527	145848	0	0	0	240200	173304	0	0	106715	316637	58296	0	0	0	0	0	1355407	0	0	0	0	0	0	0	0	0	19399173	0
LFQ	55	99	0	0	0	0	0	0	0	0	0	0	0	0	200609	165058	0	0	0	226427	193109	0	0	122587	337446	61481	0	0	0	0	0	1392809	0	0	0	0	0	0	0	0	0	19312164	0
LFQ	56	4574	0	0	0	0	0	0	0	0	0	0	0	0	181587	144570	0	0	0	191138	164642	0	0	104457	381379	55542	0	0	0	0	0	1384825	0	0	0	0	0	0	0	0	0	19391173	0
LFQ	57	541	0	0	0	0	0	0	0	0	0	0	0	0	183471	146260	0	0	0	196963	166137	0	0	103108	338880	57306	0	0	0	0	0	1389781	0	0	0	0	0	0	0	0	0	19413778	0
LFQ	58	54035	0	0	0	0	0	0	0	0	0	0	0	0	185171	146442	0	0	0	188673	174019	0	0	106770	316465	58453	0	0	0	0	0	1382619	0	0	0	0	0	0	0	0	0	19376211	0
LFQ	59	82	0	0	0	0	0	0	0	0	0	0	0	0	199660	161737	0	0	0	207285	182698	0	0	112284	353305	61808	0	0	0	0	0	1438947	0	0	0	0	0	0	0	0	0	19263240	0
LFQ	60	109	0	0	0	0	0	0	0	0	0	0	0	0	209678	170745	0	0	0	214606	199774	0	0	122018	380519	66962	0	0	0	0	0	1480400	0	0	0	0	0	0	0	0	0	19128547	0
LFQ	61	360	0	0	0	0	0	0	0	0	0	0	0	0	218718	180265	0	0	0	226549	207286	0	0	126476	359486	70465	0	0	0	0	0	1517311	0	0	0	0	0	0	0	0	0	19058719	0
LFQ	62	20796	0	0	0	0	0	0	0	0	0	0	0	0	210905	171838	0	0	0	217015	195784	0	0	118401	363752	65863	0	0	0	0	0	1507018	0	0	0	0	0	0	0	0	0	19086627	0
LFQ	63	162	0	0	0	0	0	0	0	0	0	0	0	0	212162	171456	0	0	0	217696	189347	0	0	114046	367197	63418	0	0	0	0	0	1481515	0	0	0	0	0	0	0	0	0	19133234	0
LFQ	64	10916	0	0	0	0	0	0	0	0	0	0	0	0	214534	171368	0	0	0	218318	192530	0	0	115996	378362	64666	0	0	0	0	0	1506642	0	0	0	0	0	0	0	0	0	19068584	0
LFQ	65	103	0	0	0	0	0	0	0	0	0	0	0	0	230244	184985	0	0	0	235960	198729	0	0	119520	442048	66915	0	0	0	0	0	1598118	0	0	0	0	0	0	0	0	0	18856283	0
LFQ	66	3089	0	0	0	0	0	0	0	0	0	0	0	0	248934	207582	0	0	0	273515	205606	0	0	120839	446322	70197	0	0	0	0	0	1617911	0	0	0	0	0	0	0	0	0	18730822	0
LFQ	67	71261	0	0	0	0	0	0	0	0	0	0	0	0	262698	247179	0	0	0	309894	241726	0	0	139070	393566	86939	0	0	0	0	0	1603702	0	0	0	0	0	0	0	0	0	18561202	0
LFQ	68	8987	0	0	0	0	0	0	0	0	0	0	0	0	257248	206071	0	0	0	266171	204883	0	0	120083	434363	72341	0	0	0	0	0	1617717	0	0	0	0	0	0	0	0	0	18721740	0
LFQ	69	572	0	0	0	0	0	0	0	0	0	0	0	0	241576	194309	0	0	0	251421	199058	0	0	117331	453592	69483	0	0	0	0	0	1631511	0	0	0	0	0	0	0	0	0	18742159	0
LFQ	70	53	0	0	0	0	0	0	0	0	0	0	0	0	237605	193181	0	0	0	249273	205329	0	0	121915	413815	72679	0	0	0	0	0	1672440	0	0	0	0	0	0	0	0	0	18726228	0
LFQ	71	62	0	0	0	0	0	0	0	0	0	0	0	0	243854	193312	0	0	0	253284	207542	0	0	122825	420719	73434	0	0	0	0	0	1674845	0	0	0	0	0	0	0	0	0	18694238	0
LFQ	72	787	0	0	0	0	0	0	0	0	0	0	0	0	253504	204338	0	0	0	271722	208002	0	0	123582	422986	74607	0	0	0	0	0	1676230	0	0	0	0	0	0	0	0	0	18639354	0
LFQ	73	25299	0	0	0	0	0	0	0	0	0	0	0	0	258457	210696	0	0	0	278111	220396	0	0	130017	416863	78351	0	0	0	0	0	1669735	0	0	0	0	0	0	0	0	0	18579439	0
LFQ	74	121	0	0	0	0	0	0	0	0	0	0	0	0	269908	212055	0	0	0	288013	218205	0	0	127003	423945	81215	0	0	0	0	0	1681672	0	0	0	0	0	0	0	0	0	18557499	0
LFQ	75	34	0	0	0	0	0	0	0	0	0	0	0	0	260731	211472	0	0	0	273116	215594	0	0	126976	444866	77047	0	0	0	0	0	1721663	0	0	0	0	0	0	0	0	0	18519899	0
LFQ	76	59	0	0	0	0	0	0	0	0	0	0	0	0	260047	211869	0	0	0	274975	214570	0	0	124723	441804	77174	0	0	0	0	0	1739236	0	0	0	0	0	0	0	0	0	18497919	0
LFQ	77	285	0	0	0	0	0	0	0	0	0	0	0	0	271157	220552	0	0	0	297264	218920	0	0	128186	460835	80099	0	0	0	0	0	1777419	0	0	0	0	0	0	0	0	0	18378544	0
LFQ	78	12879	0	0	0	0	0	0	0	0	0	0	0	0	280684	228743	0	0	0	307575	214603	0	0	123866	521741	78002	0	0	0	0	0	1831700	0	0	0	0	0	0	0	0	0	18224626	0
LFQ	79	34892	0	0	0	0	0	0	0	0	0	0	0	0	314341	256854	0	0	0	349749	232029	0	0	133611	509576	89136	0	0	0	0	0	1846515	0	0	0	0	0	0	0	0	0	18049306	0
LFQ	80	71795	0	0	0	0	0	0	0	0	0	0	0	0	331164	279568	0	0	0	390092	259438	0	0	145883	496430	98931	0	0	0	0	0	1887322	0	0	0	0	0	0	0	0	0	17847267	0
LFQ	81	230	0	0	0	0	0	0	0	0	0	0	0	0	324814	264044	0	0	0	354029	222688	0	0	125305	649675	80551	0	0	0	0	0	2004044	0	0	0	0	0	0	0	0	0	17774393	0
LFQ	82	857	0	0	0	0	0	0	0	0	0	0	0	0	365209	294930	0	0	0	450894	230548	0	0	130326	596528	84637	0	0	0	0	0	2005738	0	0	0	0	0	0	0	0	0	17631465	0
LFQ	83	92528	0	0	0	0	0	0	0	0	0	0	0	0	346859	272711	0	0	0	495112	253346	0	0	141528	546528	91872	0	0	0	0	0	2057371	0	0	0	0	0	0	0	0	0	17484665	0
LFQ	84	656	0	0	0	0	0	0	0	0	0	0	0	0	357801	291707	0	0	0	413904	230065	0	0	129702	588176	88245	0	0	0	0	0	2066302	0	0	0	0	0	0	0	0	0	17606425	0
LFQ	85	54977	0	0	0	0	0	0	0	0	0	0	0	0	340429	285538	0	0	0	390561	250685	0	0	140005	608548	97814	0	0	0	0	0	2046796	0	0	0	0	0	0	0	0	0	17547083	0
LFQ	86	18602	0	0	0	0	0	0	0	0	0	0	0	0	325013	263202	0	0	0	358072	235105	0	0	132847	533034	90992	0	0	0	0	0	2082924	0	0	0	0	0	0	0	0	0	17712779	0
LFQ	87	52	0	0	0	0	0	0	0	0	0	0	0	0	315850	257664	0	0	0	343478	230926	0	0	131615	532709	89575	0	0	0	0	0	2065201	0	0	0	0	0	0	0	0	0	17776619	0
LFQ	88	125	0	0	0	0	0	0	0	0	0	0	0	0	310306	251606	0	0	0	335785	231127	0	0	131502	505290	89894	0	0	0	0	0	2066013	0	0	0	0	0	0	0	0	0	17813580	0
LFQ	89	6013	0	0	0	0	0	0	0	0	0	0	0	0	312376	253940	0	0	0	341918	229923	0	0	131176	507737	89515	0	0	0	0	0	2054943	0	0	0	0	0	0	0	0	0	17799029	0
LFQ	90	197	0	0	0	0	0	0	0	0	0	0	0	0	328742	268236	0	0	0	361814	230609	0	0	129196	629054	89074	0	0	0	0	0	2181941	0	0	0	0	0	0	0	0	0	17498920	0
LFQ	91	1930	0	0	0	0	0	0	0	0	0	0	0	0	367367	307356	0	0	0	430413	232217	0	0	127784	623647	91335	0	0	0	0	0	2207270	0	0	0	0	0	0	0	0	0	17319813	0
LFQ	92	170197	0	0	0	0	0	0	0	0	0	0	0	0	394287	346236	0	0	0	488887	276012	0	0	150856	629758	110179	0	0	0	0	0	2254375	0	0	0	0	0	0	0	0	0	16879491	0
LFQ	93	16689	0	0	0	0	0	0	0	0	0	0	0	0	430671	363678	0	0	0	513055	247659	0	0	133359	694752	96602	0	0	0	0	0	2321254	0	0	0	0	0	0	0	0	0	16873493	0
LFQ	94	78250	0	0	0	0	0	0	0	0	0	0	0	0	420776	381593	0	0	0	557337	277502	0	0	148928	711691	112956	0	0	0	0	0	2362020	0	0	0	0	0	0	0	0	0	16629857	0
LFQ	95	15238	0	0	0	0	0	0	0	0	0	0	0	0	446576	359710	0	0	0	516958	243064	0	0	132520	647183	98872	0	0	0	0	0	2369282	0	0	0	0	0	0	0	0	0	16841380	0
LFQ	96	31182	0	0	0	0	0	0	0	0	0	0	0	0	388483	309793	0	0	0	542335	240772	0	0	130339	634287	95256	0	0	0	0	0	2371668	0	0	0	0	0	0	0	0	0	16916608	0
LFQ	97	25	0	0	0	0	0	0	0	0	0	0	0	0	395454	325307	0	0	0	440847	239727	0	0	132309	639049	96931	0	0	0	0	0	2405106	0	0	0	0	0	0	0	0	0	16976031	0
LFQ	98	1042	0	0	0	0	0	0	0	0	0	0	0	0	390644	315096	0	0	0	425183	257080	0	0	141955	656515	105262	0	0	0	0	0	2399516	0	0	0	0	0	0	0	0	0	16948837	0
LFQ	99	502	0	0	0	0	0	0	0	0	0	0	0	0	401551	325236	0	0	0	438105	260889	0	0	141291	605619	108332	0	0	0	0	0	2400687	0	0	0	0	0	0	0	0	0	16949744	0
LFQ	100	451	0	0	0	0	0	0	0	0	0	0	0	0	395192	325511	0	0	0	433176	246655	0	0	133954	689836	101187	0	0	0	0	0	2482342	0	0	0	0	0	0	0	0	0	16814542	0
LFQ	101	1265	0	0	0	0	0	0	0	0	0	0	0	0	435845	363341	0	0	0	494215	253746	0	0	137233	672547	102672	0	0	0	0	0	2467207	0	0	0	0	0	0	0	0	0	16685592	0
LFQ	102	127085	0	0	0	0	0	0	0	0	0	0	0	0	447394	384746	0	0	0	516067	291721	0	0	152233	636039	110693	0	0	0	0	0	2488134	0	0	0	0	0	0	0	0	0	16449609	0
LFQ	103	10326	0	0	0	0	0	0	0	0	0	0	0	0	462101	386087	0	0	0	514204	267082	0	0	140936	695319	108679	0	0	0	0	0	2567593	0	0	0	0	0	0	0	0	0	16441510	0
LFQ	104	20715	0	0	0	0	0	0	0	0	0	0	0	0	466532	392568	0	0	0	504723	283308	0	0	148320	784563	110338	0	0	0	0	0	2645254	0	0	0	0	0	0	0	0	0	16227689	0
LFQ	105	2310	0	0	0	0	0	0	0	0	0	0	0	0	472773	399050	0	0	0	523722	272907	0	0	141661	727675	115094	0	0	0	0	0	2713410	0	0	0	0	0	0	0	0	0	16205868	0
LFQ	106	33459	0	0	0	0	0	0	0	0	0	0	0	0	490344	418023	0	0	0	556365	301376	0	0	156659	702083	125934	0	0	0	0	0	2714207	0	0	0	0	0	0	0	0	0	16066338	0
LFQ	107	625	0	0	0	0	0	0	0	0	0	0	0	0	482438	399968	0	0	0	523276	273834	0	0	141438	727390	112311	0	0	0	0	0	2710711	0	0	0	0	0	0	0	0	0	16182526	0
LFQ	108	5011	0	0	0	0	0	0	0	0	0	0	0	0	482393	390740	0	0	0	545021	279965	0	0	143663	727057	116053	0	0	0	0	0	2735700	0	0	0	0	0	0	0	0	0	16118419	0
LFQ	109	7705	0	0	0	0	0	0	0	0	0	0	0	0	484056	403471	0	0	0	517959	283817	0	0	147422	708153	118267	0	0	0	0	0	2765892	0	0	0	0	0	0	0	0	0	16097035	0
LFQ	110	17	0	0	0	0	0	0	0	0	0	0	0	0	503526	407143	0	0	0	532674	290375	0	0	148640	730192	121742	0	0	0	0	0	2810253	0	0	0	0	0	0	0	0	0	15979249	0
LFQ	111	19	0	0	0	0	0	0	0	0	0	0	0	0	494077	409564	0	0	0	521402	284832	0	0	144551	759050	116146	0	0	0	0	0	2852560	0	0	0	0	0	0	0	0	0	15931585	0
LFQ	112	109	0	0	0	0	0	0	0	0	0	0	0	0	526996	438580	0	0	0	555062	297822	0	0	149862	767020	124396	0	0	0	0	0	2930575	0	0	0	0	0	0	0	0	0	15713478	0
LFQ	113	6286	0	0	0	0	0	0	0	0	0	0	0	0	545653	457095	0	0	0	579437	309943	0	0	155355	775554	129168	0	0	0	0	0	2979911	0	0	0	0	0	0	0	0	0	15555562	0
LFQ	114	26	0	0	0	0	0	0	0	0	0	0	0	0	562178	474652	0	0	0	608594	314964	0	0	156679	799928	131115	0	0	0	0	0	3046322	0	0	0	0	0	0	0	0	0	15389062	0
LFQ	115	2135	0	0	0	0	0	0	0	0	0	0	0	0	569094	472557	0	6	0	597756	308647	0	0	154232	851829	127995	0	0	0	0	0	3099129	0	0	0	0	0	0	0	0	0	15289867	0
LFQ	116	400	0	0	0	0	0	0	0	0	0	0	0	0	599925	488018	0	66	0	660957	305190	0	3	150590	827663	128995	0	0	0	0	0	3100256	0	0	0	0	0	0	0	0	0	15200608	0
LFQ	117	34034	0	0	0	0	0	0	0	0	0	0	0	0	577650	470868	0	751	0	662140	306449	0	37	150005	835699	128054	0	0	0	0	0	3183610	0	0	0	0	0	0	0	0	0	15101958	0
LFQ	118	114	0	0	0	0	0	0	0	0	0	0	0	0	619791	517635	0	20902	0	628846	327940	0	1483	160926	860636	133241	0	0	0	0	0	3248084	0	0	0	0	0	0	0	0	0	14920257	0
LFQ	119	18	0	0	0	0	0	0	0	0	0	0	0	0	624746	520199	0	638312	0	0	333158	0	56332	162835	1077442	37984	0	0	0	0	0	3241008	0	0	0	0	0	0	0	0	0	14735888	0
LFQ	120	190	0	0	0	0	0	0	0	0	0	0	0	0	625956	516884	0	636886	0	0	323771	0	54490	155534	1091088	36065	0	0	0	0	0	3308114	0	0	0	0	0	0	0	0	0	14668081	0
LFQ	121	204	0	0	0	0	0	0	0	0	0	0	0	0	652679	539591	0	664528	0	0	330459	0	55513	158235	1142649	37116	0	0	0	0	0	3344909	0	0	0	0	0	0	0	0	0	14480493	0
LFQ	122	13520	0	0	0	0	0	0	0	0	0	0	0	0	671781	549734	0	698135	0	0	335138	0	56706	161281	1124034	38174	0	0	0	0	0	3405449	0	0	0	0	0	0	0	0	0	14341612	0
LFQ	123	83308	0	0	0	0	0	0	0	0	0	0	0	0	687160	566831	0	713002	0	0	359843	0	62689	172569	1093125	42429	0	0	0	0	0	3422271	0	0	0	0	0	0	0	0	0	14181453	0
LFQ	124	2131	0	0	0	0	0	0	0	0	0	0	0	0	660105	542093	0	672503	0	0	323938	0	54018	155912	1192501	36708	0	0	0	0	0	3517742	0	0	0	0	0	0	0	0	0	14215965	0
LFQ	125	39	0	0	0	0	0	0	0	0	0	0	0	0	667641	554365	0	683551	0	0	330678	0	55961	157438	1248759	38056	0	0	0	0	0	3576455	0	0	0	0	0	0	0	0	0	14048930	0
LFQ	126	2178	0	0	0	0	0	0	0	0	0	0	0	0	671227	542583	0	733142	0	0	338643	0	58220	162853	1209442	39748	0	0	0	0	0	3702887	0	0	0	0	0	0	0	0	0	13888284	0
LFQ	127	30024	0	0	0	0	0	0	0	0	0	0	0	0	702446	570136	0	703374	0	0	345289	0	59243	165669	1272514	40440	0	0	0	0	0	3843713	0	0	0	0	0	0	0	0	0	13604072	0
LFQ	128	102	0	0	0	0	0	0	0	0	0	0	0	0	723340	589519	0	734058	0	0	362712	0	63857	173983	1396378	43221	0	0	0	0	0	4061943	0	0	0	0	0	0	0	0	0	13175533	0
LFQ	129	919	0	0	0	0	0	0	0	0	0	0	0	0	762041	616854	0	809799	0	0	363316	0	65363	174993	1476496	43466	0	0	0	0	0	4400354	0	0	0	0	0	0	0	0	0	12598323	0
LFQ	130	71668	0	0	0	0	0	0	0	0	0	0	0	0	739034	604307	0	855365	0	0	379011	0	76947	182523	1549333	50841	0	0	0	0	0	5002851	0	0	0	0	0	0	0	0	0	11786966	0
LFQ	131	32576	0	0	0	0	0	0	0	0	0	0	0	0	764057	629087	0	891731	0	0	387873	0	101260	189401	1761501	68688	0	0	0	0	0	5772568	0	0	0	0	0	0	0	0	0	10686166	0
LFQ	132	4032	0	0	0	0	0	0	0	0	0	0	0	0	727623	603269	0	901561	0	0	380700	0	129106	185618	2002851	92222	0	0	0	0	0	6360982	0	0	0	0	0	0	0	0	0	9874116	0
LFQ	133	248	0	0	0	0	0	0	0	0	0	0	0	0	725711	612074	0	920922	0	0	381078	0	144193	184974	1910980	105037	0	0	0	0	0	6040119	0	0	0	0	0	0	0	0	0	10205890	0
LFQ	134	2598	0	0	0	0	0	0	0	0	0	0	0	0	703630	589669	0	836806	0	0	366727	0	116582	176529	1607680	81874	0	0	0	0	0	4924756	0	0	0	0	0	0	0	0	0	11794449	0
LFQ	135	8066	0	0	0	0	0	0	0	0	0	0	0	0	704864	580184	0	760664	0	0	358722	0	83994	171477	1355562	56492	0	0	0	0	0	4184773	0	0	0	0	0	0	0	0	0	12898229	0
LFQ	136	109	0	0	0	0	0	0	0	0	0	0	0	0	677435	562086	0	688024	0	0	341029	0	66894	163078	1253230	45087	0	0	0	0	0	3998807	0	0	0	0	0	0	0	0	0	13326666	0
LFQ	137	10234	0	0	0	0	0	0	0	0	0	0	0	0	678500	559937	0	674044	0	0	339765	0	64605	161626	1207966	44047	0	0	0	0	0	3979536	0	0	0	0	0	0	0	0	0	13358577	0
LFQ	138	1815	0	0	0	0	0	0	0	0	0	0	0	0	684131	566157	0	678674	0	0	342542	0	66165	162836	1188781	45082	0	0	0	0	0	4022481	0	0	0	0	0	0	0	0	0	13273045	0
LFQ	139	79	0	0	0	0	0	0	0	0	0	0	0	0	694132	576764	0	685352	0	0	346537	0	68016	163124	1196167	47109	0	0	0	0	0	4060489	0	0	0	0	0	0	0	0	0	13140659	0
LFQ	140	516	0	0	0	0	0	0	0	0	0	0	0	0	693894	567093	0	689897	0	0	337238	0	67583	158765	1224080	46592	0	0	0	0	0	4121075	0	0	0	0	0	0	0	0	0	12999563	0
LFQ	141	9463	0	0	0	0	0	0	0	0	0	0	0	0	689283	565852	0	694986	0	0	330044	0	67991	154166	1243657	46808	0	0	0	0	0	4179199	0	0	0	0	0	0	0	0	0	12817134	0
LFQ	142	970	0	0	0	0	0	0	0	0	0	0	0	0	719668	591713	0	736259	0	0	345503	0	72770	159660	1290153	49435	0	0	0	0	0	4265737	0	0	0	0	0	0	0	0	0	12417094	0
LFQ	143	145	0	0	0	0	0	0	0	0	0	0	0	0	799633	655747	0	823611	0	0	275686	0	60468	114860	1916567	36778	0	0	0	0	0	4440375	0	0	0	0	0	0	0	0	0	11396953	0
LFQ	144	8760	0	0	0	0	0	0	0	0	0	0	0	0	837409	681653	0	926361	0	0	292002	0	70008	122070	1975298	42053	0	0	0	0	0	4606872	0	0	0	0	0	0	0	0	0	10752593	0
LFQ	145	1715	0	0	0	0	0	0	0	0	0	0	0	0	1490179	1821085	0	1284814	0	0	808503	0	204672	314807	1337347	119226	0	0	0	0	0	3848279	0	0	0	0	0	0	0	0	0	8576202	0
LFQ	146	6019	0	0	0	0	0	0	0	0	0	0	0	0	741289	616010	0	760678	0	0	279905	0	52680	119098	1924251	29365	0	0	0	0	0	4436248	0	0	0	0	0	0	0	0	0	9903025	0
LFQ	147	11816	0	0	0	0	0	0	0	0	0	0	0	0	580101	513611	0	689551	0	0	237180	0	70333	209092	1701030	41471	0	0	0	0	0	4540776	0	0	0	0	0	0	0	0	0	9835728	0
LFQ	148	0	0	0	0	0	0	0	0	0	0	0	0	0	0	0	0	0	0	0	0	0	52605	4661990	71114	0	0	0	0	0	0	2827680	0	0	0	0	0	0	0	0	0	8512429	0
# GC Content of first fragments. Use `grep ^GCF | cut -f 2-` to extract this part.
GCF	0.25	27
GCF	0.75	39
GCF	1.26	32
GCF	1.76	29
GCF	2.26	28
GCF	2.76	21
GCF	3.27	26
GCF	3.77	22
GCF	4.27	20
GCF	4.77	26
GCF	5.28	34
GCF	5.78	38
GCF	6.28	43
GCF	6.78	52
GCF	7.29	50
GCF	7.79	69
GCF	8.29	76
GCF	8.79	95
GCF	9.30	98
GCF	9.80	120
GCF	10.30	148
GCF	10.80	171
GCF	11.31	194
GCF	11.81	213
GCF	12.31	259
GCF	12.81	295
GCF	13.32	407
GCF	13.82	541
GCF	14.32	645
GCF	14.82	769
GCF	15.33	952
GCF	15.83	1138
GCF	16.33	1452
GCF	16.83	1974
GCF	17.34	2547
GCF	17.84	3017
GCF	18.34	3981
GCF	18.84	5300
GCF	19.35	7042
GCF	19.85	7980
GCF	20.35	10487
GCF	20.85	14189
GCF	21.36	15470
GCF	21.86	20064
GCF	22.36	26249
GCF	22.86	32772
GCF	23.37	35794
GCF	23.87	45386
GCF	24.37	56962
GCF	24.87	69915
GCF	25.38	75093
GCF	25.88	90694
GCF	26.38	108208
GCF	26.88	126659
GCF	27.39	133472
GCF	27.89	154736
GCF	28.39	178676
GCF	28.89	199797
GCF	29.40	207500
GCF	29.90	234565
GCF	30.40	260469
GCF	30.90	281713
GCF	31.41	289867
GCF	31.91	315247
GCF	32.41	340693
GCF	32.91	360172
GCF	33.42	366667
GCF	33.92	386243
GCF	34.42	404108
GCF	34.92	423023
GCF	35.43	427954
GCF	35.93	443651
GCF	36.43	456507
GCF	36.93	470933
GCF	37.44	475373
GCF	37.94	485649
GCF	38.44	493293
GCF	38.94	497168
GCF	39.45	498843
GCF	39.95	500988
GCF	40.45	502897
GCF	40.95	502486
GCF	41.46	497792
GCF	41.96	494740
GCF	42.46	490010
GCF	42.96	487739
GCF	43.47	481474
GCF	43.97	473886
GCF	44.47	468599
GCF	44.97	465150
GCF	45.48	458585
GCF	45.98	452925
GCF	46.48	447084
GCF	46.98	445154
GCF	47.49	440406
GCF	47.99	436910
GCF	48.49	436492
GCF	48.99	436486
GCF	49.50	435282
GCF	50.00	435646
GCF	50.50	434344
GCF	51.01	434130
GCF	51.51	431362
GCF	52.01	429789
GCF	52.51	422727
GCF	53.02	421883
GCF	53.52	416346
GCF	54.02	407036
GCF	54.52	398376
GCF	55.03	396920
GCF	55.53	389959
GCF	56.03	380947
GCF	56.53	373468
GCF	57.04	371925
GCF	57.54	365029
GCF	58.04	356613
GCF	58.54	348021
GCF	59.05	344718
GCF	59.55	335413
GCF	60.05	324811
GCF	60.55	319906
GCF	61.06	309072
GCF	61.56	297550
GCF	62.06	283733
GCF	62.56	278406
GCF	63.07	264541
GCF	63.57	249170
GCF	64.07	231127
GCF	64.57	224796
GCF	65.08	207290
GCF	65.58	192009
GCF	66.08	173403
GCF	66.58	167158
GCF	67.09	150652
GCF	67.59	131321
GCF	68.09	112652
GCF	68.59	107492
GCF	69.10	91302
GCF	69.60	75103
GCF	70.10	59279
GCF	70.60	54776
GCF	71.11	43620
GCF	71.61	32810
GCF	72.11	24390
GCF	72.61	21247
GCF	73.12	15683
GCF	73.62	10690
GCF	74.12	7249
GCF	74.62	6172
GCF	75.13	4204
GCF	75.63	2803
GCF	76.13	2013
GCF	76.63	1585
GCF	77.14	1133
GCF	77.64	803
GCF	78.14	605
GCF	78.64	500
GCF	79.15	371
GCF	79.65	277
GCF	80.15	235
GCF	80.65	204
GCF	81.16	139
GCF	81.66	98
GCF	82.16	79
GCF	82.66	61
GCF	83.17	44
GCF	83.67	36
GCF	84.17	25
GCF	84.67	18
GCF	85.18	11
GCF	85.68	16
GCF	86.18	14
GCF	86.68	11
GCF	87.19	6
GCF	87.69	9
GCF	88.19	5
GCF	88.69	3
GCF	89.20	4
GCF	89.95	5
GCF	90.70	2
GCF	91.21	3
GCF	91.96	2
GCF	92.71	1
GCF	93.47	2
GCF	94.47	4
GCF	95.23	3
GCF	95.98	7
GCF	96.73	1
GCF	97.24	4
GCF	97.74	6
GCF	98.49	9
GCF	99.50	6
# GC Content of last fragments. Use `grep ^GCL | cut -f 2-` to extract this part.
GCL	0.25	21
GCL	0.75	24
GCL	1.51	20
GCL	2.26	22
GCL	2.76	21
GCL	3.27	25
GCL	3.77	22
GCL	4.27	29
GCL	4.77	30
GCL	5.28	39
GCL	5.78	43
GCL	6.28	42
GCL	6.78	55
GCL	7.29	64
GCL	7.79	83
GCL	8.29	108
GCL	8.79	121
GCL	9.30	141
GCL	9.80	153
GCL	10.30	176
GCL	10.80	190
GCL	11.31	233
GCL	11.81	266
GCL	12.31	316
GCL	12.81	345
GCL	13.32	478
GCL	13.82	607
GCL	14.32	676
GCL	14.82	892
GCL	15.33	1058
GCL	15.83	1272
GCL	16.33	1711
GCL	16.83	2372
GCL	17.34	3019
GCL	17.84	3421
GCL	18.34	4448
GCL	18.84	6102
GCL	19.35	8220
GCL	19.85	9103
GCL	20.35	12024
GCL	20.85	16258
GCL	21.36	17532
GCL	21.86	22966
GCL	22.36	30323
GCL	22.86	38130
GCL	23.37	41063
GCL	23.87	52227
GCL	24.37	65254
GCL	24.87	79790
GCL	25.38	84118
GCL	25.88	101383
GCL	26.38	120949
GCL	26.88	141142
GCL	27.39	146930
GCL	27.89	169003
GCL	28.39	194340
GCL	28.89	216817
GCL	29.40	222419
GCL	29.90	249202
GCL	30.40	274867
GCL	30.90	297228
GCL	31.41	303274
GCL	31.91	326658
GCL	32.41	349631
GCL	32.91	368743
GCL	33.42	373416
GCL	33.92	392227
GCL	34.42	409103
GCL	34.92	425180
GCL	35.43	428607
GCL	35.93	444769
GCL	36.43	455196
GCL	36.93	466048
GCL	37.44	469869
GCL	37.94	480884
GCL	38.44	485425
GCL	38.94	489911
GCL	39.45	490695
GCL	39.95	492828
GCL	40.45	490817
GCL	40.95	490367
GCL	41.46	487959
GCL	41.96	481240
GCL	42.46	478767
GCL	42.96	477384
GCL	43.47	468573
GCL	43.97	463391
GCL	44.47	456102
GCL	44.97	455126
GCL	45.48	449498
GCL	45.98	443021
GCL	46.48	438841
GCL	46.98	437310
GCL	47.49	432867
GCL	47.99	430219
GCL	48.49	431142
GCL	48.99	430264
GCL	49.50	431018
GCL	50.00	428972
GCL	50.50	430068
GCL	51.01	429914
GCL	51.51	428712
GCL	52.01	425171
GCL	52.51	417532
GCL	53.02	416209
GCL	53.52	409171
GCL	54.02	400770
GCL	54.52	391167
GCL	55.03	389122
GCL	55.53	381181
GCL	56.03	372598
GCL	56.53	366246
GCL	57.04	364058
GCL	57.54	356828
GCL	58.04	348574
GCL	58.54	339360
GCL	59.05	336445
GCL	59.55	327874
GCL	60.05	315816
GCL	60.55	311758
GCL	61.06	301173
GCL	61.56	288839
GCL	62.06	275229
GCL	62.56	269996
GCL	63.07	256462
GCL	63.57	240952
GCL	64.07	223243
GCL	64.57	218587
GCL	65.08	199990
GCL	65.58	184059
GCL	66.08	164748
GCL	66.58	159674
GCL	67.09	143334
GCL	67.59	123355
GCL	68.09	104787
GCL	68.59	100421
GCL	69.10	85369
GCL	69.60	68963
GCL	70.10	53165
GCL	70.60	50182
GCL	71.11	39737
GCL	71.61	29034
GCL	72.11	20176
GCL	72.61	18383
GCL	73.12	12876
GCL	73.62	8580
GCL	74.12	5519
GCL	74.62	4878
GCL	75.13	3361
GCL	75.63	2121
GCL	76.13	1471
GCL	76.63	1276
GCL	77.14	924
GCL	77.64	685
GCL	78.14	519
GCL	78.64	513
GCL	79.15	431
GCL	79.65	328
GCL	80.15	321
GCL	80.65	258
GCL	81.16	204
GCL	81.66	180
GCL	82.16	178
GCL	82.66	165
GCL	83.17	164
GCL	83.67	140
GCL	84.17	120
GCL	84.67	117
GCL	85.18	135
GCL	85.68	107
GCL	86.18	110
GCL	86.68	100
GCL	87.19	88
GCL	87.69	89
GCL	88.19	87
GCL	88.69	85
GCL	89.20	60
GCL	89.70	64
GCL	90.20	66
GCL	90.70	51
GCL	91.46	58
GCL	92.21	60
GCL	92.71	53
GCL	93.22	45
GCL	93.72	43
GCL	94.22	48
GCL	94.72	47
GCL	95.23	43
GCL	95.73	40
GCL	96.23	41
GCL	96.73	42
GCL	97.24	45
GCL	97.74	68
GCL	98.24	64
GCL	98.74	99
GCL	99.50	255
# ACGT content per cycle. Use `grep ^GCC | cut -f 2-` to extract this part. The columns are: cycle; A,C,G,T base counts as a percentage of all A/C/G/T bases [%]; and N and O counts as a percentage of all A/C/G/T bases [%]
GCC	1	19.71	30.32	30.25	19.72	0.00	0.00
GCC	2	30.80	19.20	19.15	30.85	0.00	0.00
GCC	3	27.66	22.34	22.30	27.69	0.00	0.00
GCC	4	28.37	21.63	21.59	28.41	0.00	0.00
GCC	5	28.52	21.49	21.43	28.56	0.08	0.00
GCC	6	28.42	21.60	21.53	28.46	0.00	0.00
GCC	7	29.14	20.87	20.81	29.18	0.32	0.00
GCC	8	26.47	23.54	23.49	26.50	0.00	0.00
GCC	9	26.28	23.74	23.68	26.30	0.00	0.00
GCC	10	29.51	20.50	20.45	29.54	0.03	0.00
GCC	11	23.14	26.88	26.84	23.15	0.01	0.00
GCC	12	24.49	25.52	25.47	24.52	0.02	0.00
GCC	13	27.37	22.63	22.58	27.41	0.02	0.00
GCC	14	27.59	22.42	22.36	27.63	0.00	0.00
GCC	15	27.24	22.78	22.70	27.29	0.02	0.00
GCC	16	27.17	22.85	22.80	27.19	0.09	0.00
GCC	17	27.16	22.85	22.79	27.20	0.01	0.00
GCC	18	26.99	23.02	22.97	27.03	0.03	0.00
GCC	19	26.96	23.05	23.00	26.99	0.25	0.00
GCC	20	26.93	23.09	23.03	26.96	0.00	0.00
GCC	21	26.87	23.13	23.08	26.91	0.02	0.00
GCC	22	26.93	23.08	23.02	26.97	0.00	0.00
GCC	23	26.99	23.02	22.95	27.04	0.08	0.00
GCC	24	27.09	22.93	22.86	27.13	0.07	0.00
GCC	25	27.15	22.87	22.80	27.17	0.00	0.00
GCC	26	27.16	22.87	22.79	27.18	0.00	0.00
GCC	27	27.03	22.99	22.93	27.05	0.00	0.00
GCC	28	27.02	23.00	22.93	27.04	0.00	0.00
GCC	29	26.98	23.04	22.97	27.01	0.00	0.00
GCC	30	26.98	23.03	22.97	27.03	0.02	0.00
GCC	31	27.02	22.99	22.94	27.05	0.27	0.00
GCC	32	27.05	22.96	22.90	27.09	0.23	0.00
GCC	33	27.00	23.02	22.96	27.02	0.09	0.00
GCC	34	27.07	22.95	22.89	27.09	0.01	0.00
GCC	35	27.07	22.96	22.87	27.09	0.06	0.00
GCC	36	27.04	22.98	22.93	27.06	0.00	0.00
GCC	37	26.98	23.05	22.98	27.00	0.00	0.00
GCC	38	27.02	23.00	22.93	27.06	0.03	0.00
GCC	39	27.01	22.99	22.96	27.05	0.01	0.00
GCC	40	26.90	23.13	23.06	26.91	0.00	0.00
GCC	41	26.97	23.05	22.99	27.00	0.01	0.00
GCC	42	26.89	23.12	23.06	26.93	0.02	0.00
GCC	43	26.31	23.70	23.65	26.34	0.04	0.00
GCC	44	26.94	23.07	23.01	26.98	0.19	0.00
GCC	45	26.88	23.15	23.06	26.91	0.00	0.00
GCC	46	26.93	23.07	23.01	26.98	0.00	0.00
GCC	47	26.87	23.14	23.08	26.91	0.00	0.00
GCC	48	26.91	23.12	23.05	26.93	0.00	0.00
GCC	49	26.91	23.10	23.03	26.96	0.00	0.00
GCC	50	26.88	23.14	23.06	26.92	0.00	0.00
GCC	51	26.93	23.08	23.02	26.97	0.05	0.00
GCC	52	26.93	23.10	23.00	26.97	0.04	0.00
GCC	53	26.87	23.15	23.08	26.91	0.11	0.00
GCC	54	26.94	23.07	23.03	26.96	0.09	0.00
GCC	55	26.87	23.14	23.08	26.91	0.01	0.00
GCC	56	26.89	23.12	23.06	26.92	0.03	0.00
GCC	57	26.86	23.15	23.09	26.90	0.00	0.00
GCC	58	26.85	23.16	23.09	26.90	0.12	0.00
GCC	59	26.91	23.12	23.04	26.93	0.01	0.00
GCC	60	26.90	23.12	23.07	26.90	0.00	0.00
GCC	61	26.77	23.25	23.18	26.80	0.00	0.00
GCC	62	26.88	23.15	23.07	26.90	0.05	0.00
GCC	63	26.88	23.14	23.07	26.91	0.00	0.00
GCC	64	26.80	23.20	23.14	26.85	0.03	0.00
GCC	65	26.88	23.12	23.06	26.94	0.00	0.00
GCC	66	26.84	23.17	23.12	26.88	0.01	0.00
GCC	67	26.84	23.17	23.11	26.88	0.16	0.00
GCC	68	26.84	23.15	23.11	26.90	0.10	0.00
GCC	69	26.83	23.19	23.11	26.88	0.00	0.00
GCC	70	26.85	23.16	23.11	26.88	0.00	0.00
GCC	71	26.85	23.15	23.10	26.90	0.00	0.00
GCC	72	26.77	23.24	23.21	26.78	0.01	0.00
GCC	73	26.73	23.29	23.23	26.75	0.07	0.00
GCC	74	26.72	23.29	23.23	26.76	0.00	0.00
GCC	75	26.83	23.19	23.15	26.83	0.00	0.00
GCC	76	26.79	23.23	23.15	26.83	0.00	0.00
GCC	77	26.81	23.21	23.13	26.84	0.00	0.00
GCC	78	26.78	23.23	23.18	26.82	0.03	0.00
GCC	79	26.75	23.26	23.22	26.77	0.08	0.00
GCC	80	26.78	23.23	23.17	26.82	0.17	0.00
GCC	81	26.83	23.18	23.12	26.87	0.01	0.00
GCC	82	26.81	23.20	23.15	26.85	0.01	0.00
GCC	83	26.86	23.13	23.09	26.91	0.21	0.00
GCC	84	26.82	23.19	23.13	26.85	0.00	0.00
GCC	85	26.73	23.27	23.21	26.79	0.13	0.00
GCC	86	26.82	23.21	23.15	26.82	0.04	0.00
GCC	87	26.78	23.24	23.19	26.79	0.00	0.00
GCC	88	26.77	23.25	23.17	26.81	0.00	0.00
GCC	89	26.72	23.31	23.20	26.77	0.01	0.00
GCC	90	26.76	23.24	23.18	26.82	0.00	0.00
GCC	91	26.78	23.24	23.17	26.82	0.01	0.00
GCC	92	26.83	23.19	23.12	26.86	0.44	0.00
GCC	93	26.78	23.22	23.17	26.83	0.04	0.00
GCC	94	26.83	23.17	23.13	26.87	0.18	0.00
GCC	95	26.74	23.27	23.22	26.77	0.04	0.00
GCC	96	26.82	23.20	23.13	26.85	0.07	0.00
GCC	97	26.67	23.36	23.28	26.70	0.00	0.00
GCC	98	26.73	23.28	23.23	26.77	0.00	0.00
GCC	99	26.72	23.29	23.21	26.78	0.01	0.00
GCC	100	26.73	23.28	23.22	26.77	0.00	0.00
GCC	101	26.72	23.29	23.22	26.76	0.02	0.00
GCC	102	26.71	23.31	23.24	26.73	0.30	0.00
GCC	103	26.70	23.31	23.25	26.74	0.03	0.00
GCC	104	26.71	23.30	23.23	26.75	0.05	0.00
GCC	105	26.70	23.32	23.26	26.72	0.01	0.00
GCC	106	26.70	23.30	23.26	26.74	0.15	0.00
GCC	107	26.70	23.31	23.26	26.73	0.00	0.00
GCC	108	26.72	23.30	23.24	26.74	0.01	0.00
GCC	109	26.67	23.35	23.27	26.71	0.02	0.00
GCC	110	26.68	23.34	23.28	26.70	0.00	0.00
GCC	111	26.66	23.33	23.29	26.71	0.00	0.00
GCC	112	26.68	23.33	23.27	26.72	0.00	0.00
GCC	113	26.70	23.31	23.24	26.75	0.01	0.00
GCC	114	26.69	23.32	23.27	26.73	0.00	0.00
GCC	115	26.68	23.32	23.28	26.72	0.01	0.00
GCC	116	26.66	23.35	23.28	26.71	0.00	0.00
GCC	117	26.62	23.40	23.33	26.64	0.08	0.00
GCC	118	24.42	25.60	25.54	24.45	0.00	0.00
GCC	119	26.68	23.35	23.30	26.67	0.17	0.00
GCC	120	26.66	23.36	23.30	26.68	0.00	0.00
GCC	121	26.44	23.58	23.52	26.47	0.00	0.00
GCC	122	26.65	23.36	23.29	26.70	0.03	0.00
GCC	123	26.66	23.34	23.29	26.71	0.20	0.00
GCC	124	26.65	23.36	23.29	26.70	0.01	0.00
GCC	125	26.66	23.37	23.29	26.68	0.00	0.00
GCC	126	26.68	23.33	23.26	26.73	0.01	0.00
GCC	127	26.56	23.45	23.40	26.60	0.07	0.00
GCC	128	25.20	24.80	24.75	25.24	0.00	0.00
GCC	129	25.34	24.67	24.63	25.36	0.00	0.00
GCC	130	25.38	24.63	24.59	25.41	0.17	0.00
GCC	131	26.25	23.75	23.72	26.28	0.08	0.00
GCC	132	25.84	24.18	24.09	25.89	0.01	0.00
GCC	133	25.63	24.38	24.32	25.66	0.00	0.00
GCC	134	25.58	24.42	24.38	25.62	0.01	0.00
GCC	135	25.96	24.03	23.98	26.03	0.02	0.00
GCC	136	26.36	23.65	23.58	26.41	0.05	0.00
GCC	137	26.42	23.59	23.53	26.45	0.44	0.00
GCC	138	26.34	23.66	23.63	26.37	0.01	0.00
GCC	139	26.29	23.73	23.68	26.30	0.14	0.00
GCC	140	26.30	23.70	23.65	26.35	0.43	0.00
GCC	141	26.24	23.78	23.72	26.26	0.11	0.00
GCC	142	26.21	23.81	23.74	26.24	0.00	0.00
GCC	143	26.20	23.80	23.74	26.26	0.00	0.00
GCC	144	26.13	23.87	23.82	26.18	0.02	0.00
GCC	145	23.93	26.09	26.04	23.94	0.00	0.00
GCC	146	24.86	25.14	25.10	24.89	0.02	0.00
GCC	147	26.02	24.00	23.93	26.05	0.03	0.00
GCC	148	26.20	23.81	23.76	26.23	0.00	0.00
# ACGT content per cycle, read oriented. Use `grep ^GCT | cut -f 2-` to extract this part. The columns are: cycle; A,C,G,T base counts as a percentage of all A/C/G/T bases [%]
GCT	1	18.77	32.93	27.63	20.67
GCT	2	24.18	19.52	18.83	37.46
GCT	3	28.13	21.17	23.48	27.22
GCT	4	35.32	20.74	22.48	21.46
GCT	5	33.99	20.43	22.49	23.09
GCT	6	34.01	20.10	23.03	22.87
GCT	7	22.21	22.20	19.48	36.11
GCT	8	23.81	24.87	22.16	29.16
GCT	9	22.83	25.83	21.60	29.75
GCT	10	32.62	19.52	21.43	26.44
GCT	11	25.95	26.11	27.60	20.34
GCT	12	23.15	26.88	24.11	25.86
GCT	13	26.07	23.28	21.93	28.72
GCT	14	26.55	22.62	22.17	28.66
GCT	15	26.66	23.06	22.42	27.86
GCT	16	26.87	23.34	22.31	27.48
GCT	17	27.36	23.20	22.44	27.00
GCT	18	27.19	23.33	22.66	26.82
GCT	19	27.12	23.18	22.87	26.83
GCT	20	26.87	23.25	22.87	27.02
GCT	21	26.56	23.51	22.71	27.22
GCT	22	26.59	23.42	22.68	27.31
GCT	23	26.56	23.24	22.73	27.47
GCT	24	26.68	23.22	22.57	27.54
GCT	25	26.79	23.12	22.55	27.53
GCT	26	26.73	23.07	22.59	27.61
GCT	27	26.64	23.19	22.74	27.44
GCT	28	26.72	23.17	22.76	27.34
GCT	29	26.70	23.10	22.91	27.29
GCT	30	26.78	23.23	22.77	27.22
GCT	31	26.63	23.22	22.70	27.44
GCT	32	26.66	23.19	22.67	27.47
GCT	33	26.61	23.29	22.69	27.42
GCT	34	26.78	23.14	22.70	27.38
GCT	35	26.84	23.05	22.79	27.32
GCT	36	26.79	23.08	22.83	27.30
GCT	37	26.65	23.24	22.78	27.32
GCT	38	26.59	23.19	22.73	27.48
GCT	39	26.59	23.23	22.72	27.46
GCT	40	26.57	23.29	22.90	27.24
GCT	41	26.70	23.16	22.87	27.27
GCT	42	26.65	23.29	22.89	27.16
GCT	43	26.66	23.54	23.81	25.98
GCT	44	26.68	23.16	22.92	27.24
GCT	45	26.58	23.28	22.94	27.21
GCT	46	26.67	23.25	22.84	27.25
GCT	47	26.58	23.22	23.00	27.20
GCT	48	26.44	23.32	22.84	27.40
GCT	49	26.62	23.23	22.90	27.25
GCT	50	26.57	23.33	22.88	27.22
GCT	51	26.39	23.26	22.84	27.51
GCT	52	26.67	23.19	22.91	27.23
GCT	53	26.63	23.19	23.04	27.14
GCT	54	26.53	23.15	22.95	27.37
GCT	55	26.56	23.29	22.93	27.22
GCT	56	26.51	23.24	22.95	27.30
GCT	57	26.49	23.35	22.89	27.27
GCT	58	26.60	23.28	22.97	27.15
GCT	59	26.71	23.10	23.07	27.13
GCT	60	26.69	23.13	23.07	27.12
GCT	61	26.57	23.28	23.15	27.00
GCT	62	26.58	23.22	23.01	27.20
GCT	63	26.50	23.26	22.95	27.29
GCT	64	26.50	23.31	23.03	27.16
GCT	65	26.67	23.15	23.02	27.16
GCT	66	26.63	23.23	23.05	27.08
GCT	67	26.77	23.33	22.96	26.95
GCT	68	26.63	23.25	23.01	27.11
GCT	69	26.51	23.37	22.93	27.20
GCT	70	26.51	23.27	23.00	27.22
GCT	71	26.56	23.17	23.08	27.18
GCT	72	26.56	23.25	23.19	27.00
GCT	73	26.60	23.26	23.25	26.89
GCT	74	26.54	23.26	23.26	26.93
GCT	75	26.51	23.27	23.07	27.15
GCT	76	26.58	23.32	23.06	27.03
GCT	77	26.55	23.28	23.07	27.11
GCT	78	26.48	23.34	23.07	27.11
GCT	79	26.48	23.36	23.12	27.04
GCT	80	26.59	23.33	23.07	27.01
GCT	81	26.53	23.22	23.08	27.17
GCT	82	26.53	23.22	23.12	27.13
GCT	83	26.37	23.05	23.17	27.40
GCT	84	26.57	23.22	23.11	27.11
GCT	85	26.60	23.30	23.18	26.92
GCT	86	26.55	23.17	23.19	27.09
GCT	87	26.48	23.27	23.17	27.08
GCT	88	26.53	23.25	23.18	27.04
GCT	89	26.59	23.24	23.27	26.90
GCT	90	26.57	23.19	23.23	27.00
GCT	91	26.54	23.19	23.21	27.06
GCT	92	26.76	23.18	23.13	26.93
GCT	93	26.44	23.22	23.18	27.17
GCT	94	26.80	23.26	23.04	26.89
GCT	95	26.51	23.23	23.26	26.99
GCT	96	26.38	23.16	23.17	27.29
GCT	97	26.55	23.29	23.35	26.82
GCT	98	26.50	23.22	23.28	26.99
GCT	99	26.54	23.26	23.24	26.96
GCT	100	26.53	23.23	23.28	26.97
GCT	101	26.53	23.21	23.31	26.95
GCT	102	26.41	23.21	23.34	27.03
GCT	103	26.49	23.23	23.32	26.96
GCT	104	26.48	23.22	23.31	26.99
GCT	105	26.49	23.23	23.35	26.94
GCT	106	26.65	23.24	23.31	26.80
GCT	107	26.56	23.18	23.40	26.87
GCT	108	26.51	23.17	23.37	26.94
GCT	109	26.49	23.25	23.37	26.89
GCT	110	26.51	23.23	23.39	26.87
GCT	111	26.42	23.30	23.32	26.95
GCT	112	26.49	23.24	23.36	26.90
GCT	113	26.49	23.19	23.36	26.95
GCT	114	26.48	23.21	23.37	26.94
GCT	115	26.55	23.20	23.41	26.84
GCT	116	26.58	23.16	23.47	26.79
GCT	117	26.40	23.24	23.50	26.86
GCT	118	27.35	25.40	25.73	21.52
GCT	119	26.50	23.20	23.45	26.85
GCT	120	26.46	23.22	23.44	26.88
GCT	121	26.72	23.39	23.70	26.19
GCT	122	26.48	23.16	23.49	26.87
GCT	123	26.50	23.22	23.40	26.87
GCT	124	26.50	23.20	23.45	26.85
GCT	125	26.54	23.19	23.47	26.80
GCT	126	26.43	23.14	23.45	26.98
GCT	127	26.51	23.23	23.62	26.65
GCT	128	27.00	24.67	24.88	23.44
GCT	129	27.12	24.76	24.55	23.58
GCT	130	27.02	24.78	24.43	23.77
GCT	131	27.07	23.68	23.79	25.47
GCT	132	26.50	24.28	23.99	25.23
GCT	133	26.77	24.52	24.18	24.53
GCT	134	26.98	24.48	24.32	24.21
GCT	135	26.96	24.11	23.90	25.03
GCT	136	26.54	23.42	23.80	26.23
GCT	137	26.79	23.46	23.67	26.09
GCT	138	26.91	23.50	23.79	25.80
GCT	139	26.80	23.58	23.83	25.79
GCT	140	26.90	23.52	23.82	25.76
GCT	141	26.56	23.63	23.87	25.93
GCT	142	26.32	23.73	23.82	26.13
GCT	143	26.27	23.73	23.81	26.19
GCT	144	26.02	23.85	23.84	26.29
GCT	145	27.09	26.27	25.85	20.79
GCT	146	23.53	25.37	24.88	26.22
GCT	147	25.06	25.24	22.69	27.01
GCT	148	25.33	23.39	24.17	27.10
# ACGT content per cycle for first fragments. Use `grep ^FBC | cut -f 2-` to extract this part. The columns are: cycle; A,C,G,T base counts as a percentage of all A/C/G/T bases [%]; and N and O counts as a percentage of all A/C/G/T bases [%]
FBC	1	20.09	29.95	29.88	20.09	0.00	0.00
FBC	2	30.86	19.14	19.09	30.91	0.00	0.00
FBC	3	27.67	22.33	22.28	27.71	0.00	0.00
FBC	4	28.43	21.58	21.52	28.47	0.00	0.00
FBC	5	28.52	21.49	21.44	28.55	0.13	0.00
FBC	6	28.47	21.55	21.48	28.49	0.01	0.00
FBC	7	29.16	20.86	20.79	29.19	0.63	0.00
FBC	8	26.48	23.54	23.48	26.51	0.01	0.00
FBC	9	26.32	23.71	23.65	26.33	0.01	0.00
FBC	10	29.46	20.55	20.52	29.47	0.01	0.00
FBC	11	23.17	26.84	26.81	23.19	0.01	0.00
FBC	12	24.51	25.50	25.45	24.54	0.03	0.00
FBC	13	27.37	22.64	22.60	27.39	0.04	0.00
FBC	14	27.60	22.42	22.37	27.62	0.00	0.00
FBC	15	27.23	22.77	22.70	27.30	0.04	0.00
FBC	16	27.18	22.84	22.77	27.20	0.02	0.00
FBC	17	27.16	22.86	22.79	27.19	0.01	0.00
FBC	18	26.99	23.01	22.96	27.04	0.00	0.00
FBC	19	26.96	23.06	22.99	26.99	0.03	0.00
FBC	20	26.94	23.08	23.00	26.97	0.00	0.00
FBC	21	26.87	23.13	23.08	26.92	0.00	0.00
FBC	22	26.93	23.07	23.01	26.98	0.00	0.00
FBC	23	26.99	23.02	22.95	27.04	0.00	0.00
FBC	24	27.09	22.93	22.84	27.14	0.01	0.00
FBC	25	27.16	22.87	22.80	27.17	0.00	0.00
FBC	26	27.17	22.86	22.79	27.18	0.00	0.00
FBC	27	27.04	22.99	22.92	27.05	0.00	0.00
FBC	28	27.03	23.00	22.93	27.05	0.00	0.00
FBC	29	26.97	23.05	22.97	27.01	0.01	0.00
FBC	30	26.96	23.05	23.00	26.99	0.03	0.00
FBC	31	27.01	23.00	22.96	27.04	0.01	0.00
FBC	32	27.05	22.96	22.91	27.09	0.46	0.00
FBC	33	27.01	23.02	22.95	27.01	0.00	0.00
FBC	34	27.06	22.97	22.89	27.09	0.01	0.00
FBC	35	27.07	22.96	22.88	27.09	0.01	0.00
FBC	36	27.04	22.98	22.92	27.06	0.00	0.00
FBC	37	27.02	23.01	22.94	27.03	0.01	0.00
FBC	38	27.00	23.02	22.94	27.04	0.01	0.00
FBC	39	27.01	22.99	22.94	27.06	0.02	0.00
FBC	40	26.86	23.15	23.10	26.89	0.00	0.00
FBC	41	26.96	23.05	22.99	27.00	0.00	0.00
FBC	42	26.88	23.13	23.07	26.91	0.00	0.00
FBC	43	25.67	24.34	24.29	25.70	0.00	0.00
FBC	44	26.93	23.08	23.02	26.98	0.29	0.00
FBC	45	26.81	23.23	23.13	26.84	0.00	0.00
FBC	46	26.96	23.05	23.00	26.99	0.00	0.00
FBC	47	26.77	23.25	23.18	26.80	0.00	0.00
FBC	48	26.90	23.13	23.06	26.91	0.00	0.00
FBC	49	26.90	23.11	23.04	26.95	0.00	0.00
FBC	50	26.88	23.15	23.05	26.92	0.01	0.00
FBC	51	26.85	23.16	23.09	26.90	0.00	0.00
FBC	52	26.94	23.09	23.00	26.97	0.07	0.00
FBC	53	26.88	23.14	23.06	26.92	0.20	0.00
FBC	54	26.87	23.14	23.10	26.89	0.01	0.00
FBC	55	26.85	23.16	23.08	26.90	0.02	0.00
FBC	56	26.89	23.14	23.07	26.90	0.03	0.00
FBC	57	26.86	23.15	23.09	26.91	0.00	0.00
FBC	58	26.84	23.18	23.10	26.88	0.00	0.00
FBC	59	26.94	23.10	23.02	26.94	0.01	0.00
FBC	60	26.92	23.12	23.05	26.92	0.00	0.00
FBC	61	26.74	23.30	23.21	26.75	0.01	0.00
FBC	62	26.89	23.15	23.06	26.90	0.00	0.00
FBC	63	26.90	23.13	23.04	26.93	0.00	0.00
FBC	64	26.82	23.19	23.12	26.88	0.01	0.00
FBC	65	26.89	23.12	23.03	26.96	0.00	0.00
FBC	66	26.85	23.17	23.09	26.89	0.00	0.00
FBC	67	26.87	23.15	23.09	26.89	0.00	0.00
FBC	68	26.86	23.14	23.09	26.91	0.17	0.00
FBC	69	26.85	23.17	23.09	26.89	0.00	0.00
FBC	70	26.86	23.15	23.09	26.91	0.00	0.00
FBC	71	26.87	23.13	23.09	26.91	0.01	0.00
FBC	72	26.70	23.31	23.26	26.72	0.01	0.00
FBC	73	26.65	23.37	23.30	26.67	0.03	0.00
FBC	74	26.65	23.38	23.30	26.68	0.00	0.00
FBC	75	26.84	23.19	23.13	26.84	0.00	0.00
FBC	76	26.80	23.22	23.14	26.84	0.00	0.00
FBC	77	26.84	23.19	23.12	26.85	0.00	0.00
FBC	78	26.79	23.23	23.14	26.83	0.01	0.00
FBC	79	26.78	23.24	23.18	26.80	0.00	0.00
FBC	80	26.77	23.24	23.17	26.82	0.01	0.00
FBC	81	26.86	23.16	23.09	26.88	0.02	0.00
FBC	82	26.83	23.18	23.13	26.87	0.03	0.00
FBC	83	26.81	23.19	23.14	26.86	0.00	0.00
FBC	84	26.85	23.18	23.10	26.87	0.00	0.00
FBC	85	26.76	23.25	23.18	26.81	0.00	0.00
FBC	86	26.83	23.18	23.12	26.87	0.00	0.00
FBC	87	26.79	23.22	23.16	26.83	0.00	0.00
FBC	88	26.79	23.23	23.14	26.85	0.00	0.00
FBC	89	26.73	23.32	23.19	26.76	0.00	0.00
FBC	90	26.80	23.21	23.14	26.85	0.00	0.00
FBC	91	26.82	23.21	23.12	26.85	0.00	0.00
FBC	92	26.85	23.18	23.10	26.86	0.08	0.00
FBC	93	26.81	23.19	23.13	26.87	0.00	0.00
FBC	94	26.82	23.18	23.12	26.88	0.00	0.00
FBC	95	26.80	23.22	23.16	26.82	0.00	0.00
FBC	96	26.81	23.23	23.13	26.83	0.00	0.00
FBC	97	26.70	23.34	23.24	26.72	0.00	0.00
FBC	98	26.79	23.21	23.16	26.84	0.00	0.00
FBC	99	26.80	23.22	23.13	26.85	0.01	0.00
FBC	100	26.80	23.21	23.16	26.83	0.01	0.00
FBC	101	26.81	23.21	23.16	26.82	0.03	0.00
FBC	102	26.77	23.25	23.17	26.80	0.00	0.00
FBC	103	26.77	23.23	23.18	26.81	0.00	0.00
FBC	104	26.79	23.23	23.16	26.82	0.00	0.00
FBC	105	26.75	23.27	23.20	26.78	0.01	0.00
FBC	106	26.77	23.24	23.19	26.80	0.15	0.00
FBC	107	26.78	23.24	23.17	26.81	0.00	0.00
FBC	108	26.78	23.25	23.19	26.78	0.00	0.00
FBC	109	26.75	23.28	23.19	26.78	0.00	0.00
FBC	110	26.77	23.24	23.19	26.80	0.00	0.00
FBC	111	26.74	23.26	23.20	26.80	0.00	0.00
FBC	112	26.76	23.25	23.17	26.81	0.00	0.00
FBC	113	26.78	23.24	23.17	26.81	0.00	0.00
FBC	114	26.76	23.25	23.17	26.82	0.00	0.00
FBC	115	26.77	23.24	23.18	26.81	0.00	0.00
FBC	116	26.75	23.29	23.18	26.78	0.00	0.00
FBC	117	26.55	23.49	23.40	26.56	0.00	0.00
FBC	118	22.28	27.74	27.69	22.30	0.01	0.00
FBC	119	26.77	23.27	23.20	26.76	0.34	0.00
FBC	120	26.76	23.28	23.20	26.76	0.00	0.00
FBC	121	26.34	23.69	23.62	26.35	0.00	0.00
FBC	122	26.74	23.28	23.20	26.78	0.00	0.00
FBC	123	26.74	23.26	23.20	26.81	0.00	0.00
FBC	124	26.75	23.27	23.18	26.80	0.00	0.00
FBC	125	26.77	23.28	23.17	26.78	0.00	0.00
FBC	126	26.73	23.27	23.21	26.79	0.00	0.00
FBC	127	26.60	23.42	23.35	26.63	0.00	0.00
FBC	128	23.85	26.15	26.10	23.90	0.00	0.00
FBC	129	24.17	25.85	25.80	24.18	0.00	0.00
FBC	130	24.15	25.86	25.83	24.16	0.00	0.00
FBC	131	25.96	24.03	24.02	25.99	0.00	0.00
FBC	132	25.17	24.86	24.77	25.20	0.00	0.00
FBC	133	24.74	25.29	25.21	24.75	0.00	0.00
FBC	134	24.62	25.38	25.35	24.65	0.01	0.00
FBC	135	25.44	24.55	24.50	25.51	0.01	0.00
FBC	136	26.25	23.77	23.70	26.28	0.09	0.00
FBC	137	26.33	23.70	23.62	26.36	0.84	0.00
FBC	138	26.15	23.85	23.82	26.18	0.01	0.00
FBC	139	26.08	23.95	23.89	26.09	0.27	0.00
FBC	140	26.12	23.88	23.82	26.18	0.88	0.00
FBC	141	26.03	24.01	23.92	26.04	0.18	0.00
FBC	142	26.01	24.02	23.93	26.04	0.00	0.00
FBC	143	26.00	24.01	23.94	26.05	0.00	0.00
FBC	144	25.90	24.10	24.04	25.96	0.00	0.00
FBC	145	25.06	24.97	24.90	25.07	0.00	0.00
FBC	146	24.00	26.01	25.95	24.04	0.00	0.00
FBC	147	25.32	24.72	24.63	25.34	0.00	0.00
FBC	148	25.62	24.41	24.34	25.63	0.00	0.00
# ACGT raw counters for first fragments. Use `grep ^FTC | cut -f 2-` to extract this part. The columns are: A,C,G,T,N base counters
FTC	849208908	745230431	743101760	850223225	1180733
# ACGT content per cycle for last fragments. Use `grep ^LBC | cut -f 2-` to extract this part. The columns are: cycle; A,C,G,T base counts as a percentage of all A/C/G/T bases [%]; and N and O counts as a percentage of all A/C/G/T bases [%]
LBC	1	19.34	30.69	30.62	19.35	0.00	0.00
LBC	2	30.73	19.26	19.22	30.79	0.00	0.00
LBC	3	27.65	22.36	22.32	27.67	0.00	0.00
LBC	4	28.31	21.68	21.66	28.35	0.00	0.00
LBC	5	28.53	21.48	21.43	28.56	0.03	0.00
LBC	6	28.37	21.64	21.57	28.42	0.00	0.00
LBC	7	29.11	20.89	20.83	29.17	0.00	0.00
LBC	8	26.46	23.55	23.49	26.50	0.00	0.00
LBC	9	26.24	23.78	23.72	26.26	0.00	0.00
LBC	10	29.57	20.44	20.38	29.60	0.04	0.00
LBC	11	23.10	26.92	26.87	23.12	0.01	0.00
LBC	12	24.47	25.53	25.50	24.50	0.01	0.00
LBC	13	27.37	22.62	22.57	27.44	0.00	0.00
LBC	14	27.58	22.42	22.36	27.64	0.00	0.00
LBC	15	27.24	22.79	22.69	27.27	0.00	0.00
LBC	16	27.15	22.85	22.82	27.17	0.17	0.00
LBC	17	27.17	22.84	22.79	27.20	0.01	0.00
LBC	18	26.98	23.03	22.98	27.01	0.06	0.00
LBC	19	26.95	23.05	23.00	26.99	0.47	0.00
LBC	20	26.91	23.11	23.05	26.94	0.00	0.00
LBC	21	26.87	23.13	23.09	26.91	0.03	0.00
LBC	22	26.93	23.08	23.03	26.96	0.00	0.00
LBC	23	26.99	23.02	22.95	27.04	0.17	0.00
LBC	24	27.09	22.93	22.87	27.12	0.14	0.00
LBC	25	27.15	22.87	22.81	27.17	0.00	0.00
LBC	26	27.15	22.88	22.79	27.18	0.00	0.00
LBC	27	27.02	23.00	22.94	27.04	0.00	0.00
LBC	28	27.01	23.01	22.94	27.04	0.00	0.00
LBC	29	26.98	23.03	22.97	27.01	0.00	0.00
LBC	30	27.00	23.00	22.94	27.07	0.01	0.00
LBC	31	27.03	22.98	22.92	27.07	0.54	0.00
LBC	32	27.05	22.96	22.90	27.08	0.01	0.00
LBC	33	27.00	23.02	22.96	27.02	0.17	0.00
LBC	34	27.08	22.94	22.88	27.09	0.01	0.00
LBC	35	27.08	22.96	22.87	27.09	0.10	0.00
LBC	36	27.04	22.97	22.93	27.05	0.00	0.00
LBC	37	26.94	23.08	23.01	26.97	0.00	0.00
LBC	38	27.04	22.98	22.91	27.07	0.06	0.00
LBC	39	27.00	22.99	22.97	27.03	0.00	0.00
LBC	40	26.93	23.11	23.03	26.94	0.00	0.00
LBC	41	26.97	23.04	22.98	27.01	0.01	0.00
LBC	42	26.89	23.12	23.04	26.95	0.05	0.00
LBC	43	26.95	23.06	23.02	26.97	0.07	0.00
LBC	44	26.95	23.07	23.00	26.99	0.08	0.00
LBC	45	26.95	23.07	23.00	26.98	0.00	0.00
LBC	46	26.91	23.09	23.03	26.97	0.00	0.00
LBC	47	26.98	23.03	22.98	27.01	0.00	0.00
LBC	48	26.92	23.10	23.03	26.95	0.00	0.00
LBC	49	26.93	23.08	23.02	26.97	0.00	0.00
LBC	50	26.88	23.14	23.07	26.91	0.00	0.00
LBC	51	27.02	23.00	22.95	27.04	0.10	0.00
LBC	52	26.93	23.10	23.01	26.96	0.00	0.00
LBC	53	26.86	23.15	23.10	26.89	0.01	0.00
LBC	54	27.01	22.99	22.97	27.04	0.17	0.00
LBC	55	26.88	23.12	23.08	26.92	0.00	0.00
LBC	56	26.89	23.11	23.06	26.94	0.02	0.00
LBC	57	26.87	23.14	23.10	26.89	0.00	0.00
LBC	58	26.86	23.15	23.08	26.91	0.25	0.00
LBC	59	26.88	23.14	23.07	26.91	0.00	0.00
LBC	60	26.89	23.13	23.09	26.89	0.00	0.00
LBC	61	26.80	23.19	23.15	26.86	0.00	0.00
LBC	62	26.87	23.15	23.09	26.90	0.09	0.00
LBC	63	26.85	23.15	23.09	26.90	0.00	0.00
LBC	64	26.79	23.22	23.16	26.83	0.05	0.00
LBC	65	26.88	23.11	23.08	26.93	0.00	0.00
LBC	66	26.83	23.17	23.14	26.87	0.01	0.00
LBC	67	26.82	23.19	23.13	26.86	0.33	0.00
LBC	68	26.82	23.17	23.13	26.88	0.04	0.00
LBC	69	26.81	23.21	23.12	26.86	0.00	0.00
LBC	70	26.84	23.18	23.13	26.86	0.00	0.00
LBC	71	26.82	23.17	23.12	26.89	0.00	0.00
LBC	72	26.84	23.17	23.15	26.84	0.00	0.00
LBC	73	26.81	23.20	23.15	26.83	0.12	0.00
LBC	74	26.78	23.21	23.17	26.84	0.00	0.00
LBC	75	26.82	23.18	23.17	26.83	0.00	0.00
LBC	76	26.78	23.24	23.17	26.81	0.00	0.00
LBC	77	26.79	23.23	23.15	26.83	0.00	0.00
LBC	78	26.77	23.23	23.21	26.80	0.06	0.00
LBC	79	26.72	23.28	23.26	26.74	0.16	0.00
LBC	80	26.78	23.23	23.17	26.82	0.33	0.00
LBC	81	26.80	23.20	23.14	26.85	0.00	0.00
LBC	82	26.80	23.22	23.17	26.82	0.00	0.00
LBC	83	26.91	23.08	23.04	26.97	0.43	0.00
LBC	84	26.79	23.20	23.17	26.84	0.00	0.00
LBC	85	26.71	23.28	23.24	26.77	0.25	0.00
LBC	86	26.80	23.23	23.19	26.78	0.09	0.00
LBC	87	26.76	23.26	23.23	26.75	0.00	0.00
LBC	88	26.74	23.28	23.21	26.77	0.00	0.00
LBC	89	26.72	23.29	23.21	26.78	0.03	0.00
LBC	90	26.72	23.27	23.23	26.78	0.00	0.00
LBC	91	26.74	23.27	23.21	26.79	0.01	0.00
LBC	92	26.81	23.20	23.14	26.85	0.79	0.00
LBC	93	26.74	23.25	23.22	26.79	0.08	0.00
LBC	94	26.85	23.16	23.14	26.85	0.36	0.00
LBC	95	26.68	23.33	23.28	26.71	0.07	0.00
LBC	96	26.82	23.17	23.13	26.87	0.14	0.00
LBC	97	26.64	23.38	23.31	26.68	0.00	0.00
LBC	98	26.66	23.35	23.29	26.70	0.00	0.00
LBC	99	26.65	23.36	23.29	26.70	0.00	0.00
LBC	100	26.66	23.35	23.28	26.71	0.00	0.00
LBC	101	26.64	23.37	23.29	26.70	0.01	0.00
LBC	102	26.65	23.38	23.31	26.66	0.59	0.00
LBC	103	26.63	23.38	23.31	26.67	0.05	0.00
LBC	104	26.63	23.38	23.30	26.69	0.10	0.00
LBC	105	26.65	23.37	23.31	26.67	0.01	0.00
LBC	106	26.64	23.36	23.32	26.68	0.16	0.00
LBC	107	26.61	23.39	23.35	26.65	0.00	0.00
LBC	108	26.66	23.35	23.30	26.69	0.02	0.00
LBC	109	26.58	23.42	23.35	26.64	0.04	0.00
LBC	110	26.60	23.43	23.37	26.60	0.00	0.00
LBC	111	26.58	23.40	23.38	26.63	0.00	0.00
LBC	112	26.59	23.41	23.37	26.63	0.00	0.00
LBC	113	26.62	23.38	23.31	26.69	0.03	0.00
LBC	114	26.61	23.39	23.36	26.64	0.00	0.00
LBC	115	26.59	23.41	23.39	26.62	0.01	0.00
LBC	116	26.57	23.42	23.37	26.63	0.00	0.00
LBC	117	26.70	23.32	23.27	26.71	0.16	0.00
LBC	118	26.54	23.48	23.41	26.58	0.00	0.00
LBC	119	26.59	23.43	23.40	26.59	0.00	0.00
LBC	120	26.56	23.44	23.40	26.60	0.00	0.00
LBC	121	26.54	23.47	23.41	26.58	0.00	0.00
LBC	122	26.55	23.44	23.38	26.63	0.06	0.00
LBC	123	26.59	23.43	23.38	26.61	0.39	0.00
LBC	124	26.55	23.44	23.40	26.60	0.01	0.00
LBC	125	26.55	23.46	23.41	26.58	0.00	0.00
LBC	126	26.63	23.38	23.31	26.67	0.01	0.00
LBC	127	26.52	23.48	23.44	26.57	0.14	0.00
LBC	128	26.53	23.48	23.43	26.57	0.00	0.00
LBC	129	26.48	23.52	23.49	26.51	0.00	0.00
LBC	130	26.59	23.41	23.37	26.63	0.34	0.00
LBC	131	26.53	23.48	23.42	26.57	0.15	0.00
LBC	132	26.51	23.51	23.43	26.55	0.02	0.00
LBC	133	26.51	23.50	23.44	26.56	0.00	0.00
LBC	134	26.51	23.48	23.44	26.57	0.01	0.00
LBC	135	26.47	23.53	23.47	26.53	0.04	0.00
LBC	136	26.48	23.54	23.46	26.53	0.00	0.00
LBC	137	26.52	23.49	23.45	26.55	0.05	0.00
LBC	138	26.53	23.47	23.44	26.56	0.01	0.00
LBC	139	26.49	23.52	23.48	26.51	0.00	0.00
LBC	140	26.48	23.52	23.48	26.52	0.00	0.00
LBC	141	26.45	23.56	23.53	26.47	0.05	0.00
LBC	142	26.40	23.61	23.55	26.43	0.00	0.00
LBC	143	26.40	23.61	23.53	26.46	0.00	0.00
LBC	144	26.35	23.65	23.59	26.40	0.04	0.00
LBC	145	22.85	27.16	27.13	22.86	0.01	0.00
LBC	146	25.66	24.34	24.31	25.68	0.03	0.00
LBC	147	26.65	23.35	23.30	26.70	0.06	0.00
LBC	148	26.70	23.29	23.25	26.76	0.00	0.00
# ACGT raw counters for last fragments. Use `grep ^LTC | cut -f 2-` to extract this part. The columns are: A,C,G,T,N base counters
LTC	858390115	745740931	744043818	859553394	1933469
# Insert sizes. Use `grep ^IS | cut -f 2-` to extract this part. The columns are: insert size, pairs total, inward oriented pairs, outward oriented pairs, other pairs
IS	0	3	0	3	0
IS	1	0	0	0	0
IS	2	9	0	9	0
IS	3	5	0	5	0
IS	4	11	0	11	0
IS	5	13	0	13	0
IS	6	5	0	5	0
IS	7	12	0	12	0
IS	8	8	0	8	0
IS	9	8	0	8	0
IS	10	10	0	10	0
IS	11	12	0	12	0
IS	12	11	0	11	0
IS	13	10	0	10	0
IS	14	10	0	10	0
IS	15	9	0	9	0
IS	16	12	0	12	0
IS	17	18	0	18	0
IS	18	9	0	9	0
IS	19	268	132	136	0
IS	20	222	96	126	0
IS	21	122	64	58	0
IS	22	42	11	31	0
IS	23	66	32	34	0
IS	24	38	10	28	0
IS	25	29	7	22	0
IS	26	26	6	20	0
IS	27	29	13	16	0
IS	28	29	6	23	0
IS	29	27	6	21	0
IS	30	22	4	18	0
IS	31	28	4	23	1
IS	32	41	13	28	0
IS	33	37	15	22	0
IS	34	46	12	34	0
IS	35	49	18	31	0
IS	36	166	78	88	0
IS	37	87	28	59	0
IS	38	78	20	58	0
IS	39	150	61	89	0
IS	40	106	35	71	0
IS	41	118	44	74	0
IS	42	163	57	106	0
IS	43	160	63	97	0
IS	44	169	61	108	0
IS	45	204	66	137	1
IS	46	201	60	141	0
IS	47	203	93	110	0
IS	48	237	89	148	0
IS	49	237	80	157	0
IS	50	253	94	158	1
IS	51	250	81	169	0
IS	52	293	109	184	0
IS	53	322	120	200	2
IS	54	412	159	253	0
IS	55	395	138	257	0
IS	56	450	148	300	2
IS	57	463	160	302	1
IS	58	515	156	359	0
IS	59	504	168	335	1
IS	60	568	213	352	3
IS	61	619	239	378	2
IS	62	629	199	429	1
IS	63	738	274	462	2
IS	64	795	278	514	3
IS	65	771	258	509	4
IS	66	868	293	571	4
IS	67	898	312	583	3
IS	68	951	332	613	6
IS	69	1018	358	656	4
IS	70	1070	371	697	2
IS	71	1042	364	674	4
IS	72	1252	455	794	3
IS	73	1172	416	750	6
IS	74	1380	488	886	6
IS	75	1515	550	956	9
IS	76	1495	505	978	12
IS	77	1549	587	958	4
IS	78	1681	594	1083	4
IS	79	1737	600	1133	4
IS	80	1898	709	1179	10
IS	81	2014	675	1333	6
IS	82	2094	731	1358	5
IS	83	2268	805	1461	2
IS	84	2379	889	1484	6
IS	85	2540	837	1694	9
IS	86	2735	975	1750	10
IS	87	2787	905	1869	13
IS	88	2924	1007	1913	4
IS	89	3164	1075	2079	10
IS	90	3408	1174	2218	16
IS	91	3476	1224	2241	11
IS	92	3683	1307	2362	14
IS	93	3881	1325	2546	10
IS	94	4204	1463	2731	10
IS	95	4208	1559	2631	18
IS	96	4479	1574	2889	16
IS	97	4650	1629	3005	16
IS	98	4972	1719	3236	17
IS	99	5216	1850	3357	9
IS	100	5509	1925	3578	6
IS	101	5780	2002	3764	14
IS	102	6082	2159	3911	12
IS	103	6278	2161	4103	14
IS	104	6853	2438	4384	31
IS	105	6979	2461	4506	12
IS	106	7488	2696	4776	16
IS	107	7559	2672	4862	25
IS	108	8069	2940	5117	12
IS	109	8189	2919	5256	14
IS	110	8734	3102	5620	12
IS	111	9252	3266	5966	20
IS	112	9728	3462	6243	23
IS	113	10276	3576	6677	23
IS	114	10475	3782	6674	19
IS	115	11141	3918	7208	15
IS	116	11577	3933	7626	18
IS	117	12089	4160	7906	23
IS	118	12545	4561	7971	13
IS	119	12827	4720	8096	11
IS	120	13439	5012	8400	27
IS	121	14367	5456	8893	18
IS	122	15026	5831	9177	18
IS	123	15670	5726	9930	14
IS	124	16057	5934	10104	19
IS	125	16835	6082	10731	22
IS	126	17637	6379	11245	13
IS	127	18234	6622	11597	15
IS	128	18873	7416	11442	15
IS	129	19562	8311	11224	27
IS	130	20584	9029	11541	14
IS	131	21411	10826	10558	27
IS	132	22050	12468	9565	17
IS	133	23171	12781	10382	8
IS	134	24032	14162	9857	13
IS	135	25066	14730	10316	20
IS	136	26229	15381	10832	16
IS	137	26673	15817	10840	16
IS	138	27771	16196	11560	15
IS	139	28376	16341	12014	21
IS	140	29672	17314	12341	17
IS	141	30271	17610	12635	26
IS	142	31020	18262	12749	9
IS	143	32245	17760	14466	19
IS	144	33838	19710	14113	15
IS	145	34855	20571	14263	21
IS	146	36143	18118	18011	14
IS	147	36982	17760	19211	11
IS	148	38184	28089	10071	24
IS	149	38684	38599	70	15
IS	150	40449	40387	41	21
IS	151	41420	41372	29	19
IS	152	42871	42833	18	20
IS	153	43836	43796	16	24
IS	154	45036	45013	9	14
IS	155	46784	46761	11	12
IS	156	47237	47213	11	13
IS	157	49317	49296	9	12
IS	158	50054	50029	4	21
IS	159	51478	51456	1	21
IS	160	52643	52623	4	16
IS	161	53752	53731	2	19
IS	162	55490	55468	1	21
IS	163	56544	56522	4	18
IS	164	57852	57820	5	27
IS	165	59461	59438	2	21
IS	166	60925	60906	1	18
IS	167	61999	61980	0	19
IS	168	63240	63217	1	22
IS	169	64586	64563	2	21
IS	170	65675	65662	1	12
IS	171	66755	66729	2	24
IS	172	68104	68081	0	23
IS	173	69401	69379	1	21
IS	174	70173	70152	3	18
IS	175	72281	72268	1	12
IS	176	73292	73272	0	20
IS	177	74343	74327	1	15
IS	178	75554	75533	3	18
IS	179	76509	76500	0	9
IS	180	77600	77574	0	26
IS	181	78287	78270	0	17
IS	182	79527	79511	0	16
IS	183	80624	80596	2	26
IS	184	81808	81787	1	20
IS	185	82995	82970	2	23
IS	186	84180	84160	1	19
IS	187	84926	84905	0	21
IS	188	86081	86068	1	12
IS	189	86509	86496	1	12
IS	190	88016	87994	0	22
IS	191	87963	87952	2	9
IS	192	88944	88933	0	11
IS	193	90022	90008	0	14
IS	194	91552	91531	0	21
IS	195	91643	91624	0	19
IS	196	92713	92700	0	13
IS	197	93764	93745	0	19
IS	198	94280	94261	4	15
IS	199	94431	94407	0	24
IS	200	94958	94935	2	21
IS	201	94948	94925	0	23
IS	202	96138	96118	0	20
IS	203	96804	96788	1	15
IS	204	97336	97329	1	6
IS	205	98410	98391	0	19
IS	206	98593	98573	0	20
IS	207	99501	99484	0	17
IS	208	100012	99991	0	21
IS	209	100308	100288	0	20
IS	210	100500	100476	0	24
IS	211	100283	100261	0	22
IS	212	100987	100963	0	24
IS	213	100888	100868	0	20
IS	214	101419	101395	1	23
IS	215	101556	101539	0	17
IS	216	102547	102528	1	18
IS	217	102311	102290	0	21
IS	218	103290	103275	1	14
IS	219	102365	102345	0	20
IS	220	102544	102531	1	12
IS	221	102816	102791	0	25
IS	222	102342	102310	1	31
IS	223	103090	103072	0	18
IS	224	103161	103146	0	15
IS	225	102813	102791	0	22
IS	226	103268	103246	1	21
IS	227	103741	103727	1	13
IS	228	103368	103353	0	15
IS	229	103654	103642	0	12
IS	230	103254	103237	0	17
IS	231	102735	102706	2	27
IS	232	102486	102469	0	17
IS	233	102283	102267	0	16
IS	234	102878	102855	1	22
IS	235	102743	102723	0	20
IS	236	102364	102351	1	12
IS	237	103319	103304	0	15
IS	238	102621	102607	1	13
IS	239	102101	102088	0	13
IS	240	101722	101702	1	19
IS	241	101487	101471	0	16
IS	242	101571	101554	0	17
IS	243	101081	101061	0	20
IS	244	100617	100602	1	14
IS	245	100960	100946	0	14
IS	246	100411	100386	0	25
IS	247	100740	100728	1	11
IS	248	100229	100208	0	21
IS	249	99202	99191	0	11
IS	250	99244	99228	0	16
IS	251	98553	98541	0	12
IS	252	98023	98012	0	11
IS	253	97550	97528	0	22
IS	254	97606	97591	1	14
IS	255	97592	97578	0	14
IS	256	97179	97161	0	18
IS	257	96917	96895	0	22
IS	258	96618	96600	1	17
IS	259	96355	96345	0	10
IS	260	96413	96400	0	13
IS	261	95304	95284	0	20
IS	262	94626	94610	0	16
IS	263	94157	94136	0	21
IS	264	93800	93789	0	11
IS	265	93009	92992	1	16
IS	266	93549	93533	0	16
IS	267	93595	93583	0	12
IS	268	92911	92892	1	18
IS	269	92428	92410	0	18
IS	270	91101	91079	0	22
IS	271	91045	91033	0	12
IS	272	90481	90457	1	23
IS	273	90064	90054	0	10
IS	274	89559	89541	0	18
IS	275	88881	88867	0	14
IS	276	88597	88581	0	16
IS	277	88512	88494	0	18
IS	278	87826	87805	1	20
IS	279	87833	87818	0	15
IS	280	87005	86985	0	20
IS	281	87033	87021	0	12
IS	282	85888	85876	0	12
IS	283	84464	84454	0	10
IS	284	84770	84757	0	13
IS	285	84501	84485	0	16
IS	286	83688	83679	0	9
IS	287	82971	82955	0	16
IS	288	83164	83149	0	15
IS	289	82356	82341	0	15
IS	290	82026	82006	0	20
IS	291	81874	81865	0	9
IS	292	80879	80871	0	8
IS	293	80769	80758	1	10
IS	294	79594	79579	0	15
IS	295	79430	79415	0	15
IS	296	78340	78326	0	14
IS	297	77944	77935	0	9
IS	298	78079	78069	1	9
IS	299	77829	77811	0	18
IS	300	76832	76812	0	20
IS	301	76547	76534	0	13
IS	302	76221	76202	0	19
IS	303	75678	75663	1	14
IS	304	74950	74931	0	19
IS	305	74188	74174	1	13
IS	306	73367	73353	0	14
IS	307	73225	73214	0	11
IS	308	72749	72738	0	11
IS	309	72111	72091	0	20
IS	310	72266	72252	1	13
IS	311	71648	71634	0	14
IS	312	70504	70495	1	8
IS	313	70469	70453	0	16
IS	314	69328	69313	0	15
IS	315	68504	68491	0	13
IS	316	68634	68618	0	16
IS	317	67743	67732	1	10
IS	318	67986	67976	1	9
IS	319	67294	67277	0	17
IS	320	67340	67328	0	12
IS	321	66293	66281	0	12
IS	322	65546	65537	0	9
IS	323	65407	65392	0	15
IS	324	64515	64499	0	16
IS	325	63802	63792	1	9
IS	326	63659	63646	1	12
IS	327	63316	63305	0	11
IS	328	62589	62573	0	16
IS	329	62514	62497	0	17
IS	330	62175	62161	0	14
IS	331	61713	61693	0	20
IS	332	61241	61228	1	12
IS	333	60729	60708	0	21
IS	334	59807	59793	0	14
IS	335	59611	59595	1	15
IS	336	58809	58795	1	13
IS	337	58250	58237	1	12
IS	338	57762	57743	0	19
IS	339	57639	57628	0	11
IS	340	57682	57669	0	13
IS	341	56817	56803	0	14
IS	342	56424	56404	1	19
IS	343	55780	55765	0	15
IS	344	55255	55233	0	22
IS	345	54567	54557	0	10
IS	346	54616	54592	0	24
IS	347	53731	53712	0	19
IS	348	53218	53204	0	14
IS	349	53295	53275	0	20
IS	350	53041	53023	2	16
IS	351	52507	52482	0	25
IS	352	51945	51935	0	10
IS	353	51326	51312	0	14
IS	354	50887	50872	1	14
IS	355	50096	50079	0	17
IS	356	50453	50432	0	21
IS	357	49144	49127	0	17
IS	358	49219	49209	0	10
IS	359	48457	48442	0	15
IS	360	48216	48194	1	21
IS	361	47486	47476	1	9
IS	362	47594	47583	0	11
IS	363	47156	47139	0	17
IS	364	46622	46617	0	5
IS	365	46540	46527	0	13
IS	366	45235	45223	1	11
IS	367	45124	45109	0	15
IS	368	44691	44671	0	20
IS	369	44328	44314	0	14
IS	370	44004	43998	0	6
IS	371	43890	43885	0	5
IS	372	43117	43103	0	14
IS	373	42935	42924	0	11
IS	374	42443	42429	0	14
IS	375	42084	42072	1	11
IS	376	41522	41513	0	9
IS	377	40920	40910	1	9
IS	378	40741	40726	1	14
IS	379	40085	40073	0	12
IS	380	39995	39986	0	9
IS	381	39510	39494	1	15
IS	382	39544	39529	0	15
IS	383	38933	38913	0	20
IS	384	38595	38580	0	15
IS	385	38131	38118	1	12
IS	386	37416	37402	0	14
IS	387	37162	37152	0	10
IS	388	36999	36983	1	15
IS	389	36516	36504	0	12
IS	390	35713	35698	0	15
IS	391	36224	36210	1	13
IS	392	35424	35413	0	11
IS	393	35171	35158	0	13
IS	394	34831	34816	0	15
IS	395	34330	34318	0	12
IS	396	34055	34038	1	16
IS	397	33792	33784	1	7
IS	398	33688	33669	1	18
IS	399	33045	33033	0	12
IS	400	32538	32516	1	21
IS	401	32226	32206	1	19
IS	402	32027	32014	3	10
IS	403	31624	31609	1	14
IS	404	31560	31545	2	13
IS	405	31211	31193	2	16
IS	406	30804	30790	0	14
IS	407	30326	30305	2	19
IS	408	30177	30164	0	13
IS	409	30033	30016	0	17
IS	410	29568	29556	0	12
IS	411	29098	29084	0	14
IS	412	28917	28904	1	12
IS	413	28706	28691	1	14
IS	414	28830	28814	1	15
IS	415	28067	28051	1	15
IS	416	27736	27730	0	6
IS	417	27253	27239	2	12
IS	418	27120	27106	1	13
IS	419	26889	26876	1	12
IS	420	26413	26398	1	14
IS	421	26412	26397	0	15
IS	422	25909	25895	0	14
IS	423	25590	25576	0	14
IS	424	25309	25297	0	12
IS	425	25257	25240	0	17
IS	426	24685	24674	2	9
IS	427	24712	24700	1	11
IS	428	24109	24096	1	12
IS	429	24246	24236	0	10
IS	430	23746	23732	1	13
IS	431	23614	23601	0	13
IS	432	22962	22948	0	14
IS	433	23071	23054	1	16
IS	434	22641	22630	1	10
IS	435	22604	22588	1	15
IS	436	22561	22542	0	19
IS	437	22011	22000	0	11
IS	438	21477	21462	0	15
IS	439	21447	21432	1	14
IS	440	21311	21300	0	11
IS	441	21043	21029	0	14
IS	442	20553	20533	0	20
IS	443	20304	20294	0	10
IS	444	20499	20485	0	14
IS	445	20225	20210	0	15
IS	446	19973	19959	0	14
IS	447	19501	19491	0	10
IS	448	19425	19413	0	12
IS	449	19245	19231	0	14
IS	450	18927	18915	0	12
IS	451	18866	18855	2	9
IS	452	18453	18435	0	18
IS	453	18145	18125	0	20
IS	454	18109	18097	0	12
IS	455	17623	17612	1	10
IS	456	17548	17535	0	13
IS	457	17356	17342	0	14
IS	458	17122	17106	1	15
IS	459	16824	16799	0	25
IS	460	16764	16748	0	16
IS	461	16523	16514	1	8
IS	462	16345	16333	0	12
IS	463	16011	15999	0	12
IS	464	15944	15929	0	15
IS	465	15812	15799	0	13
IS	466	15749	15739	0	10
IS	467	15325	15320	0	5
IS	468	15228	15210	0	18
IS	469	14903	14875	0	28
IS	470	14706	14699	0	7
IS	471	14715	14701	2	12
IS	472	14336	14313	0	23
IS	473	14236	14221	0	15
IS	474	14204	14187	0	17
IS	475	14078	14066	0	12
IS	476	14086	14080	0	6
IS	477	13573	13561	1	11
IS	478	13471	13460	0	11
IS	479	13387	13379	0	8
IS	480	13080	13062	0	18
IS	481	12879	12866	0	13
IS	482	12780	12760	1	19
IS	483	12615	12599	0	16
IS	484	12656	12640	0	16
IS	485	12421	12405	2	14
IS	486	12231	12224	0	7
IS	487	12199	12185	0	14
IS	488	11752	11736	0	16
IS	489	11706	11691	0	15
IS	490	11646	11632	1	13
IS	491	11461	11452	0	9
IS	492	11153	11130	0	23
IS	493	11148	11137	0	11
IS	494	11061	11039	0	22
IS	495	10685	10675	1	9
IS	496	10816	10803	0	13
IS	497	10560	10546	0	14
IS	498	10455	10443	0	12
IS	499	10264	10255	0	9
IS	500	10132	10117	0	15
IS	501	9864	9850	1	13
IS	502	9871	9863	0	8
IS	503	9816	9804	0	12
IS	504	9659	9651	0	8
IS	505	9548	9536	0	12
IS	506	9319	9311	0	8
IS	507	9168	9155	2	11
IS	508	8969	8957	0	12
IS	509	8921	8914	0	7
IS	510	8939	8922	0	17
IS	511	8720	8708	0	12
IS	512	8665	8653	0	12
IS	513	8656	8636	0	20
IS	514	8259	8250	0	9
IS	515	8222	8210	0	12
IS	516	8231	8217	0	14
IS	517	8048	8036	0	12
IS	518	7916	7908	0	8
IS	519	7887	7873	1	13
IS	520	7709	7695	0	14
IS	521	7677	7669	1	7
IS	522	7530	7515	0	15
IS	523	7477	7463	0	14
IS	524	7303	7287	0	16
IS	525	7391	7384	0	7
IS	526	7032	7022	0	10
IS	527	7122	7102	1	19
IS	528	7115	7098	0	17
IS	529	7005	6987	0	18
IS	530	6705	6685	1	19
IS	531	6504	6488	0	16
IS	532	6504	6492	1	11
IS	533	6631	6607	0	24
IS	534	6429	6410	0	19
IS	535	6435	6422	2	11
IS	536	6211	6196	0	15
IS	537	6109	6093	0	16
IS	538	6087	6072	0	15
IS	539	5903	5893	0	10
IS	540	5860	5843	0	17
IS	541	5788	5772	0	16
IS	542	5650	5638	0	12
IS	543	5641	5624	0	17
IS	544	5663	5648	0	15
IS	545	5325	5312	0	13
IS	546	5226	5210	0	16
IS	547	5217	5202	0	15
IS	548	5327	5318	0	9
IS	549	5176	5163	1	12
IS	550	5137	5119	1	17
IS	551	5107	5093	1	13
IS	552	4863	4845	0	18
IS	553	4970	4952	1	17
IS	554	4691	4669	1	21
IS	555	4766	4753	0	13
IS	556	4675	4658	0	17
IS	557	4570	4559	0	11
IS	558	4517	4499	1	17
IS	559	4384	4366	2	16
IS	560	4298	4285	0	13
IS	561	4287	4272	0	15
IS	562	4146	4136	0	10
IS	563	4243	4229	0	14
IS	564	4122	4109	1	12
IS	565	4070	4064	1	5
IS	566	3880	3867	0	13
IS	567	3972	3954	0	18
IS	568	3877	3865	0	12
IS	569	3846	3835	0	11
IS	570	3793	3779	0	14
IS	571	3666	3648	0	18
IS	572	3709	3694	0	15
IS	573	3596	3582	0	14
IS	574	3634	3622	0	12
IS	575	3500	3484	2	14
# Read lengths. Use `grep ^RL | cut -f 2-` to extract this part. The columns are: read length, count
RL	36	13194
RL	37	14150
RL	38	14455
RL	39	16667
RL	40	14726
RL	41	14312
RL	42	14262
RL	43	14394
RL	44	15455
RL	45	15167
RL	46	14931
RL	47	14349
RL	48	14178
RL	49	14829
RL	50	14552
RL	51	14771
RL	52	16970
RL	53	17993
RL	54	17846
RL	55	16214
RL	56	15868
RL	57	15180
RL	58	15902
RL	59	15713
RL	60	15777
RL	61	15908
RL	62	16032
RL	63	17231
RL	64	18710
RL	65	16982
RL	66	15981
RL	67	16009
RL	68	18029
RL	69	17708
RL	70	17608
RL	71	18812
RL	72	16721
RL	73	16537
RL	74	17701
RL	75	19230
RL	76	19399
RL	77	19089
RL	78	18374
RL	79	17759
RL	80	17952
RL	81	18938
RL	82	19436
RL	83	20922
RL	84	23154
RL	85	21870
RL	86	20237
RL	87	19391
RL	88	19877
RL	89	20475
RL	90	20468
RL	91	20439
RL	92	21267
RL	93	23520
RL	94	23680
RL	95	23601
RL	96	23227
RL	97	22727
RL	98	22280
RL	99	22399
RL	100	22924
RL	101	24490
RL	102	24608
RL	103	24652
RL	104	24705
RL	105	25000
RL	106	26528
RL	107	26912
RL	108	26636
RL	109	26251
RL	110	27102
RL	111	26895
RL	112	27416
RL	113	28786
RL	114	28596
RL	115	29846
RL	116	31569
RL	117	32620
RL	118	33035
RL	119	31856
RL	120	32258
RL	121	33355
RL	122	33368
RL	123	35009
RL	124	37184
RL	125	41584
RL	126	44526
RL	127	62208
RL	128	55656
RL	129	51780
RL	130	52743
RL	131	61526
RL	132	72150
RL	133	75287
RL	134	84632
RL	135	91810
RL	136	97913
RL	137	106951
RL	138	126448
RL	139	162283
RL	140	230831
RL	141	332254
RL	142	286738
RL	143	477170
RL	144	1154991
RL	145	2327747
RL	146	1230978
RL	147	5151064
RL	148	30063676
# Read lengths - first fragments. Use `grep ^FRL | cut -f 2-` to extract this part. The columns are: read length, count
FRL	36	6633
FRL	37	7111
FRL	38	7301
FRL	39	8386
FRL	40	7544
FRL	41	7266
FRL	42	7196
FRL	43	7433
FRL	44	7915
FRL	45	7695
FRL	46	7600
FRL	47	7310
FRL	48	7241
FRL	49	7515
FRL	50	7415
FRL	51	7449
FRL	52	8735
FRL	53	9087
FRL	54	9117
FRL	55	8312
FRL	56	8206
FRL	57	7813
FRL	58	8090
FRL	59	8025
FRL	60	8054
FRL	61	8272
FRL	62	8266
FRL	63	8914
FRL	64	9699
FRL	65	8894
FRL	66	8401
FRL	67	8376
FRL	68	9437
FRL	69	9214
FRL	70	9205
FRL	71	9809
FRL	72	8973
FRL	73	8809
FRL	74	9463
FRL	75	10208
FRL	76	10284
FRL	77	10247
FRL	78	9964
FRL	79	9640
FRL	80	9835
FRL	81	10297
FRL	82	10824
FRL	83	11385
FRL	84	12607
FRL	85	12004
FRL	86	11356
FRL	87	10930
FRL	88	11219
FRL	89	11688
FRL	90	11817
FRL	91	11585
FRL	92	12201
FRL	93	13218
FRL	94	13553
FRL	95	13541
FRL	96	13290
FRL	97	13071
FRL	98	13106
FRL	99	13289
FRL	100	13741
FRL	101	14548
FRL	102	14724
FRL	103	14825
FRL	104	15165
FRL	105	15318
FRL	106	16257
FRL	107	16417
FRL	108	16391
FRL	109	16285
FRL	110	17077
FRL	111	17009
FRL	112	17480
FRL	113	18342
FRL	114	18323
FRL	115	19270
FRL	116	20153
FRL	117	21220
FRL	118	21102
FRL	119	20993
FRL	120	21575
FRL	121	22543
FRL	122	22484
FRL	123	23945
FRL	124	25441
FRL	125	28918
FRL	126	32239
FRL	127	49934
FRL	128	42934
FRL	129	38702
FRL	130	38805
FRL	131	38698
FRL	132	41296
FRL	133	45361
FRL	134	46359
FRL	135	51228
FRL	136	54305
FRL	137	59823
FRL	138	73167
FRL	139	90151
FRL	140	123118
FRL	141	182633
FRL	142	158599
FRL	143	271426
FRL	144	646741
FRL	145	1389486
FRL	146	793099
FRL	147	2846193
FRL	148	13937858
# Read lengths - last fragments. Use `grep ^LRL | cut -f 2-` to extract this part. The columns are: read length, count
LRL	36	6561
LRL	37	7039
LRL	38	7154
LRL	39	8281
LRL	40	7182
LRL	41	7046
LRL	42	7066
LRL	43	6961
LRL	44	7540
LRL	45	7472
LRL	46	7331
LRL	47	7039
LRL	48	6937
LRL	49	7314
LRL	50	7137
LRL	51	7322
LRL	52	8235
LRL	53	8906
LRL	54	8729
LRL	55	7902
LRL	56	7662
LRL	57	7367
LRL	58	7812
LRL	59	7688
LRL	60	7723
LRL	61	7636
LRL	62	7766
LRL	63	8317
LRL	64	9011
LRL	65	8088
LRL	66	7580
LRL	67	7633
LRL	68	8592
LRL	69	8494
LRL	70	8403
LRL	71	9003
LRL	72	7748
LRL	73	7728
LRL	74	8238
LRL	75	9022
LRL	76	9115
LRL	77	8842
LRL	78	8410
LRL	79	8119
LRL	80	8117
LRL	81	8641
LRL	82	8612
LRL	83	9537
LRL	84	10547
LRL	85	9866
LRL	86	8881
LRL	87	8461
LRL	88	8658
LRL	89	8787
LRL	90	8651
LRL	91	8854
LRL	92	9066
LRL	93	10302
LRL	94	10127
LRL	95	10060
LRL	96	9937
LRL	97	9656
LRL	98	9174
LRL	99	9110
LRL	100	9183
LRL	101	9942
LRL	102	9884
LRL	103	9827
LRL	104	9540
LRL	105	9682
LRL	106	10271
LRL	107	10495
LRL	108	10245
LRL	109	9966
LRL	110	10025
LRL	111	9886
LRL	112	9936
LRL	113	10444
LRL	114	10273
LRL	115	10576
LRL	116	11416
LRL	117	11400
LRL	118	11933
LRL	119	10863
LRL	120	10683
LRL	121	10812
LRL	122	10884
LRL	123	11064
LRL	124	11743
LRL	125	12666
LRL	126	12287
LRL	127	12274
LRL	128	12722
LRL	129	13078
LRL	130	13938
LRL	131	22828
LRL	132	30854
LRL	133	29926
LRL	134	38273
LRL	135	40582
LRL	136	43608
LRL	137	47128
LRL	138	53281
LRL	139	72132
LRL	140	107713
LRL	141	149621
LRL	142	128139
LRL	143	205744
LRL	144	508250
LRL	145	938261
LRL	146	437879
LRL	147	2304871
LRL	148	16125818
# Indel distribution. Use `grep ^ID | cut -f 2-` to extract this part. The columns are: length, number of insertions, number of deletions
ID	1	983302	208609
ID	2	54470	73140
ID	3	22480	32546
ID	4	25664	34278
ID	5	17395	10166
ID	6	6321	9033
ID	7	2028	2340
ID	8	3356	5266
ID	9	2176	2688
ID	10	3523	3152
ID	11	598	1095
ID	12	1398	2630
ID	13	383	995
ID	14	639	1403
ID	15	996	1393
ID	16	445	1029
ID	17	169	376
ID	18	553	825
ID	19	148	233
ID	20	319	504
ID	21	293	504
ID	22	95	377
ID	23	104	167
ID	24	185	490
ID	25	77	167
ID	26	39	139
ID	27	68	117
ID	28	27	86
ID	29	33	44
ID	30	42	272
ID	31	9	27
ID	32	14	50
ID	33	10	29
ID	34	9	57
ID	35	9	32
ID	36	5	56
ID	37	1	18
ID	38	0	27
ID	39	1	8
ID	40	0	15
ID	41	0	5
ID	42	5	19
ID	43	0	6
ID	44	0	13
ID	45	0	18
ID	46	0	3
ID	47	0	5
ID	48	0	16
ID	49	0	6
ID	50	0	1
ID	51	0	1
ID	52	0	21
ID	54	0	3
ID	55	0	2
ID	56	0	3
ID	57	0	11
ID	59	0	1
ID	61	0	1
ID	62	0	1
ID	63	0	3
ID	65	0	1
ID	66	0	1
# Indels per cycle. Use `grep ^IC | cut -f 2-` to extract this part. The columns are: cycle, number of insertions (fwd), .. (rev) , number of deletions (fwd), .. (rev)
IC	1	1	0	0	0
IC	2	0	0	3	1
IC	3	0	1	317	318
IC	4	1149	314	420	409
IC	5	25875	4214	480	472
IC	6	2826	481	556	529
IC	7	114893	478	622	729
IC	8	1744	594	802	917
IC	9	1056	607	864	1027
IC	10	1016	668	879	1093
IC	11	1157	1005	1006	1182
IC	12	6063	791	978	1174
IC	13	9102	833	1030	1192
IC	14	951	801	1094	1248
IC	15	5950	1209	1064	1318
IC	16	929	941	1169	1241
IC	17	1272	824	1173	1224
IC	18	913	979	1191	1303
IC	19	5652	4501	1260	1398
IC	20	989	1271	1224	1381
IC	21	962	7589	1285	1387
IC	22	997	1288	1330	1396
IC	23	1018	1093	1332	1461
IC	24	1003	1057	1370	1402
IC	25	1068	1384	1418	1436
IC	26	1179	1088	1342	1458
IC	27	1432	1288	1431	1537
IC	28	1193	1115	1433	1526
IC	29	1535	1115	1363	1488
IC	30	4966	1064	1369	1496
IC	31	1871	1236	1490	1487
IC	32	1899	1652	1433	1545
IC	33	1612	1172	1423	1462
IC	34	1855	2752	1473	1551
IC	35	3037	1267	1339	1618
IC	36	1493	1127	1548	1618
IC	37	1265	1230	1512	1662
IC	38	1894	1894	1499	1640
IC	39	1745	1165	1473	1592
IC	40	1260	1203	1511	1556
IC	41	1603	1325	1465	1528
IC	42	1576	10766	1543	1588
IC	43	5487	9434	1467	1634
IC	44	54632	1156	1521	1596
IC	45	2378	1156	1559	1557
IC	46	1529	1122	1569	1653
IC	47	1552	1144	1527	1647
IC	48	1226	1107	1539	1674
IC	49	1177	1097	1469	1604
IC	50	2309	1453	1535	1605
IC	51	1831	1102	1478	1690
IC	52	15469	1126	1555	1661
IC	53	43911	1067	1578	1598
IC	54	2264	1115	1530	1705
IC	55	1779	1093	1589	1644
IC	56	7052	1177	1553	1658
IC	57	1279	1167	1563	1615
IC	58	1530	2199	1538	1624
IC	59	3192	1133	1543	1644
IC	60	1303	1259	1611	1572
IC	61	1742	2035	1541	1524
IC	62	1233	22213	1466	1604
IC	63	1673	1674	1531	1617
IC	64	1703	1207	1660	1604
IC	65	1262	1151	1571	1622
IC	66	1318	1120	1473	1552
IC	67	1808	1219	1619	1608
IC	68	33041	1077	1557	1581
IC	69	1748	1525	1607	1579
IC	70	1323	1188	1635	1632
IC	71	2611	1062	1609	1571
IC	72	3959	1136	1520	1635
IC	73	5927	1119	1541	1605
IC	74	1469	1147	1516	1497
IC	75	1240	1221	1462	1636
IC	76	1204	1205	1452	1578
IC	77	1581	1598	1567	1548
IC	78	2439	4649	1522	1525
IC	79	1227	27491	1523	1645
IC	80	1265	2149	1505	1545
IC	81	2068	1289	1464	1536
IC	82	5867	1149	1491	1568
IC	83	1287	1226	1556	1594
IC	84	1196	1425	1510	1609
IC	85	1151	3167	1499	1536
IC	86	1202	16311	1540	1610
IC	87	1155	1761	1517	1577
IC	88	1289	1209	1569	1537
IC	89	1197	1100	1472	1515
IC	90	1378	1108	1438	1519
IC	91	2889	1251	1395	1550
IC	92	15127	2089	1479	1583
IC	93	2655	5452	1470	1475
IC	94	1235	5084	1459	1424
IC	95	1121	2018	1444	1412
IC	96	1103	2886	1442	1515
IC	97	1143	1174	1463	1402
IC	98	1397	1099	1392	1376
IC	99	2901	1339	1404	1452
IC	100	2894	1040	1385	1465
IC	101	6720	1057	1284	1450
IC	102	1767	1049	1412	1443
IC	103	1656	1070	1325	1447
IC	104	2055	1146	1383	1482
IC	105	6977	1779	1359	1393
IC	106	23982	3203	1350	1464
IC	107	2422	1876	1383	1368
IC	108	1053	2958	1304	1414
IC	109	902	6223	1316	1298
IC	110	924	1521	1279	1377
IC	111	1079	964	1262	1294
IC	112	849	903	1224	1295
IC	113	872	946	1226	1403
IC	114	844	901	1174	1293
IC	115	890	944	1161	1347
IC	116	918	925	1220	1316
IC	117	1126	1008	1158	1309
IC	118	2743	969	1129	1251
IC	119	1053	1119	1071	1249
IC	120	773	1509	1040	1231
IC	121	1115	4506	1045	1210
IC	122	844	7957	999	1181
IC	123	641	3409	949	1244
IC	124	592	2104	1031	1255
IC	125	617	1359	1127	1127
IC	126	809	1839	1714	1159
IC	127	1430	2256	5167	1095
IC	128	5545	1691	4364	1075
IC	129	4252	2575	2174	1094
IC	130	3539	10233	1347	1083
IC	131	2951	14385	2130	1007
IC	132	3370	8127	1784	947
IC	133	2453	1966	2602	1014
IC	134	3067	1429	2841	923
IC	135	5061	1736	2722	854
IC	136	13272	4189	1039	795
IC	137	19182	4943	693	814
IC	138	12844	2486	705	787
IC	139	45965	629	587	688
IC	140	80384	581	556	587
IC	141	24243	546	492	500
IC	142	5108	524	476	588
IC	143	873	622	528	607
IC	144	421	868	1117	985
IC	145	550	1845	2837	256
IC	146	0	0	0	1
# Coverage distribution. Use `grep ^COV | cut -f 2-` to extract this part.
COV	[1-1]	1	248352454
COV	[2-2]	2	97709671
COV	[3-3]	3	31525673
COV	[4-4]	4	18495326
COV	[5-5]	5	10753185
COV	[6-6]	6	8131782
COV	[7-7]	7	6461544
COV	[8-8]	8	5569168
COV	[9-9]	9	4904035
COV	[10-10]	10	4450503
COV	[11-11]	11	4055984
COV	[12-12]	12	3735719
COV	[13-13]	13	3456844
COV	[14-14]	14	3250975
COV	[15-15]	15	3055000
COV	[16-16]	16	2883392
COV	[17-17]	17	2732630
COV	[18-18]	18	2596791
COV	[19-19]	19	2474570
COV	[20-20]	20	2377547
COV	[21-21]	21	2279125
COV	[22-22]	22	2190902
COV	[23-23]	23	2112113
COV	[24-24]	24	2047662
COV	[25-25]	25	1980850
COV	[26-26]	26	1928306
COV	[27-27]	27	1872360
COV	[28-28]	28	1817705
COV	[29-29]	29	1772302
COV	[30-30]	30	1735030
COV	[31-31]	31	1691531
COV	[32-32]	32	1659537
COV	[33-33]	33	1622430
COV	[34-34]	34	1592010
COV	[35-35]	35	1565442
COV	[36-36]	36	1541579
COV	[37-37]	37	1516169
COV	[38-38]	38	1488086
COV	[39-39]	39	1463717
COV	[40-40]	40	1438551
COV	[41-41]	41	1424136
COV	[42-42]	42	1403724
COV	[43-43]	43	1383799
COV	[44-44]	44	1362262
COV	[45-45]	45	1339457
COV	[46-46]	46	1319784
COV	[47-47]	47	1299877
COV	[48-48]	48	1280882
COV	[49-49]	49	1259738
COV	[50-50]	50	1235560
COV	[51-51]	51	1214779
COV	[52-52]	52	1191904
COV	[53-53]	53	1170491
COV	[54-54]	54	1149240
COV	[55-55]	55	1126632
COV	[56-56]	56	1101377
COV	[57-57]	57	1079209
COV	[58-58]	58	1057974
COV	[59-59]	59	1036100
COV	[60-60]	60	1015742
COV	[61-61]	61	991728
COV	[62-62]	62	968208
COV	[63-63]	63	945127
COV	[64-64]	64	923270
COV	[65-65]	65	902189
COV	[66-66]	66	880654
COV	[67-67]	67	857699
COV	[68-68]	68	832090
COV	[69-69]	69	809977
COV	[70-70]	70	789678
COV	[71-71]	71	764544
COV	[72-72]	72	740525
COV	[73-73]	73	720374
COV	[74-74]	74	700227
COV	[75-75]	75	679746
COV	[76-76]	76	658550
COV	[77-77]	77	637464
COV	[78-78]	78	617845
COV	[79-79]	79	599033
COV	[80-80]	80	577864
COV	[81-81]	81	557887
COV	[82-82]	82	540370
COV	[83-83]	83	523119
COV	[84-84]	84	504225
COV	[85-85]	85	487370
COV	[86-86]	86	468100
COV	[87-87]	87	451965
COV	[88-88]	88	433428
COV	[89-89]	89	416561
COV	[90-90]	90	403086
COV	[91-91]	91	387643
COV	[92-92]	92	373018
COV	[93-93]	93	358789
COV	[94-94]	94	346946
COV	[95-95]	95	333038
COV	[96-96]	96	319591
COV	[97-97]	97	307537
COV	[98-98]	98	296135
COV	[99-99]	99	282722
COV	[100-100]	100	271803
COV	[101-101]	101	261459
COV	[102-102]	102	249680
COV	[103-103]	103	239650
COV	[104-104]	104	229457
COV	[105-105]	105	219661
COV	[106-106]	106	212290
COV	[107-107]	107	201592
COV	[108-108]	108	193636
COV	[109-109]	109	184549
COV	[110-110]	110	175946
COV	[111-111]	111	169141
COV	[112-112]	112	161954
COV	[113-113]	113	154227
COV	[114-114]	114	147985
COV	[115-115]	115	139868
COV	[116-116]	116	132794
COV	[117-117]	117	127985
COV	[118-118]	118	122612
COV	[119-119]	119	116658
COV	[120-120]	120	111763
COV	[121-121]	121	106154
COV	[122-122]	122	102041
COV	[123-123]	123	98379
COV	[124-124]	124	93607
COV	[125-125]	125	89712
COV	[126-126]	126	86575
COV	[127-127]	127	80963
COV	[128-128]	128	78037
COV	[129-129]	129	74867
COV	[130-130]	130	71169
COV	[131-131]	131	67924
COV	[132-132]	132	64648
COV	[133-133]	133	62133
COV	[134-134]	134	59068
COV	[135-135]	135	56220
COV	[136-136]	136	53595
COV	[137-137]	137	51996
COV	[138-138]	138	49832
COV	[139-139]	139	47583
COV	[140-140]	140	45787
COV	[141-141]	141	43797
COV	[142-142]	142	41765
COV	[143-143]	143	40068
COV	[144-144]	144	38266
COV	[145-145]	145	36754
COV	[146-146]	146	35407
COV	[147-147]	147	33833
COV	[148-148]	148	32924
COV	[149-149]	149	31620
COV	[150-150]	150	29609
COV	[151-151]	151	28703
COV	[152-152]	152	27487
COV	[153-153]	153	26444
COV	[154-154]	154	24928
COV	[155-155]	155	24406
COV	[156-156]	156	23461
COV	[157-157]	157	22126
COV	[158-158]	158	21824
COV	[159-159]	159	20832
COV	[160-160]	160	20292
COV	[161-161]	161	19877
COV	[162-162]	162	18773
COV	[163-163]	163	18144
COV	[164-164]	164	17653
COV	[165-165]	165	17203
COV	[166-166]	166	16844
COV	[167-167]	167	16403
COV	[168-168]	168	15684
COV	[169-169]	169	15313
COV	[170-170]	170	14747
COV	[171-171]	171	14523
COV	[172-172]	172	13876
COV	[173-173]	173	13203
COV	[174-174]	174	13032
COV	[175-175]	175	12587
COV	[176-176]	176	12052
COV	[177-177]	177	11805
COV	[178-178]	178	11394
COV	[179-179]	179	11242
COV	[180-180]	180	10913
COV	[181-181]	181	10630
COV	[182-182]	182	10450
COV	[183-183]	183	10161
COV	[184-184]	184	9965
COV	[185-185]	185	9877
COV	[186-186]	186	9440
COV	[187-187]	187	9089
COV	[188-188]	188	9092
COV	[189-189]	189	8608
COV	[190-190]	190	8502
COV	[191-191]	191	8176
COV	[192-192]	192	8167
COV	[193-193]	193	7718
COV	[194-194]	194	7453
COV	[195-195]	195	7359
COV	[196-196]	196	6987
COV	[197-197]	197	6844
COV	[198-198]	198	6807
COV	[199-199]	199	6494
COV	[200-200]	200	6587
COV	[201-201]	201	6441
COV	[202-202]	202	6176
COV	[203-203]	203	6235
COV	[204-204]	204	6044
COV	[205-205]	205	5858
COV	[206-206]	206	5876
COV	[207-207]	207	5556
COV	[208-208]	208	5583
COV	[209-209]	209	5466
COV	[210-210]	210	5423
COV	[211-211]	211	5047
COV	[212-212]	212	5159
COV	[213-213]	213	4936
COV	[214-214]	214	5060
COV	[215-215]	215	4832
COV	[216-216]	216	4812
COV	[217-217]	217	4620
COV	[218-218]	218	4499
COV	[219-219]	219	4512
COV	[220-220]	220	4313
COV	[221-221]	221	4323
COV	[222-222]	222	4382
COV	[223-223]	223	4177
COV	[224-224]	224	4183
COV	[225-225]	225	4102
COV	[226-226]	226	4012
COV	[227-227]	227	3977
COV	[228-228]	228	3905
COV	[229-229]	229	3788
COV	[230-230]	230	3700
COV	[231-231]	231	3611
COV	[232-232]	232	3553
COV	[233-233]	233	3609
COV	[234-234]	234	3434
COV	[235-235]	235	3284
COV	[236-236]	236	3215
COV	[237-237]	237	3190
COV	[238-238]	238	3244
COV	[239-239]	239	3234
COV	[240-240]	240	3207
COV	[241-241]	241	3115
COV	[242-242]	242	3004
COV	[243-243]	243	2827
COV	[244-244]	244	2767
COV	[245-245]	245	2729
COV	[246-246]	246	2597
COV	[247-247]	247	2488
COV	[248-248]	248	2449
COV	[249-249]	249	2403
COV	[250-250]	250	2407
COV	[251-251]	251	2250
COV	[252-252]	252	2310
COV	[253-253]	253	2271
COV	[254-254]	254	2305
COV	[255-255]	255	2280
COV	[256-256]	256	2095
COV	[257-257]	257	2089
COV	[258-258]	258	2029
COV	[259-259]	259	2047
COV	[260-260]	260	2027
COV	[261-261]	261	1862
COV	[262-262]	262	1823
COV	[263-263]	263	1728
COV	[264-264]	264	1789
COV	[265-265]	265	1841
COV	[266-266]	266	1807
COV	[267-267]	267	1664
COV	[268-268]	268	1630
COV	[269-269]	269	1695
COV	[270-270]	270	1679
COV	[271-271]	271	1667
COV	[272-272]	272	1673
COV	[273-273]	273	1684
COV	[274-274]	274	1466
COV	[275-275]	275	1501
COV	[276-276]	276	1457
COV	[277-277]	277	1340
COV	[278-278]	278	1304
COV	[279-279]	279	1238
COV	[280-280]	280	1352
COV	[281-281]	281	1281
COV	[282-282]	282	1295
COV	[283-283]	283	1237
COV	[284-284]	284	1179
COV	[285-285]	285	1118
COV	[286-286]	286	1205
COV	[287-287]	287	1153
COV	[288-288]	288	1152
COV	[289-289]	289	1152
COV	[290-290]	290	1051
COV	[291-291]	291	1071
COV	[292-292]	292	1023
COV	[293-293]	293	1045
COV	[294-294]	294	991
COV	[295-295]	295	1032
COV	[296-296]	296	989
COV	[297-297]	297	905
COV	[298-298]	298	1026
COV	[299-299]	299	1047
COV	[300-300]	300	991
COV	[301-301]	301	971
COV	[302-302]	302	923
COV	[303-303]	303	958
COV	[304-304]	304	910
COV	[305-305]	305	876
COV	[306-306]	306	806
COV	[307-307]	307	847
COV	[308-308]	308	861
COV	[309-309]	309	805
COV	[310-310]	310	743
COV	[311-311]	311	776
COV	[312-312]	312	759
COV	[313-313]	313	751
COV	[314-314]	314	723
COV	[315-315]	315	700
COV	[316-316]	316	713
COV	[317-317]	317	793
COV	[318-318]	318	767
COV	[319-319]	319	797
COV	[320-320]	320	759
COV	[321-321]	321	757
COV	[322-322]	322	777
COV	[323-323]	323	783
COV	[324-324]	324	756
COV	[325-325]	325	747
COV	[326-326]	326	783
COV	[327-327]	327	787
COV	[328-328]	328	715
COV	[329-329]	329	726
COV	[330-330]	330	719
COV	[331-331]	331	730
COV	[332-332]	332	721
COV	[333-333]	333	689
COV	[334-334]	334	699
COV	[335-335]	335	640
COV	[336-336]	336	685
COV	[337-337]	337	633
COV	[338-338]	338	660
COV	[339-339]	339	651
COV	[340-340]	340	615
COV	[341-341]	341	634
COV	[342-342]	342	592
COV	[343-343]	343	566
COV	[344-344]	344	592
COV	[345-345]	345	545
COV	[346-346]	346	562
COV	[347-347]	347	553
COV	[348-348]	348	549
COV	[349-349]	349	528
COV	[350-350]	350	557
COV	[351-351]	351	572
COV	[352-352]	352	541
COV	[353-353]	353	554
COV	[354-354]	354	509
COV	[355-355]	355	532
COV	[356-356]	356	480
COV	[357-357]	357	509
COV	[358-358]	358	479
COV	[359-359]	359	457
COV	[360-360]	360	484
COV	[361-361]	361	469
COV	[362-362]	362	442
COV	[363-363]	363	448
COV	[364-364]	364	471
COV	[365-365]	365	460
COV	[366-366]	366	454
COV	[367-367]	367	435
COV	[368-368]	368	458
COV	[369-369]	369	424
COV	[370-370]	370	429
COV	[371-371]	371	416
COV	[372-372]	372	407
COV	[373-373]	373	403
COV	[374-374]	374	440
COV	[375-375]	375	449
COV	[376-376]	376	462
COV	[377-377]	377	460
COV	[378-378]	378	417
COV	[379-379]	379	433
COV	[380-380]	380	436
COV	[381-381]	381	365
COV	[382-382]	382	364
COV	[383-383]	383	387
COV	[384-384]	384	321
COV	[385-385]	385	335
COV	[386-386]	386	353
COV	[387-387]	387	298
COV	[388-388]	388	318
COV	[389-389]	389	340
COV	[390-390]	390	343
COV	[391-391]	391	359
COV	[392-392]	392	303
COV	[393-393]	393	302
COV	[394-394]	394	330
COV	[395-395]	395	336
COV	[396-396]	396	360
COV	[397-397]	397	278
COV	[398-398]	398	319
COV	[399-399]	399	285
COV	[400-400]	400	274
COV	[401-401]	401	279
COV	[402-402]	402	265
COV	[403-403]	403	239
COV	[404-404]	404	251
COV	[405-405]	405	233
COV	[406-406]	406	257
COV	[407-407]	407	231
COV	[408-408]	408	246
COV	[409-409]	409	249
COV	[410-410]	410	226
COV	[411-411]	411	231
COV	[412-412]	412	225
COV	[413-413]	413	255
COV	[414-414]	414	230
COV	[415-415]	415	201
COV	[416-416]	416	218
COV	[417-417]	417	241
COV	[418-418]	418	230
COV	[419-419]	419	189
COV	[420-420]	420	177
COV	[421-421]	421	172
COV	[422-422]	422	217
COV	[423-423]	423	196
COV	[424-424]	424	218
COV	[425-425]	425	202
COV	[426-426]	426	202
COV	[427-427]	427	210
COV	[428-428]	428	216
COV	[429-429]	429	203
COV	[430-430]	430	236
COV	[431-431]	431	229
COV	[432-432]	432	236
COV	[433-433]	433	228
COV	[434-434]	434	199
COV	[435-435]	435	204
COV	[436-436]	436	193
COV	[437-437]	437	210
COV	[438-438]	438	214
COV	[439-439]	439	210
COV	[440-440]	440	231
COV	[441-441]	441	232
COV	[442-442]	442	208
COV	[443-443]	443	245
COV	[444-444]	444	217
COV	[445-445]	445	247
COV	[446-446]	446	236
COV	[447-447]	447	253
COV	[448-448]	448	252
COV	[449-449]	449	230
COV	[450-450]	450	222
COV	[451-451]	451	199
COV	[452-452]	452	210
COV	[453-453]	453	199
COV	[454-454]	454	221
COV	[455-455]	455	221
COV	[456-456]	456	225
COV	[457-457]	457	218
COV	[458-458]	458	228
COV	[459-459]	459	212
COV	[460-460]	460	197
COV	[461-461]	461	230
COV	[462-462]	462	246
COV	[463-463]	463	229
COV	[464-464]	464	218
COV	[465-465]	465	227
COV	[466-466]	466	249
COV	[467-467]	467	229
COV	[468-468]	468	243
COV	[469-469]	469	240
COV	[470-470]	470	213
COV	[471-471]	471	233
COV	[472-472]	472	236
COV	[473-473]	473	232
COV	[474-474]	474	210
COV	[475-475]	475	200
COV	[476-476]	476	214
COV	[477-477]	477	194
COV	[478-478]	478	193
COV	[479-479]	479	182
COV	[480-480]	480	231
COV	[481-481]	481	215
COV	[482-482]	482	199
COV	[483-483]	483	235
COV	[484-484]	484	216
COV	[485-485]	485	183
COV	[486-486]	486	170
COV	[487-487]	487	222
COV	[488-488]	488	201
COV	[489-489]	489	205
COV	[490-490]	490	199
COV	[491-491]	491	211
COV	[492-492]	492	187
COV	[493-493]	493	187
COV	[494-494]	494	181
COV	[495-495]	495	178
COV	[496-496]	496	202
COV	[497-497]	497	204
COV	[498-498]	498	177
COV	[499-499]	499	169
COV	[500-500]	500	195
COV	[501-501]	501	180
COV	[502-502]	502	185
COV	[503-503]	503	153
COV	[504-504]	504	186
COV	[505-505]	505	181
COV	[506-506]	506	160
COV	[507-507]	507	175
COV	[508-508]	508	167
COV	[509-509]	509	149
COV	[510-510]	510	154
COV	[511-511]	511	147
COV	[512-512]	512	141
COV	[513-513]	513	165
COV	[514-514]	514	155
COV	[515-515]	515	147
COV	[516-516]	516	161
COV	[517-517]	517	164
COV	[518-518]	518	151
COV	[519-519]	519	161
COV	[520-520]	520	169
COV	[521-521]	521	166
COV	[522-522]	522	141
COV	[523-523]	523	166
COV	[524-524]	524	153
COV	[525-525]	525	156
COV	[526-526]	526	137
COV	[527-527]	527	163
COV	[528-528]	528	152
COV	[529-529]	529	153
COV	[530-530]	530	163
COV	[531-531]	531	157
COV	[532-532]	532	163
COV	[533-533]	533	158
COV	[534-534]	534	168
COV	[535-535]	535	157
COV	[536-536]	536	135
COV	[537-537]	537	143
COV	[538-538]	538	150
COV	[539-539]	539	136
COV	[540-540]	540	141
COV	[541-541]	541	146
COV	[542-542]	542	141
COV	[543-543]	543	164
COV	[544-544]	544	150
COV	[545-545]	545	153
COV	[546-546]	546	151
COV	[547-547]	547	136
COV	[548-548]	548	144
COV	[549-549]	549	152
COV	[550-550]	550	117
COV	[551-551]	551	119
COV	[552-552]	552	133
COV	[553-553]	553	135
COV	[554-554]	554	125
COV	[555-555]	555	124
COV	[556-556]	556	137
COV	[557-557]	557	131
COV	[558-558]	558	124
COV	[559-559]	559	148
COV	[560-560]	560	120
COV	[561-561]	561	132
COV	[562-562]	562	126
COV	[563-563]	563	113
COV	[564-564]	564	125
COV	[565-565]	565	132
COV	[566-566]	566	127
COV	[567-567]	567	110
COV	[568-568]	568	121
COV	[569-569]	569	128
COV	[570-570]	570	102
COV	[571-571]	571	123
COV	[572-572]	572	126
COV	[573-573]	573	115
COV	[574-574]	574	95
COV	[575-575]	575	98
COV	[576-576]	576	97
COV	[577-577]	577	87
COV	[578-578]	578	110
COV	[579-579]	579	112
COV	[580-580]	580	114
COV	[581-581]	581	84
COV	[582-582]	582	93
COV	[583-583]	583	96
COV	[584-584]	584	94
COV	[585-585]	585	105
COV	[586-586]	586	102
COV	[587-587]	587	103
COV	[588-588]	588	79
COV	[589-589]	589	86
COV	[590-590]	590	81
COV	[591-591]	591	93
COV	[592-592]	592	86
COV	[593-593]	593	87
COV	[594-594]	594	92
COV	[595-595]	595	79
COV	[596-596]	596	101
COV	[597-597]	597	96
COV	[598-598]	598	82
COV	[599-599]	599	68
COV	[600-600]	600	86
COV	[601-601]	601	71
COV	[602-602]	602	79
COV	[603-603]	603	88
COV	[604-604]	604	85
COV	[605-605]	605	61
COV	[606-606]	606	69
COV	[607-607]	607	57
COV	[608-608]	608	63
COV	[609-609]	609	49
COV	[610-610]	610	71
COV	[611-611]	611	57
COV	[612-612]	612	71
COV	[613-613]	613	65
COV	[614-614]	614	54
COV	[615-615]	615	56
COV	[616-616]	616	56
COV	[617-617]	617	54
COV	[618-618]	618	66
COV	[619-619]	619	62
COV	[620-620]	620	61
COV	[621-621]	621	61
COV	[622-622]	622	51
COV	[623-623]	623	76
COV	[624-624]	624	72
COV	[625-625]	625	57
COV	[626-626]	626	62
COV	[627-627]	627	61
COV	[628-628]	628	75
COV	[629-629]	629	69
COV	[630-630]	630	59
COV	[631-631]	631	54
COV	[632-632]	632	64
COV	[633-633]	633	39
COV	[634-634]	634	63
COV	[635-635]	635	58
COV	[636-636]	636	46
COV	[637-637]	637	42
COV	[638-638]	638	51
COV	[639-639]	639	43
COV	[640-640]	640	70
COV	[641-641]	641	64
COV	[642-642]	642	61
COV	[643-643]	643	49
COV	[644-644]	644	44
COV	[645-645]	645	52
COV	[646-646]	646	54
COV	[647-647]	647	49
COV	[648-648]	648	37
COV	[649-649]	649	61
COV	[650-650]	650	43
COV	[651-651]	651	49
COV	[652-652]	652	63
COV	[653-653]	653	56
COV	[654-654]	654	50
COV	[655-655]	655	40
COV	[656-656]	656	58
COV	[657-657]	657	44
COV	[658-658]	658	57
COV	[659-659]	659	77
COV	[660-660]	660	42
COV	[661-661]	661	47
COV	[662-662]	662	55
COV	[663-663]	663	62
COV	[664-664]	664	54
COV	[665-665]	665	49
COV	[666-666]	666	48
COV	[667-667]	667	47
COV	[668-668]	668	48
COV	[669-669]	669	64
COV	[670-670]	670	55
COV	[671-671]	671	55
COV	[672-672]	672	49
COV	[673-673]	673	61
COV	[674-674]	674	44
COV	[675-675]	675	50
COV	[676-676]	676	42
COV	[677-677]	677	53
COV	[678-678]	678	65
COV	[679-679]	679	47
COV	[680-680]	680	44
COV	[681-681]	681	50
COV	[682-682]	682	47
COV	[683-683]	683	55
COV	[684-684]	684	54
COV	[685-685]	685	41
COV	[686-686]	686	56
COV	[687-687]	687	48
COV	[688-688]	688	37
COV	[689-689]	689	43
COV	[690-690]	690	46
COV	[691-691]	691	44
COV	[692-692]	692	53
COV	[693-693]	693	40
COV	[694-694]	694	41
COV	[695-695]	695	37
COV	[696-696]	696	26
COV	[697-697]	697	33
COV	[698-698]	698	34
COV	[699-699]	699	43
COV	[700-700]	700	47
COV	[701-701]	701	32
COV	[702-702]	702	51
COV	[703-703]	703	42
COV	[704-704]	704	34
COV	[705-705]	705	38
COV	[706-706]	706	25
COV	[707-707]	707	37
COV	[708-708]	708	27
COV	[709-709]	709	36
COV	[710-710]	710	25
COV	[711-711]	711	29
COV	[712-712]	712	28
COV	[713-713]	713	27
COV	[714-714]	714	23
COV	[715-715]	715	30
COV	[716-716]	716	35
COV	[717-717]	717	32
COV	[718-718]	718	36
COV	[719-719]	719	30
COV	[720-720]	720	34
COV	[721-721]	721	27
COV	[722-722]	722	34
COV	[723-723]	723	30
COV	[724-724]	724	38
COV	[725-725]	725	28
COV	[726-726]	726	43
COV	[727-727]	727	29
COV	[728-728]	728	32
COV	[729-729]	729	29
COV	[730-730]	730	39
COV	[731-731]	731	37
COV	[732-732]	732	33
COV	[733-733]	733	38
COV	[734-734]	734	42
COV	[735-735]	735	40
COV	[736-736]	736	38
COV	[737-737]	737	33
COV	[738-738]	738	28
COV	[739-739]	739	38
COV	[740-740]	740	26
COV	[741-741]	741	35
COV	[742-742]	742	44
COV	[743-743]	743	39
COV	[744-744]	744	29
COV	[745-745]	745	25
COV	[746-746]	746	27
COV	[747-747]	747	42
COV	[748-748]	748	34
COV	[749-749]	749	47
COV	[750-750]	750	48
COV	[751-751]	751	36
COV	[752-752]	752	35
COV	[753-753]	753	39
COV	[754-754]	754	46
COV	[755-755]	755	42
COV	[756-756]	756	39
COV	[757-757]	757	38
COV	[758-758]	758	28
COV	[759-759]	759	34
COV	[760-760]	760	38
COV	[761-761]	761	36
COV	[762-762]	762	21
COV	[763-763]	763	37
COV	[764-764]	764	30
COV	[765-765]	765	27
COV	[766-766]	766	37
COV	[767-767]	767	36
COV	[768-768]	768	34
COV	[769-769]	769	44
COV	[770-770]	770	34
COV	[771-771]	771	45
COV	[772-772]	772	22
COV	[773-773]	773	52
COV	[774-774]	774	15
COV	[775-775]	775	24
COV	[776-776]	776	21
COV	[777-777]	777	32
COV	[778-778]	778	39
COV	[779-779]	779	36
COV	[780-780]	780	39
COV	[781-781]	781	35
COV	[782-782]	782	31
COV	[783-783]	783	38
COV	[784-784]	784	25
COV	[785-785]	785	24
COV	[786-786]	786	31
COV	[787-787]	787	39
COV	[788-788]	788	39
COV	[789-789]	789	38
COV	[790-790]	790	29
COV	[791-791]	791	29
COV	[792-792]	792	27
COV	[793-793]	793	19
COV	[794-794]	794	28
COV	[795-795]	795	34
COV	[796-796]	796	23
COV	[797-797]	797	32
COV	[798-798]	798	25
COV	[799-799]	799	33
COV	[800-800]	800	30
COV	[801-801]	801	22
COV	[802-802]	802	27
COV	[803-803]	803	29
COV	[804-804]	804	25
COV	[805-805]	805	29
COV	[806-806]	806	32
COV	[807-807]	807	32
COV	[808-808]	808	30
COV	[809-809]	809	32
COV	[810-810]	810	27
COV	[811-811]	811	26
COV	[812-812]	812	31
COV	[813-813]	813	22
COV	[814-814]	814	23
COV	[815-815]	815	17
COV	[816-816]	816	25
COV	[817-817]	817	18
COV	[818-818]	818	27
COV	[819-819]	819	27
COV	[820-820]	820	21
COV	[821-821]	821	26
COV	[822-822]	822	30
COV	[823-823]	823	17
COV	[824-824]	824	23
COV	[825-825]	825	24
COV	[826-826]	826	30
COV	[827-827]	827	30
COV	[828-828]	828	24
COV	[829-829]	829	30
COV	[830-830]	830	30
COV	[831-831]	831	24
COV	[832-832]	832	24
COV	[833-833]	833	23
COV	[834-834]	834	22
COV	[835-835]	835	23
COV	[836-836]	836	29
COV	[837-837]	837	26
COV	[838-838]	838	26
COV	[839-839]	839	31
COV	[840-840]	840	24
COV	[841-841]	841	28
COV	[842-842]	842	22
COV	[843-843]	843	27
COV	[844-844]	844	33
COV	[845-845]	845	24
COV	[846-846]	846	23
COV	[847-847]	847	26
COV	[848-848]	848	24
COV	[849-849]	849	21
COV	[850-850]	850	29
COV	[851-851]	851	22
COV	[852-852]	852	41
COV	[853-853]	853	32
COV	[854-854]	854	29
COV	[855-855]	855	11
COV	[856-856]	856	32
COV	[857-857]	857	28
COV	[858-858]	858	35
COV	[859-859]	859	24
COV	[860-860]	860	31
COV	[861-861]	861	26
COV	[862-862]	862	22
COV	[863-863]	863	22
COV	[864-864]	864	18
COV	[865-865]	865	34
COV	[866-866]	866	35
COV	[867-867]	867	37
COV	[868-868]	868	27
COV	[869-869]	869	22
COV	[870-870]	870	29
COV	[871-871]	871	23
COV	[872-872]	872	28
COV	[873-873]	873	23
COV	[874-874]	874	18
COV	[875-875]	875	28
COV	[876-876]	876	20
COV	[877-877]	877	27
COV	[878-878]	878	28
COV	[879-879]	879	22
COV	[880-880]	880	25
COV	[881-881]	881	29
COV	[882-882]	882	13
COV	[883-883]	883	23
COV	[884-884]	884	12
COV	[885-885]	885	30
COV	[886-886]	886	15
COV	[887-887]	887	27
COV	[888-888]	888	14
COV	[889-889]	889	19
COV	[890-890]	890	19
COV	[891-891]	891	16
COV	[892-892]	892	26
COV	[893-893]	893	26
COV	[894-894]	894	17
COV	[895-895]	895	11
COV	[896-896]	896	21
COV	[897-897]	897	14
COV	[898-898]	898	15
COV	[899-899]	899	13
COV	[900-900]	900	18
COV	[901-901]	901	23
COV	[902-902]	902	11
COV	[903-903]	903	15
COV	[904-904]	904	15
COV	[905-905]	905	16
COV	[906-906]	906	11
COV	[907-907]	907	15
COV	[908-908]	908	12
COV	[909-909]	909	16
COV	[910-910]	910	13
COV	[911-911]	911	15
COV	[912-912]	912	16
COV	[913-913]	913	19
COV	[914-914]	914	13
COV	[915-915]	915	27
COV	[916-916]	916	17
COV	[917-917]	917	22
COV	[918-918]	918	25
COV	[919-919]	919	22
COV	[920-920]	920	18
COV	[921-921]	921	12
COV	[922-922]	922	19
COV	[923-923]	923	9
COV	[924-924]	924	16
COV	[925-925]	925	25
COV	[926-926]	926	24
COV	[927-927]	927	23
COV	[928-928]	928	16
COV	[929-929]	929	26
COV	[930-930]	930	15
COV	[931-931]	931	18
COV	[932-932]	932	22
COV	[933-933]	933	25
COV	[934-934]	934	21
COV	[935-935]	935	22
COV	[936-936]	936	23
COV	[937-937]	937	12
COV	[938-938]	938	17
COV	[939-939]	939	14
COV	[940-940]	940	13
COV	[941-941]	941	21
COV	[942-942]	942	19
COV	[943-943]	943	17
COV	[944-944]	944	12
COV	[945-945]	945	14
COV	[946-946]	946	10
COV	[947-947]	947	13
COV	[948-948]	948	17
COV	[949-949]	949	18
COV	[950-950]	950	23
COV	[951-951]	951	13
COV	[952-952]	952	14
COV	[953-953]	953	17
COV	[954-954]	954	15
COV	[955-955]	955	15
COV	[956-956]	956	13
COV	[957-957]	957	25
COV	[958-958]	958	23
COV	[959-959]	959	16
COV	[960-960]	960	15
COV	[961-961]	961	18
COV	[962-962]	962	22
COV	[963-963]	963	14
COV	[964-964]	964	15
COV	[965-965]	965	20
COV	[966-966]	966	12
COV	[967-967]	967	14
COV	[968-968]	968	16
COV	[969-969]	969	20
COV	[970-970]	970	16
COV	[971-971]	971	21
COV	[972-972]	972	22
COV	[973-973]	973	13
COV	[974-974]	974	13
COV	[975-975]	975	16
COV	[976-976]	976	23
COV	[977-977]	977	20
COV	[978-978]	978	9
COV	[979-979]	979	9
COV	[980-980]	980	23
COV	[981-981]	981	18
COV	[982-982]	982	14
COV	[983-983]	983	12
COV	[984-984]	984	21
COV	[985-985]	985	12
COV	[986-986]	986	20
COV	[987-987]	987	10
COV	[988-988]	988	17
COV	[989-989]	989	12
COV	[990-990]	990	8
COV	[991-991]	991	12
COV	[992-992]	992	11
COV	[993-993]	993	19
COV	[994-994]	994	11
COV	[995-995]	995	9
COV	[996-996]	996	7
COV	[997-997]	997	6
COV	[998-998]	998	9
COV	[999-999]	999	3
COV	[1000-1000]	1000	9
COV	[1000<]	1000	7694
# GC-depth. Use `grep ^GCD | cut -f 2-` to extract this part. The columns are: GC%, unique sequence percentiles, 10th, 25th, 50th, 75th and 90th depth percentile
GCD	0.0	0.007	0.000	0.007	0.007	0.018	0.079
GCD	2.0	0.009	2.412	2.412	4.097	5.782	5.782
GCD	2.6	0.009	0.043	0.043	0.043	0.043	0.043
GCD	3.0	0.012	0.166	0.166	0.173	0.259	0.259
GCD	4.0	0.013	1.570	1.570	1.724	1.879	1.879
GCD	5.0	0.017	0.166	0.432	0.756	1.181	1.469
GCD	6.0	0.019	0.389	0.389	0.893	2.059	2.059
GCD	7.0	0.022	0.130	0.133	0.158	0.427	0.511
GCD	8.0	0.025	0.130	0.211	0.536	1.359	1.606
GCD	9.0	0.027	0.094	0.126	0.284	0.653	0.756
GCD	10.0	0.031	0.101	0.148	0.374	0.562	0.576
GCD	11.0	0.033	0.058	0.058	0.720	0.893	0.893
GCD	12.0	0.035	0.137	0.137	0.205	0.274	0.274
GCD	13.0	0.038	0.202	0.205	0.338	0.522	0.698
GCD	14.0	0.045	0.043	0.130	0.202	0.428	1.102
GCD	15.0	0.055	0.018	0.034	0.169	0.396	0.680
GCD	16.0	0.061	0.058	0.151	0.371	0.562	5.796
GCD	17.0	0.069	0.041	0.101	0.295	0.536	5.032
GCD	18.0	0.074	0.043	0.115	0.252	0.324	0.533
GCD	19.0	0.081	0.014	0.058	0.151	0.461	0.763
GCD	20.0	0.091	0.022	0.040	0.202	0.581	3.204
GCD	21.0	0.101	0.018	0.043	0.151	0.353	0.598
GCD	22.0	0.115	0.018	0.074	0.130	0.337	0.410
GCD	23.0	0.135	0.022	0.086	0.144	0.310	1.231
GCD	24.0	0.160	0.022	0.036	0.245	0.403	0.822
GCD	25.0	0.176	0.043	0.054	0.162	0.445	1.495
GCD	26.0	0.206	0.036	0.068	0.101	0.203	0.593
GCD	27.0	0.235	0.022	0.038	0.094	0.227	1.107
GCD	28.0	0.288	0.022	0.043	0.094	0.302	2.056
GCD	29.0	0.366	0.036	0.065	0.158	1.339	2.016
GCD	30.0	0.491	0.032	0.065	0.223	2.581	5.319
GCD	31.0	0.730	0.043	0.072	1.332	3.712	7.400
GCD	32.0	1.182	0.063	0.130	2.282	5.393	9.171
GCD	33.0	1.944	0.065	0.209	2.916	6.714	11.769
GCD	34.0	3.067	0.072	0.158	2.808	6.829	11.035
GCD	35.0	4.759	0.072	0.144	2.758	7.193	11.442
GCD	36.0	7.015	0.072	0.130	2.275	6.329	10.836
GCD	37.0	9.927	0.072	0.122	1.418	5.328	9.605
GCD	38.0	13.521	0.072	0.115	0.605	4.586	9.079
GCD	39.0	18.004	0.072	0.108	0.187	2.936	7.474
GCD	40.0	23.183	0.072	0.115	0.187	2.081	6.613
GCD	41.0	29.101	0.079	0.122	0.187	1.764	6.055
GCD	42.0	35.429	0.086	0.130	0.202	1.346	5.400
GCD	43.0	42.297	0.101	0.144	0.216	1.145	4.855
GCD	44.0	49.287	0.101	0.151	0.223	0.860	4.277
GCD	45.0	56.305	0.108	0.158	0.238	0.778	4.308
GCD	46.0	62.919	0.115	0.166	0.259	0.799	4.010
GCD	47.0	68.956	0.115	0.173	0.288	0.900	3.913
GCD	48.0	74.292	0.130	0.194	0.331	1.138	4.298
GCD	49.0	78.706	0.130	0.202	0.374	1.296	4.388
GCD	50.0	82.126	0.137	0.230	0.461	1.949	5.846
GCD	51.0	84.889	0.144	0.245	0.583	2.621	6.523
GCD	52.0	87.032	0.151	0.281	0.965	3.337	7.402
GCD	53.0	88.894	0.173	0.382	1.390	4.075	8.230
GCD	54.0	90.500	0.187	0.511	1.807	4.561	9.153
GCD	55.0	91.937	0.202	0.713	2.275	5.506	10.087
GCD	56.0	93.303	0.336	0.950	2.794	6.365	11.000
GCD	57.0	94.523	0.397	1.181	3.118	6.480	10.771
GCD	58.0	95.693	0.543	1.296	3.492	7.380	12.014
GCD	59.0	96.783	0.607	1.384	3.492	7.823	12.151
GCD	60.0	97.697	0.612	1.508	3.643	7.780	12.830
GCD	61.0	98.458	0.844	1.915	4.450	8.446	14.014
GCD	62.0	99.056	0.734	1.561	3.992	8.863	14.342
GCD	63.0	99.477	0.670	1.498	3.766	8.539	13.664
GCD	64.0	99.730	0.875	2.128	4.997	8.989	14.208
GCD	65.0	99.896	0.821	1.870	5.375	9.824	15.214
GCD	66.0	99.973	1.481	3.065	7.081	11.479	22.920
GCD	67.0	99.991	0.441	1.325	4.572	9.572	39.701
GCD	68.0	99.996	0.014	0.873	3.532	10.141	18.958
GCD	69.0	99.999	0.014	0.014	2.815	3.110	3.110
GCD	70.0	99.999	0.086	0.086	0.086	0.086	0.086
GCD	74.0	100.000	0.029	0.029	0.029	0.029	0.029
