# This file was produced by samtools stats (1.16.1+htslib-1.16) and can be plotted using plot-bamstats
# This file contains statistics for all reads.
# The command line was:  stats /data/WES_260526/align/105_trimmed_sort.bam
# CHK, Checksum	[2]Read Names	[3]Sequences	[4]Qualities
# CHK, CRC32 of reads which passed filtering followed by addition (32bit overflow)
CHK	c5f0b1b7	b1385554	8c4b0380
# Summary Numbers. Use `grep ^SN | cut -f 2-` to extract this part.
SN	raw total sequences:	36310104	# excluding supplementary and secondary reads
SN	filtered sequences:	0
SN	sequences:	36310104
SN	is sorted:	1
SN	1st fragments:	18155052
SN	last fragments:	18155052
SN	reads mapped:	36290842
SN	reads mapped and paired:	36273400	# paired-end technology bit set + both mates mapped
SN	reads unmapped:	19262
SN	reads properly paired:	36085946	# proper-pair bit set
SN	reads paired:	36310104	# paired-end technology bit set
SN	reads duplicated:	0	# PCR or optical duplicate bit set
SN	reads MQ0:	2765435	# mapped and MQ=0
SN	reads QC failed:	0
SN	non-primary alignments:	0
SN	supplementary alignments:	75612
SN	total length:	5244028446	# ignores clipping
SN	total first fragment length:	2613070634	# ignores clipping
SN	total last fragment length:	2630957812	# ignores clipping
SN	bases mapped:	5241627898	# ignores clipping
SN	bases mapped (cigar):	5161793430	# more accurate
SN	bases trimmed:	0
SN	bases duplicated:	0
SN	mismatches:	40506054	# from NM fields
SN	error rate:	7.847283e-03	# mismatches / bases mapped (cigar)
SN	average length:	144
SN	average first fragment length:	144
SN	average last fragment length:	145
SN	maximum length:	148
SN	maximum first fragment length:	148
SN	maximum last fragment length:	148
SN	average quality:	36.8
SN	insert size average:	274.3
SN	insert size standard deviation:	88.1
SN	inward oriented pairs:	17657259
SN	outward oriented pairs:	401434
SN	pairs with other orientation:	24885
SN	pairs on different chromosomes:	53122
SN	percentage of properly paired reads (%):	99.4
# First Fragment Qualities. Use `grep ^FFQ | cut -f 2-` to extract this part.
# Columns correspond to qualities and rows to cycles. First column is the cycle number.
FFQ	1	0	0	0	0	0	0	0	0	0	0	0	0	0	0	0	0	0	0	0	0	0	0	89713	214799	58882	0	0	0	0	0	11270404	0	0	0	0	0	0	0	0	0	6521254	0
FFQ	2	75	0	0	0	0	0	0	0	0	0	0	0	0	7735	8729	0	0	0	24088	10032	0	0	6774	65920	16346	0	0	0	0	0	4044034	0	0	0	0	0	0	0	0	0	13971319	0
FFQ	3	183	0	0	0	0	0	0	0	0	0	0	0	0	5931	7618	0	0	0	10690	15123	0	0	12469	29178	11727	0	0	0	0	0	2338017	0	0	0	0	0	0	0	0	0	15724116	0
FFQ	4	258	0	0	0	0	0	0	0	0	0	0	0	0	11044	8713	0	0	0	8639	24584	0	0	22952	37435	8394	0	0	0	0	0	1440107	0	0	0	0	0	0	0	0	0	16592926	0
FFQ	5	10610	0	0	0	0	0	0	0	0	0	0	0	0	10086	8268	0	0	0	7901	21776	0	0	19638	85201	6398	0	0	0	0	0	780385	0	0	0	0	0	0	0	0	0	17204789	0
FFQ	6	1343	0	0	0	0	0	0	0	0	0	0	0	0	11688	8695	0	0	0	9407	23914	0	0	22063	88635	8287	0	0	0	0	0	971079	0	0	0	0	0	0	0	0	0	17009941	0
FFQ	7	128883	0	0	0	0	0	0	0	0	0	0	0	0	13773	11196	0	0	0	14875	33982	0	0	30549	42554	15072	0	0	0	0	0	831547	0	0	0	0	0	0	0	0	0	17032621	0
FFQ	8	639	0	0	0	0	0	0	0	0	0	0	0	0	12815	10804	0	0	0	11485	27147	0	0	24344	82965	8692	0	0	0	0	0	872402	0	0	0	0	0	0	0	0	0	17103759	0
FFQ	9	803	0	0	0	0	0	0	0	0	0	0	0	0	13737	11941	0	0	0	10324	29431	0	0	26194	98852	8440	0	0	0	0	0	587868	0	0	0	0	0	0	0	0	0	17367462	0
FFQ	10	908	0	0	0	0	0	0	0	0	0	0	0	0	16359	11477	0	0	0	14388	36860	0	0	33560	46434	14209	0	0	0	0	0	693846	0	0	0	0	0	0	0	0	0	17287011	0
FFQ	11	1005	0	0	0	0	0	0	0	0	0	0	0	0	21415	16135	0	0	0	13317	49234	0	0	44725	66020	13244	0	0	0	0	0	784149	0	0	0	0	0	0	0	0	0	17145808	0
FFQ	12	4286	0	0	0	0	0	0	0	0	0	0	0	0	19862	17436	0	0	0	13465	45576	0	0	39759	59941	11686	0	0	0	0	0	654911	0	0	0	0	0	0	0	0	0	17288130	0
FFQ	13	6292	0	0	0	0	0	0	0	0	0	0	0	0	20665	17408	0	0	0	15398	43848	0	0	37455	59645	12994	0	0	0	0	0	650971	0	0	0	0	0	0	0	0	0	17290376	0
FFQ	14	597	0	0	0	0	0	0	0	0	0	0	0	0	23215	19567	0	0	0	18507	46848	0	0	39182	66276	14563	0	0	0	0	0	658739	0	0	0	0	0	0	0	0	0	17267558	0
FFQ	15	5813	0	0	0	0	0	0	0	0	0	0	0	0	31636	26960	0	0	0	25236	61655	0	0	50687	78033	18702	0	0	0	0	0	753739	0	0	0	0	0	0	0	0	0	17102591	0
FFQ	16	1675	0	0	0	0	0	0	0	0	0	0	0	0	37189	32832	0	0	0	30309	65054	0	0	49853	83910	19858	0	0	0	0	0	726953	0	0	0	0	0	0	0	0	0	17107419	0
FFQ	17	810	0	0	0	0	0	0	0	0	0	0	0	0	46453	37852	0	0	0	39253	71765	0	0	54583	97127	25127	0	0	0	0	0	770983	0	0	0	0	0	0	0	0	0	17011099	0
FFQ	18	597	0	0	0	0	0	0	0	0	0	0	0	0	54202	45542	0	0	0	47159	82434	0	0	60153	105726	29353	0	0	0	0	0	814568	0	0	0	0	0	0	0	0	0	16915318	0
FFQ	19	4425	0	0	0	0	0	0	0	0	0	0	0	0	59970	50110	0	0	0	52835	91471	0	0	67727	108897	33856	0	0	0	0	0	842672	0	0	0	0	0	0	0	0	0	16843089	0
FFQ	20	482	0	0	0	0	0	0	0	0	0	0	0	0	57012	47039	0	0	0	47549	83830	0	0	61100	107397	28968	0	0	0	0	0	807907	0	0	0	0	0	0	0	0	0	16913768	0
FFQ	21	548	0	0	0	0	0	0	0	0	0	0	0	0	46947	39195	0	0	0	37127	66144	0	0	47524	102455	21441	0	0	0	0	0	740434	0	0	0	0	0	0	0	0	0	17053237	0
FFQ	22	546	0	0	0	0	0	0	0	0	0	0	0	0	49543	42108	0	0	0	41812	76132	0	0	56634	104281	26435	0	0	0	0	0	794390	0	0	0	0	0	0	0	0	0	16963171	0
FFQ	23	450	0	0	0	0	0	0	0	0	0	0	0	0	48384	40589	0	0	0	41395	73734	0	0	54223	100626	25745	0	0	0	0	0	773379	0	0	0	0	0	0	0	0	0	16996527	0
FFQ	24	1343	0	0	0	0	0	0	0	0	0	0	0	0	51677	43783	0	0	0	45928	75696	0	0	55067	105760	27545	0	0	0	0	0	775505	0	0	0	0	0	0	0	0	0	16972748	0
FFQ	25	464	0	0	0	0	0	0	0	0	0	0	0	0	53127	45149	0	0	0	46466	75604	0	0	54550	110790	26654	0	0	0	0	0	778135	0	0	0	0	0	0	0	0	0	16964113	0
FFQ	26	322	0	0	0	0	0	0	0	0	0	0	0	0	60789	52425	0	0	0	55600	89297	0	0	64878	118086	32420	0	0	0	0	0	823473	0	0	0	0	0	0	0	0	0	16857762	0
FFQ	27	652	0	0	0	0	0	0	0	0	0	0	0	0	60425	52317	0	0	0	53478	88551	0	0	63528	118188	30782	0	0	0	0	0	818099	0	0	0	0	0	0	0	0	0	16869032	0
FFQ	28	602	0	0	0	0	0	0	0	0	0	0	0	0	62277	53036	0	0	0	54590	86416	0	0	60739	124097	29617	0	0	0	0	0	812835	0	0	0	0	0	0	0	0	0	16870843	0
FFQ	29	832	0	0	0	0	0	0	0	0	0	0	0	0	57625	48738	0	0	0	50817	80223	0	0	56871	125067	27383	0	0	0	0	0	801483	0	0	0	0	0	0	0	0	0	16906013	0
FFQ	30	4166	0	0	0	0	0	0	0	0	0	0	0	0	67600	56363	0	0	0	70976	95200	0	0	68862	143455	37078	0	0	0	0	0	848045	0	0	0	0	0	0	0	0	0	16763307	0
FFQ	31	1210	0	0	0	0	0	0	0	0	0	0	0	0	59013	47683	0	0	0	54042	81594	0	0	60156	142098	28355	0	0	0	0	0	819938	0	0	0	0	0	0	0	0	0	16860963	0
FFQ	32	62291	0	0	0	0	0	0	0	0	0	0	0	0	60539	46887	0	0	0	51692	77140	0	0	55525	141155	28236	0	0	0	0	0	813405	0	0	0	0	0	0	0	0	0	16818182	0
FFQ	33	481	0	0	0	0	0	0	0	0	0	0	0	0	65539	50511	0	0	0	60531	76282	0	0	52707	182281	29219	0	0	0	0	0	875380	0	0	0	0	0	0	0	0	0	16762121	0
FFQ	34	882	0	0	0	0	0	0	0	0	0	0	0	0	120047	93477	0	0	0	156893	155212	0	0	109144	205469	77315	0	0	0	0	0	1071466	0	0	0	0	0	0	0	0	0	16165147	0
FFQ	35	1713	0	0	0	0	0	0	0	0	0	0	0	0	109661	94517	0	0	0	114609	134962	0	0	92537	232824	51057	0	0	0	0	0	1095786	0	0	0	0	0	0	0	0	0	16227386	0
FFQ	36	417	0	0	0	0	0	0	0	0	0	0	0	0	119181	98554	0	0	0	124124	133889	0	0	89177	235072	51378	0	0	0	0	0	1053488	0	0	0	0	0	0	0	0	0	16249772	0
FFQ	37	1126	0	0	0	0	0	0	0	0	0	0	0	0	128719	76594	0	0	0	93241	138585	0	0	92651	176749	31305	0	0	0	0	0	935917	0	0	0	0	0	0	0	0	0	16474754	0
FFQ	38	1593	0	0	0	0	0	0	0	0	0	0	0	0	99478	69369	0	0	0	78030	93058	0	0	62644	218222	33514	0	0	0	0	0	961724	0	0	0	0	0	0	0	0	0	16526128	0
FFQ	39	2334	0	0	0	0	0	0	0	0	0	0	0	0	84945	65058	0	0	0	76293	85595	0	0	57072	241190	32817	0	0	0	0	0	958785	0	0	0	0	0	0	0	0	0	16533494	0
FFQ	40	579	0	0	0	0	0	0	0	0	0	0	0	0	149378	101973	0	0	0	182332	192064	0	0	135020	220239	95696	0	0	0	0	0	1145908	0	0	0	0	0	0	0	0	0	15907374	0
FFQ	41	657	0	0	0	0	0	0	0	0	0	0	0	0	149462	118432	0	0	0	149595	114028	0	0	66873	454998	42309	0	0	0	0	0	1233350	0	0	0	0	0	0	0	0	0	15794820	0
FFQ	42	279	0	0	0	0	0	0	0	0	0	0	0	0	155813	117004	0	0	0	125521	105589	0	0	58111	552112	32995	0	0	0	0	0	1291355	0	0	0	0	0	0	0	0	0	15679745	0
FFQ	43	822	0	0	0	0	0	0	0	0	0	0	0	0	734801	420617	0	0	0	650619	608788	0	0	346409	431088	276683	0	0	0	0	0	1599335	0	0	0	0	0	0	0	0	0	13043276	0
FFQ	44	54003	0	0	0	0	0	0	0	0	0	0	0	0	163819	123138	0	0	0	146685	93795	0	0	50660	600155	29846	0	0	0	0	0	1288336	0	0	0	0	0	0	0	0	0	15556126	0
FFQ	45	506	0	0	0	0	0	0	0	0	0	0	0	0	413601	323029	0	0	0	447071	230859	0	0	118872	558654	84968	0	0	0	0	0	1445046	0	0	0	0	0	0	0	0	0	14477335	0
FFQ	46	401	0	0	0	0	0	0	0	0	0	0	0	0	238917	210094	0	0	0	265750	161670	0	0	87380	518461	61509	0	0	0	0	0	1455830	0	0	0	0	0	0	0	0	0	15093371	0
FFQ	47	491	0	0	0	0	0	0	0	0	0	0	0	0	379641	312466	0	0	0	390772	261624	0	0	138303	527827	99605	0	0	0	0	0	1545241	0	0	0	0	0	0	0	0	0	14431207	0
FFQ	48	173	0	0	0	0	0	0	0	0	0	0	0	0	332556	308784	0	0	0	362517	239045	0	0	128551	484283	85984	0	0	0	0	0	1524675	0	0	0	0	0	0	0	0	0	14614649	0
FFQ	49	399	0	0	0	0	0	0	0	0	0	0	0	0	310283	280761	0	0	0	333814	198410	0	0	102790	515633	71393	0	0	0	0	0	1466461	0	0	0	0	0	0	0	0	0	14795509	0
FFQ	50	1410	0	0	0	0	0	0	0	0	0	0	0	0	284135	261408	0	0	0	310416	212269	0	0	114777	468200	75918	0	0	0	0	0	1460468	0	0	0	0	0	0	0	0	0	14880273	0
FFQ	51	773	0	0	0	0	0	0	0	0	0	0	0	0	255220	228405	0	0	0	279276	217623	0	0	124397	394046	81221	0	0	0	0	0	1420580	0	0	0	0	0	0	0	0	0	15061612	0
FFQ	52	12203	0	0	0	0	0	0	0	0	0	0	0	0	187002	136837	0	0	0	155533	156887	0	0	91879	337736	44749	0	0	0	0	0	1253025	0	0	0	0	0	0	0	0	0	15681052	0
FFQ	53	7976	0	0	0	0	0	0	0	0	0	0	0	0	141617	104578	0	0	0	117786	132212	0	0	81672	299174	40947	0	0	0	0	0	1198007	0	0	0	0	0	0	0	0	0	15925757	0
FFQ	54	2043	0	0	0	0	0	0	0	0	0	0	0	0	127168	98803	0	0	0	117962	125235	0	0	79198	303912	43990	0	0	0	0	0	1201403	0	0	0	0	0	0	0	0	0	15941954	0
FFQ	55	3417	0	0	0	0	0	0	0	0	0	0	0	0	134999	105117	0	0	0	130289	122402	0	0	73841	318244	41529	0	0	0	0	0	1202613	0	0	0	0	0	0	0	0	0	15901724	0
FFQ	56	4798	0	0	0	0	0	0	0	0	0	0	0	0	201535	162211	0	0	0	217575	187467	0	0	112299	303164	68036	0	0	0	0	0	1264739	0	0	0	0	0	0	0	0	0	15505532	0
FFQ	57	192	0	0	0	0	0	0	0	0	0	0	0	0	214536	185590	0	0	0	243331	196837	0	0	116967	359628	75679	0	0	0	0	0	1348833	0	0	0	0	0	0	0	0	0	15278969	0
FFQ	58	526	0	0	0	0	0	0	0	0	0	0	0	0	201034	169833	0	0	0	207984	169689	0	0	97734	390263	58434	0	0	0	0	0	1314770	0	0	0	0	0	0	0	0	0	15403941	0
FFQ	59	1899	0	0	0	0	0	0	0	0	0	0	0	0	248061	146553	0	0	0	158905	198873	0	0	113839	350410	48892	0	0	0	0	0	1316064	0	0	0	0	0	0	0	0	0	15424131	0
FFQ	60	206	0	0	0	0	0	0	0	0	0	0	0	0	180062	138528	0	0	0	160276	170885	0	0	104712	337438	57719	0	0	0	0	0	1353991	0	0	0	0	0	0	0	0	0	15497168	0
FFQ	61	988	0	0	0	0	0	0	0	0	0	0	0	0	188738	141282	0	0	0	170639	188051	0	0	114472	304426	61364	0	0	0	0	0	1275391	0	0	0	0	0	0	0	0	0	15549160	0
FFQ	62	264	0	0	0	0	0	0	0	0	0	0	0	0	123733	92044	0	0	0	108695	120841	0	0	76453	251283	42959	0	0	0	0	0	1161778	0	0	0	0	0	0	0	0	0	16009590	0
FFQ	63	691	0	0	0	0	0	0	0	0	0	0	0	0	106557	81960	0	0	0	100375	115206	0	0	74708	220147	42923	0	0	0	0	0	1088336	0	0	0	0	0	0	0	0	0	16149939	0
FFQ	64	1659	0	0	0	0	0	0	0	0	0	0	0	0	98218	75120	0	0	0	93432	111250	0	0	74765	186367	41011	0	0	0	0	0	1055074	0	0	0	0	0	0	0	0	0	16236710	0
FFQ	65	588	0	0	0	0	0	0	0	0	0	0	0	0	87789	67074	0	0	0	85079	100740	0	0	68563	179750	36204	0	0	0	0	0	1014711	0	0	0	0	0	0	0	0	0	16325214	0
FFQ	66	305	0	0	0	0	0	0	0	0	0	0	0	0	84758	64464	0	0	0	82356	101697	0	0	71138	187297	35625	0	0	0	0	0	1009618	0	0	0	0	0	0	0	0	0	16321287	0
FFQ	67	463	0	0	0	0	0	0	0	0	0	0	0	0	85526	66688	0	0	0	89630	99833	0	0	69956	172153	35327	0	0	0	0	0	989038	0	0	0	0	0	0	0	0	0	16343216	0
FFQ	68	41211	0	0	0	0	0	0	0	0	0	0	0	0	79875	60967	0	0	0	78480	97234	0	0	67578	157964	34676	0	0	0	0	0	969015	0	0	0	0	0	0	0	0	0	16358200	0
FFQ	69	287	0	0	0	0	0	0	0	0	0	0	0	0	84718	65014	0	0	0	85778	100376	0	0	70021	169624	35425	0	0	0	0	0	986640	0	0	0	0	0	0	0	0	0	16339845	0
FFQ	70	189	0	0	0	0	0	0	0	0	0	0	0	0	88003	66954	0	0	0	86539	99268	0	0	67989	206485	35140	0	0	0	0	0	1041477	0	0	0	0	0	0	0	0	0	16238182	0
FFQ	71	1490	0	0	0	0	0	0	0	0	0	0	0	0	115983	84517	0	0	0	109453	102143	0	0	61681	321457	36016	0	0	0	0	0	1227578	0	0	0	0	0	0	0	0	0	15862383	0
FFQ	72	1870	0	0	0	0	0	0	0	0	0	0	0	0	214217	156221	0	0	0	184779	174752	0	0	95496	436544	56542	0	0	0	0	0	1433836	0	0	0	0	0	0	0	0	0	15160480	0
FFQ	73	3153	0	0	0	0	0	0	0	0	0	0	0	0	440562	305545	0	0	0	480505	347346	0	0	191174	443791	156513	0	0	0	0	0	1682972	0	0	0	0	0	0	0	0	0	13855984	0
FFQ	74	168	0	0	0	0	0	0	0	0	0	0	0	0	400657	329676	0	0	0	391209	277685	0	0	145954	522902	103438	0	0	0	0	0	1705655	0	0	0	0	0	0	0	0	0	14023049	0
FFQ	75	244	0	0	0	0	0	0	0	0	0	0	0	0	364934	313733	0	0	0	391223	241567	0	0	124285	567041	91459	0	0	0	0	0	1710389	0	0	0	0	0	0	0	0	0	14087881	0
FFQ	76	152	0	0	0	0	0	0	0	0	0	0	0	0	299259	250162	0	0	0	312616	194696	0	0	99911	576919	72943	0	0	0	0	0	1709105	0	0	0	0	0	0	0	0	0	14368462	0
FFQ	77	457	0	0	0	0	0	0	0	0	0	0	0	0	310349	263432	0	0	0	323220	214041	0	0	111432	547445	80420	0	0	0	0	0	1729760	0	0	0	0	0	0	0	0	0	14295271	0
FFQ	78	1409	0	0	0	0	0	0	0	0	0	0	0	0	330552	289849	0	0	0	362809	247852	0	0	132175	506316	97994	0	0	0	0	0	1745300	0	0	0	0	0	0	0	0	0	14152918	0
FFQ	79	521	0	0	0	0	0	0	0	0	0	0	0	0	322457	282047	0	0	0	348175	235914	0	0	123998	506835	90618	0	0	0	0	0	1716881	0	0	0	0	0	0	0	0	0	14231464	0
FFQ	80	2031	0	0	0	0	0	0	0	0	0	0	0	0	296732	255348	0	0	0	316067	213628	0	0	113108	507984	80786	0	0	0	0	0	1701428	0	0	0	0	0	0	0	0	0	14363807	0
FFQ	81	4992	0	0	0	0	0	0	0	0	0	0	0	0	280073	236645	0	0	0	302899	210795	0	0	113522	475732	81954	0	0	0	0	0	1696301	0	0	0	0	0	0	0	0	0	14440180	0
FFQ	82	912	0	0	0	0	0	0	0	0	0	0	0	0	258331	218504	0	0	0	271231	207139	0	0	112705	447712	78813	0	0	0	0	0	1681879	0	0	0	0	0	0	0	0	0	14557321	0
FFQ	83	302	0	0	0	0	0	0	0	0	0	0	0	0	248236	206518	0	0	0	254143	205819	0	0	114658	427012	77862	0	0	0	0	0	1660036	0	0	0	0	0	0	0	0	0	14631196	0
FFQ	84	187	0	0	0	0	0	0	0	0	0	0	0	0	227467	187788	0	0	0	233421	188422	0	0	105166	407208	72617	0	0	0	0	0	1630259	0	0	0	0	0	0	0	0	0	14763651	0
FFQ	85	109	0	0	0	0	0	0	0	0	0	0	0	0	231089	189653	0	0	0	233761	187531	0	0	103526	416063	71112	0	0	0	0	0	1645462	0	0	0	0	0	0	0	0	0	14727233	0
FFQ	86	249	0	0	0	0	0	0	0	0	0	0	0	0	237592	194769	0	0	0	244578	190899	0	0	105741	420161	74863	0	0	0	0	0	1666983	0	0	0	0	0	0	0	0	0	14659740	0
FFQ	87	97	0	0	0	0	0	0	0	0	0	0	0	0	264139	227413	0	0	0	279551	224308	0	0	125500	416937	88254	0	0	0	0	0	1717649	0	0	0	0	0	0	0	0	0	14442516	0
FFQ	88	364	0	0	0	0	0	0	0	0	0	0	0	0	258840	219329	0	0	0	270475	214254	0	0	118141	417740	83679	0	0	0	0	0	1718831	0	0	0	0	0	0	0	0	0	14475769	0
FFQ	89	64	0	0	0	0	0	0	0	0	0	0	0	0	254019	215122	0	0	0	256295	201796	0	0	110277	423796	77755	0	0	0	0	0	1706718	0	0	0	0	0	0	0	0	0	14522230	0
FFQ	90	186	0	0	0	0	0	0	0	0	0	0	0	0	240781	198135	0	0	0	246118	197410	0	0	109549	411072	77715	0	0	0	0	0	1723659	0	0	0	0	0	0	0	0	0	14554174	0
FFQ	91	170	0	0	0	0	0	0	0	0	0	0	0	0	237498	191200	0	0	0	240177	199528	0	0	112427	391798	78566	0	0	0	0	0	1723407	0	0	0	0	0	0	0	0	0	14574832	0
FFQ	92	2014	0	0	0	0	0	0	0	0	0	0	0	0	226434	181514	0	0	0	227967	195914	0	0	111042	382089	77835	0	0	0	0	0	1720913	0	0	0	0	0	0	0	0	0	14614574	0
FFQ	93	489	0	0	0	0	0	0	0	0	0	0	0	0	218253	174470	0	0	0	221558	191442	0	0	108188	368390	76050	0	0	0	0	0	1716275	0	0	0	0	0	0	0	0	0	14655603	0
FFQ	94	476	0	0	0	0	0	0	0	0	0	0	0	0	208115	163224	0	0	0	209824	180679	0	0	103515	361042	73913	0	0	0	0	0	1708354	0	0	0	0	0	0	0	0	0	14710877	0
FFQ	95	61	0	0	0	0	0	0	0	0	0	0	0	0	210903	164039	0	0	0	210903	183686	0	0	105170	361685	74561	0	0	0	0	0	1724140	0	0	0	0	0	0	0	0	0	14673974	0
FFQ	96	98	0	0	0	0	0	0	0	0	0	0	0	0	214656	168482	0	0	0	215153	185115	0	0	107182	369024	74750	0	0	0	0	0	1750565	0	0	0	0	0	0	0	0	0	14613176	0
FFQ	97	51	0	0	0	0	0	0	0	0	0	0	0	0	229233	189138	0	0	0	223543	200399	0	0	111981	374110	76972	0	0	0	0	0	1779777	0	0	0	0	0	0	0	0	0	14502434	0
FFQ	98	106	0	0	0	0	0	0	0	0	0	0	0	0	235716	190480	0	0	0	239553	204329	0	0	115920	377879	82988	0	0	0	0	0	1814708	0	0	0	0	0	0	0	0	0	14415336	0
FFQ	99	2001	0	0	0	0	0	0	0	0	0	0	0	0	233846	189410	0	0	0	237175	197863	0	0	111096	391122	80453	0	0	0	0	0	1839928	0	0	0	0	0	0	0	0	0	14383633	0
FFQ	100	689	0	0	0	0	0	0	0	0	0	0	0	0	236089	185728	0	0	0	237700	195591	0	0	109265	390162	79582	0	0	0	0	0	1857284	0	0	0	0	0	0	0	0	0	14363940	0
FFQ	101	3020	0	0	0	0	0	0	0	0	0	0	0	0	240360	193946	0	0	0	242221	209549	0	0	118403	376342	84532	0	0	0	0	0	1873868	0	0	0	0	0	0	0	0	0	14302909	0
FFQ	102	225	0	0	0	0	0	0	0	0	0	0	0	0	236676	176470	0	0	0	231102	201642	0	0	115189	364582	85557	0	0	0	0	0	1871172	0	0	0	0	0	0	0	0	0	14350942	0
FFQ	103	802	0	0	0	0	0	0	0	0	0	0	0	0	209971	161769	0	0	0	207528	178806	0	0	102224	367892	75678	0	0	0	0	0	1866726	0	0	0	0	0	0	0	0	0	14450403	0
FFQ	104	242	0	0	0	0	0	0	0	0	0	0	0	0	206536	156726	0	0	0	207730	178618	0	0	103291	365776	78409	0	0	0	0	0	1888153	0	0	0	0	0	0	0	0	0	14424416	0
FFQ	105	1641	0	0	0	0	0	0	0	0	0	0	0	0	213438	162902	0	0	0	220145	184569	0	0	106308	347654	80333	0	0	0	0	0	1881812	0	0	0	0	0	0	0	0	0	14399136	0
FFQ	106	31418	0	0	0	0	0	0	0	0	0	0	0	0	204900	157395	0	0	0	206891	183028	0	0	106638	336257	79234	0	0	0	0	0	1899838	0	0	0	0	0	0	0	0	0	14380123	0
FFQ	107	155	0	0	0	0	0	0	0	0	0	0	0	0	211290	159912	0	0	0	216982	181961	0	0	106256	344990	78156	0	0	0	0	0	1924397	0	0	0	0	0	0	0	0	0	14348716	0
FFQ	108	107	0	0	0	0	0	0	0	0	0	0	0	0	209423	158707	0	0	0	209417	181027	0	0	104750	360326	77222	0	0	0	0	0	1959452	0	0	0	0	0	0	0	0	0	14299079	0
FFQ	109	167	0	0	0	0	0	0	0	0	0	0	0	0	218613	168652	0	0	0	217848	190049	0	0	109352	355685	80118	0	0	0	0	0	2000999	0	0	0	0	0	0	0	0	0	14205004	0
FFQ	110	100	0	0	0	0	0	0	0	0	0	0	0	0	229422	177861	0	0	0	227106	201519	0	0	114802	359606	84041	0	0	0	0	0	2041602	0	0	0	0	0	0	0	0	0	14097273	0
FFQ	111	116	0	0	0	0	0	0	0	0	0	0	0	0	235429	182278	0	0	0	231093	197590	0	0	111139	373643	83829	0	0	0	0	0	2075038	0	0	0	0	0	0	0	0	0	14029598	0
FFQ	112	104	0	0	0	0	0	0	0	0	0	0	0	0	242766	184539	0	0	0	237647	198024	0	0	110168	391035	82979	0	0	0	0	0	2128215	0	0	0	0	0	0	0	0	0	13930796	0
FFQ	113	50	0	0	0	0	0	0	0	0	0	0	0	0	259363	201380	0	1	0	253848	211463	0	0	116971	401893	88121	0	0	0	0	0	2182018	0	0	0	0	0	0	0	0	0	13777272	0
FFQ	114	36	0	0	0	0	0	0	0	0	0	0	0	0	272937	212202	0	3	0	266089	220848	0	0	122089	419516	91876	0	0	0	0	0	2242137	0	0	0	0	0	0	0	0	0	13630065	0
FFQ	115	37	0	0	0	0	0	0	0	0	0	0	0	0	291701	225602	0	17	0	284178	222899	0	1	121332	461913	94345	0	0	0	0	0	2322409	0	0	0	0	0	0	0	0	0	13438675	0
FFQ	116	92	0	0	0	0	0	0	0	0	0	0	0	0	399333	304644	0	80	0	381611	177669	0	1	81631	1097430	72420	0	0	0	0	0	2925602	0	0	0	0	0	0	0	0	0	12007306	0
FFQ	117	109	0	0	0	0	0	0	0	0	0	0	0	0	466197	375388	0	885	0	474202	226575	0	45	101040	1207927	90486	0	0	0	0	0	3316128	0	0	0	0	0	0	0	0	0	11172725	0
FFQ	118	863	0	0	0	0	0	0	0	0	0	0	0	0	1411512	1495639	0	21570	0	876375	1060363	0	1225	452469	628309	266641	0	0	0	0	0	2514827	0	0	0	0	0	0	0	0	0	8685162	0
FFQ	119	53165	0	0	0	0	0	0	0	0	0	0	0	0	445317	347367	0	441147	0	0	190717	0	28715	86619	1407590	17124	0	0	0	0	0	3011585	0	0	0	0	0	0	0	0	0	11369127	0
FFQ	120	70	0	0	0	0	0	0	0	0	0	0	0	0	444739	338454	0	429934	0	0	175856	0	26580	79322	1289342	16212	0	0	0	0	0	2818309	0	0	0	0	0	0	0	0	0	11763043	0
FFQ	121	478	0	0	0	0	0	0	0	0	0	0	0	0	524714	414519	0	417994	0	0	363725	0	68738	178213	714558	50339	0	0	0	0	0	2806652	0	0	0	0	0	0	0	0	0	11824531	0
FFQ	122	449	0	0	0	0	0	0	0	0	0	0	0	0	355014	268376	0	334259	0	0	239082	0	36698	123140	800552	26684	0	0	0	0	0	2861258	0	0	0	0	0	0	0	0	0	12301125	0
FFQ	123	46	0	0	0	0	0	0	0	0	0	0	0	0	350361	267713	0	335429	0	0	238266	0	39018	123166	744278	28205	0	0	0	0	0	2739507	0	0	0	0	0	0	0	0	0	12463088	0
FFQ	124	176	0	0	0	0	0	0	0	0	0	0	0	0	338834	254326	0	314559	0	0	238713	0	38678	125876	678950	29070	0	0	0	0	0	2814345	0	0	0	0	0	0	0	0	0	12476596	0
FFQ	125	42	0	0	0	0	0	0	0	0	0	0	0	0	358395	270416	0	332831	0	0	247892	0	41822	128262	722272	31471	0	0	0	0	0	2871771	0	0	0	0	0	0	0	0	0	12284621	0
FFQ	126	32	0	0	0	0	0	0	0	0	0	0	0	0	467791	356766	0	424348	0	0	216807	0	36767	98982	1190529	24605	0	0	0	0	0	3170807	0	0	0	0	0	0	0	0	0	11279030	0
FFQ	127	685	0	0	0	0	0	0	0	0	0	0	0	0	586680	470637	0	565428	0	0	191600	0	33591	78241	2014035	19307	0	0	0	0	0	3555741	0	0	0	0	0	0	0	0	0	9724195	0
FFQ	128	66	0	0	0	0	0	0	0	0	0	0	0	0	1470996	1746726	0	1228342	0	0	463027	0	83996	172722	1779703	43362	0	0	0	0	0	3137674	0	0	0	0	0	0	0	0	0	7070446	0
FFQ	129	652	0	0	0	0	0	0	0	0	0	0	0	0	1481527	1945565	0	1334418	0	0	340973	0	70897	122699	2334373	33824	0	0	0	0	0	3261893	0	0	0	0	0	0	0	0	0	6234722	0
FFQ	130	32	0	0	0	0	0	0	0	0	0	0	0	0	1447094	2074768	0	1477425	0	0	278433	0	66116	99578	2802566	31157	0	0	0	0	0	3252922	0	0	0	0	0	0	0	0	0	5599847	0
FFQ	131	92	0	0	0	0	0	0	0	0	0	0	0	0	1272647	1766712	0	1619742	0	0	294161	0	99148	108210	2819909	49848	0	0	0	0	0	3647020	0	0	0	0	0	0	0	0	0	5420779	0
FFQ	132	144	0	0	0	0	0	0	0	0	0	0	0	0	1124447	1571129	0	1388494	0	0	257120	0	84555	95302	3318576	47325	0	0	0	0	0	3899986	0	0	0	0	0	0	0	0	0	5279502	0
FFQ	133	971	0	0	0	0	0	0	0	0	0	0	0	0	1101457	1652077	0	1239414	0	0	285728	0	98396	107310	3178076	55880	0	0	0	0	0	3774565	0	0	0	0	0	0	0	0	0	5538691	0
FFQ	134	2173	0	0	0	0	0	0	0	0	0	0	0	0	1171511	1669236	0	1200465	0	0	313456	0	98161	120909	2613883	54348	0	0	0	0	0	3437776	0	0	0	0	0	0	0	0	0	6313350	0
FFQ	135	1152	0	0	0	0	0	0	0	0	0	0	0	0	983988	1396892	0	1186994	0	0	312395	0	81575	122400	2233520	44428	0	0	0	0	0	3213152	0	0	0	0	0	0	0	0	0	7380456	0
FFQ	136	18399	0	0	0	0	0	0	0	0	0	0	0	0	1049719	956364	0	1127014	0	0	261305	0	58293	107684	1760014	32948	0	0	0	0	0	3227228	0	0	0	0	0	0	0	0	0	8316316	0
FFQ	137	148836	0	0	0	0	0	0	0	0	0	0	0	0	758388	780679	0	858416	0	0	251267	0	47129	110586	1643436	28625	0	0	0	0	0	3300077	0	0	0	0	0	0	0	0	0	8943152	0
FFQ	138	1693	0	0	0	0	0	0	0	0	0	0	0	0	656912	660392	0	720662	0	0	241194	0	44497	112142	1603767	28896	0	0	0	0	0	3342627	0	0	0	0	0	0	0	0	0	9407072	0
FFQ	139	54118	0	0	0	0	0	0	0	0	0	0	0	0	563182	590988	0	622992	0	0	247138	0	49452	117131	1449752	32130	0	0	0	0	0	3313688	0	0	0	0	0	0	0	0	0	9716542	0
FFQ	140	165180	0	0	0	0	0	0	0	0	0	0	0	0	515331	543155	0	610906	0	0	272352	0	57721	130576	1207956	38592	0	0	0	0	0	3350422	0	0	0	0	0	0	0	0	0	9788841	0
FFQ	141	32165	0	0	0	0	0	0	0	0	0	0	0	0	503427	507940	0	568306	0	0	255683	0	56322	123797	1155392	38193	0	0	0	0	0	3380789	0	0	0	0	0	0	0	0	0	9955375	0
FFQ	142	145	0	0	0	0	0	0	0	0	0	0	0	0	460233	458539	0	583505	0	0	253108	0	57974	122156	1199710	39315	0	0	0	0	0	3425100	0	0	0	0	0	0	0	0	0	9823874	0
FFQ	143	66	0	0	0	0	0	0	0	0	0	0	0	0	461403	478001	0	551767	0	0	234676	0	55468	108567	1281931	36245	0	0	0	0	0	3495794	0	0	0	0	0	0	0	0	0	9580886	0
FFQ	144	47	0	0	0	0	0	0	0	0	0	0	0	0	501106	514534	0	582561	0	0	223537	0	54854	96857	1514241	34079	0	0	0	0	0	3628831	0	0	0	0	0	0	0	0	0	8897484	0
FFQ	145	19	0	0	0	0	0	0	0	0	0	0	0	0	709217	771093	0	753981	0	0	330638	0	76585	137245	1559743	45097	0	0	0	0	0	3485736	0	0	0	0	0	0	0	0	0	7619722	0
FFQ	146	100	0	0	0	0	0	0	0	0	0	0	0	0	662953	915170	0	697567	0	0	337217	0	66898	137531	1594177	35390	0	0	0	0	0	3229091	0	0	0	0	0	0	0	0	0	6588949	0
FFQ	147	41	0	0	0	0	0	0	0	0	0	0	0	0	513021	880018	0	570406	0	0	257956	0	75420	271868	1477594	42843	0	0	0	0	0	3306295	0	0	0	0	0	0	0	0	0	6163126	0
FFQ	148	0	0	0	0	0	0	0	0	0	0	0	0	0	0	0	0	0	0	0	0	0	47343	4055648	41994	0	0	0	0	0	0	1887703	0	0	0	0	0	0	0	0	0	5146325	0
# Last Fragment Qualities. Use `grep ^LFQ | cut -f 2-` to extract this part.
# Columns correspond to qualities and rows to cycles. First column is the cycle number.
LFQ	1	0	0	0	0	0	0	0	0	0	0	0	0	0	0	0	0	0	0	0	0	0	0	71376	174741	43006	0	0	0	0	0	11641949	0	0	0	0	0	0	0	0	0	6223980	0
LFQ	2	74	0	0	0	0	0	0	0	0	0	0	0	0	6525	7314	0	0	0	18735	10531	0	0	7346	38801	17449	0	0	0	0	0	3990700	0	0	0	0	0	0	0	0	0	14057577	0
LFQ	3	165	0	0	0	0	0	0	0	0	0	0	0	0	6444	7673	0	0	0	10984	16488	0	0	14086	27560	12875	0	0	0	0	0	2450755	0	0	0	0	0	0	0	0	0	15608022	0
LFQ	4	666	0	0	0	0	0	0	0	0	0	0	0	0	13891	11157	0	0	0	11809	29648	0	0	27126	41722	9546	0	0	0	0	0	1524397	0	0	0	0	0	0	0	0	0	16485090	0
LFQ	5	7233	0	0	0	0	0	0	0	0	0	0	0	0	11752	9982	0	0	0	8890	26868	0	0	24623	37568	8255	0	0	0	0	0	768844	0	0	0	0	0	0	0	0	0	17251037	0
LFQ	6	306	0	0	0	0	0	0	0	0	0	0	0	0	14266	11418	0	0	0	11206	30792	0	0	27728	42748	10044	0	0	0	0	0	993563	0	0	0	0	0	0	0	0	0	17012981	0
LFQ	7	4851	0	0	0	0	0	0	0	0	0	0	0	0	10988	10738	0	0	0	10873	27962	0	0	25373	39822	11359	0	0	0	0	0	840770	0	0	0	0	0	0	0	0	0	17172316	0
LFQ	8	249	0	0	0	0	0	0	0	0	0	0	0	0	12440	11392	0	0	0	9300	30414	0	0	28224	45581	9757	0	0	0	0	0	884644	0	0	0	0	0	0	0	0	0	17123051	0
LFQ	9	247	0	0	0	0	0	0	0	0	0	0	0	0	12342	12102	0	0	0	9006	30559	0	0	28019	45357	9062	0	0	0	0	0	576665	0	0	0	0	0	0	0	0	0	17431693	0
LFQ	10	4411	0	0	0	0	0	0	0	0	0	0	0	0	15571	11689	0	0	0	12852	35080	0	0	31783	43125	12279	0	0	0	0	0	584729	0	0	0	0	0	0	0	0	0	17403533	0
LFQ	11	1216	0	0	0	0	0	0	0	0	0	0	0	0	18800	14216	0	0	0	9804	38896	0	0	34156	54452	7909	0	0	0	0	0	673604	0	0	0	0	0	0	0	0	0	17301999	0
LFQ	12	1957	0	0	0	0	0	0	0	0	0	0	0	0	20595	17221	0	0	0	13745	46652	0	0	41814	62645	12138	0	0	0	0	0	697112	0	0	0	0	0	0	0	0	0	17241173	0
LFQ	13	244	0	0	0	0	0	0	0	0	0	0	0	0	21863	18541	0	0	0	16630	48777	0	0	43777	62139	14622	0	0	0	0	0	714656	0	0	0	0	0	0	0	0	0	17213803	0
LFQ	14	918	0	0	0	0	0	0	0	0	0	0	0	0	24329	19950	0	0	0	19443	51478	0	0	44543	81671	15435	0	0	0	0	0	720418	0	0	0	0	0	0	0	0	0	17176867	0
LFQ	15	799	0	0	0	0	0	0	0	0	0	0	0	0	29727	24141	0	0	0	23005	54303	0	0	44980	88826	15619	0	0	0	0	0	734996	0	0	0	0	0	0	0	0	0	17138656	0
LFQ	16	30699	0	0	0	0	0	0	0	0	0	0	0	0	38248	30153	0	0	0	34196	62088	0	0	48333	88540	19257	0	0	0	0	0	717076	0	0	0	0	0	0	0	0	0	17086462	0
LFQ	17	1313	0	0	0	0	0	0	0	0	0	0	0	0	45817	36183	0	0	0	41595	75522	0	0	59685	140689	26144	0	0	0	0	0	869480	0	0	0	0	0	0	0	0	0	16858624	0
LFQ	18	12868	0	0	0	0	0	0	0	0	0	0	0	0	54313	43904	0	0	0	51920	82873	0	0	63292	144438	29922	0	0	0	0	0	860859	0	0	0	0	0	0	0	0	0	16810663	0
LFQ	19	65104	0	0	0	0	0	0	0	0	0	0	0	0	56051	44352	0	0	0	45718	80479	0	0	58972	114089	26468	0	0	0	0	0	840826	0	0	0	0	0	0	0	0	0	16822993	0
LFQ	20	435	0	0	0	0	0	0	0	0	0	0	0	0	60404	46174	0	0	0	51745	79677	0	0	56055	142246	28636	0	0	0	0	0	849859	0	0	0	0	0	0	0	0	0	16839821	0
LFQ	21	1933	0	0	0	0	0	0	0	0	0	0	0	0	63478	52486	0	0	0	57428	90956	0	0	66236	164415	32932	0	0	0	0	0	917958	0	0	0	0	0	0	0	0	0	16707230	0
LFQ	22	787	0	0	0	0	0	0	0	0	0	0	0	0	66867	54376	0	0	0	61818	93120	0	0	67643	162479	34088	0	0	0	0	0	974853	0	0	0	0	0	0	0	0	0	16639021	0
LFQ	23	28260	0	0	0	0	0	0	0	0	0	0	0	0	72331	59578	0	0	0	66448	97067	0	0	68568	148335	34144	0	0	0	0	0	923934	0	0	0	0	0	0	0	0	0	16656387	0
LFQ	24	33913	0	0	0	0	0	0	0	0	0	0	0	0	73596	60998	0	0	0	72300	100451	0	0	69781	142385	35828	0	0	0	0	0	907871	0	0	0	0	0	0	0	0	0	16657929	0
LFQ	25	357	0	0	0	0	0	0	0	0	0	0	0	0	69743	57637	0	0	0	63483	93435	0	0	66710	158580	32028	0	0	0	0	0	905803	0	0	0	0	0	0	0	0	0	16707276	0
LFQ	26	145	0	0	0	0	0	0	0	0	0	0	0	0	69151	57536	0	0	0	63597	91813	0	0	65145	154903	31677	0	0	0	0	0	915786	0	0	0	0	0	0	0	0	0	16705299	0
LFQ	27	498	0	0	0	0	0	0	0	0	0	0	0	0	67306	55176	0	0	0	62662	90682	0	0	64778	139181	32515	0	0	0	0	0	916713	0	0	0	0	0	0	0	0	0	16725541	0
LFQ	28	747	0	0	0	0	0	0	0	0	0	0	0	0	70314	61163	0	0	0	78935	97745	0	0	68746	135068	37180	0	0	0	0	0	897920	0	0	0	0	0	0	0	0	0	16707234	0
LFQ	29	212	0	0	0	0	0	0	0	0	0	0	0	0	71147	57267	0	0	0	68978	89279	0	0	63549	216755	30995	0	0	0	0	0	961670	0	0	0	0	0	0	0	0	0	16595200	0
LFQ	30	1216	0	0	0	0	0	0	0	0	0	0	0	0	79092	64673	0	0	0	83572	90338	0	0	63264	218592	31273	0	0	0	0	0	952532	0	0	0	0	0	0	0	0	0	16570500	0
LFQ	31	132621	0	0	0	0	0	0	0	0	0	0	0	0	91965	78808	0	0	0	116077	121135	0	0	80137	184265	42335	0	0	0	0	0	955254	0	0	0	0	0	0	0	0	0	16352455	0
LFQ	32	705	0	0	0	0	0	0	0	0	0	0	0	0	98565	82663	0	0	0	105747	115582	0	0	79405	236408	40295	0	0	0	0	0	1029429	0	0	0	0	0	0	0	0	0	16366253	0
LFQ	33	41933	0	0	0	0	0	0	0	0	0	0	0	0	103350	88046	0	0	0	107599	120440	0	0	80922	256561	41745	0	0	0	0	0	1034909	0	0	0	0	0	0	0	0	0	16279547	0
LFQ	34	1521	0	0	0	0	0	0	0	0	0	0	0	0	100013	83295	0	0	0	101702	113001	0	0	76188	215665	39638	0	0	0	0	0	1090227	0	0	0	0	0	0	0	0	0	16333802	0
LFQ	35	22928	0	0	0	0	0	0	0	0	0	0	0	0	103081	87621	0	0	0	109920	114997	0	0	77125	211962	40640	0	0	0	0	0	1042552	0	0	0	0	0	0	0	0	0	16344226	0
LFQ	36	121	0	0	0	0	0	0	0	0	0	0	0	0	110552	91791	0	0	0	118327	127218	0	0	84289	207886	43564	0	0	0	0	0	1049902	0	0	0	0	0	0	0	0	0	16321402	0
LFQ	37	315	0	0	0	0	0	0	0	0	0	0	0	0	112052	91583	0	0	0	109720	122673	0	0	80773	218221	42820	0	0	0	0	0	1021593	0	0	0	0	0	0	0	0	0	16350119	0
LFQ	38	7739	0	0	0	0	0	0	0	0	0	0	0	0	108488	91957	0	0	0	115287	123970	0	0	81889	197465	43746	0	0	0	0	0	1019548	0	0	0	0	0	0	0	0	0	16354154	0
LFQ	39	67	0	0	0	0	0	0	0	0	0	0	0	0	103160	85153	0	0	0	102538	114397	0	0	76710	203775	40274	0	0	0	0	0	1019266	0	0	0	0	0	0	0	0	0	16392906	0
LFQ	40	155	0	0	0	0	0	0	0	0	0	0	0	0	109238	90656	0	0	0	108070	120607	0	0	80319	207347	40996	0	0	0	0	0	999822	0	0	0	0	0	0	0	0	0	16374207	0
LFQ	41	1531	0	0	0	0	0	0	0	0	0	0	0	0	111521	90240	0	0	0	113038	121146	0	0	79522	217993	40367	0	0	0	0	0	1017069	0	0	0	0	0	0	0	0	0	16333203	0
LFQ	42	5792	0	0	0	0	0	0	0	0	0	0	0	0	122210	98433	0	0	0	119242	128463	0	0	82073	240682	42337	0	0	0	0	0	1038730	0	0	0	0	0	0	0	0	0	16242187	0
LFQ	43	13858	0	0	0	0	0	0	0	0	0	0	0	0	128302	109519	0	0	0	135232	139947	0	0	91484	234574	47589	0	0	0	0	0	1071053	0	0	0	0	0	0	0	0	0	16142820	0
LFQ	44	33712	0	0	0	0	0	0	0	0	0	0	0	0	125797	104069	0	0	0	127435	138191	0	0	90550	233152	45686	0	0	0	0	0	1060278	0	0	0	0	0	0	0	0	0	16149629	0
LFQ	45	61	0	0	0	0	0	0	0	0	0	0	0	0	122723	100838	0	0	0	123556	128477	0	0	83627	242072	43658	0	0	0	0	0	1061390	0	0	0	0	0	0	0	0	0	16195940	0
LFQ	46	57	0	0	0	0	0	0	0	0	0	0	0	0	126197	102014	0	0	0	124911	131215	0	0	83826	237856	45377	0	0	0	0	0	1056694	0	0	0	0	0	0	0	0	0	16188160	0
LFQ	47	291	0	0	0	0	0	0	0	0	0	0	0	0	122371	100170	0	0	0	123392	127848	0	0	81747	231959	44277	0	0	0	0	0	1075722	0	0	0	0	0	0	0	0	0	16182684	0
LFQ	48	263	0	0	0	0	0	0	0	0	0	0	0	0	129044	106848	0	0	0	130174	133959	0	0	85424	244814	45033	0	0	0	0	0	1093823	0	0	0	0	0	0	0	0	0	16115371	0
LFQ	49	252	0	0	0	0	0	0	0	0	0	0	0	0	142510	120900	0	0	0	148054	150060	0	0	94963	299569	50959	0	0	0	0	0	1171538	0	0	0	0	0	0	0	0	0	15900339	0
LFQ	50	508	0	0	0	0	0	0	0	0	0	0	0	0	154388	135779	0	0	0	165269	152943	0	0	97509	298073	51549	0	0	0	0	0	1170225	0	0	0	0	0	0	0	0	0	15847109	0
LFQ	51	20727	0	0	0	0	0	0	0	0	0	0	0	0	150918	126207	0	0	0	242802	151874	0	0	93599	259026	51783	0	0	0	0	0	1142843	0	0	0	0	0	0	0	0	0	15828022	0
LFQ	52	294	0	0	0	0	0	0	0	0	0	0	0	0	150102	120117	0	0	0	161542	135188	0	0	86051	325837	45371	0	0	0	0	0	1174675	0	0	0	0	0	0	0	0	0	15862689	0
LFQ	53	2204	0	0	0	0	0	0	0	0	0	0	0	0	150336	125586	0	0	0	161286	132711	0	0	84072	339639	44451	0	0	0	0	0	1175040	0	0	0	0	0	0	0	0	0	15839954	0
LFQ	54	32881	0	0	0	0	0	0	0	0	0	0	0	0	154314	121694	0	0	0	198894	145150	0	0	89624	274105	48619	0	0	0	0	0	1175397	0	0	0	0	0	0	0	0	0	15807066	0
LFQ	55	60	0	0	0	0	0	0	0	0	0	0	0	0	166396	139019	0	0	0	184192	159249	0	0	100047	297694	52201	0	0	0	0	0	1200798	0	0	0	0	0	0	0	0	0	15740878	0
LFQ	56	4467	0	0	0	0	0	0	0	0	0	0	0	0	150822	122883	0	0	0	160185	140831	0	0	89196	333866	47685	0	0	0	0	0	1205382	0	0	0	0	0	0	0	0	0	15778922	0
LFQ	57	517	0	0	0	0	0	0	0	0	0	0	0	0	153243	126214	0	0	0	168266	142081	0	0	88721	296938	49350	0	0	0	0	0	1205907	0	0	0	0	0	0	0	0	0	15796658	0
LFQ	58	52605	0	0	0	0	0	0	0	0	0	0	0	0	152913	124552	0	0	0	158901	146819	0	0	90567	280158	49503	0	0	0	0	0	1202841	0	0	0	0	0	0	0	0	0	15763005	0
LFQ	59	47	0	0	0	0	0	0	0	0	0	0	0	0	167442	139467	0	0	0	177522	156832	0	0	95882	311065	54351	0	0	0	0	0	1252717	0	0	0	0	0	0	0	0	0	15660526	0
LFQ	60	62	0	0	0	0	0	0	0	0	0	0	0	0	176568	146717	0	0	0	183773	171892	0	0	104900	332305	58865	0	0	0	0	0	1285134	0	0	0	0	0	0	0	0	0	15549431	0
LFQ	61	228	0	0	0	0	0	0	0	0	0	0	0	0	182679	153578	0	0	0	191721	178308	0	0	108232	312839	61933	0	0	0	0	0	1318101	0	0	0	0	0	0	0	0	0	15496017	0
LFQ	62	6857	0	0	0	0	0	0	0	0	0	0	0	0	177338	147346	0	0	0	183864	168082	0	0	101287	320656	58289	0	0	0	0	0	1313234	0	0	0	0	0	0	0	0	0	15520400	0
LFQ	63	67	0	0	0	0	0	0	0	0	0	0	0	0	175753	143874	0	0	0	183511	159314	0	0	94913	320069	55775	0	0	0	0	0	1282588	0	0	0	0	0	0	0	0	0	15575121	0
LFQ	64	10856	0	0	0	0	0	0	0	0	0	0	0	0	179275	146559	0	0	0	186647	164603	0	0	99021	328869	57397	0	0	0	0	0	1307445	0	0	0	0	0	0	0	0	0	15503569	0
LFQ	65	85	0	0	0	0	0	0	0	0	0	0	0	0	193011	158068	0	0	0	202266	169152	0	0	100815	391265	59291	0	0	0	0	0	1382442	0	0	0	0	0	0	0	0	0	15320627	0
LFQ	66	2900	0	0	0	0	0	0	0	0	0	0	0	0	210909	179899	0	0	0	238201	174575	0	0	102350	394979	62518	0	0	0	0	0	1401477	0	0	0	0	0	0	0	0	0	15202820	0
LFQ	67	65443	0	0	0	0	0	0	0	0	0	0	0	0	222191	213893	0	0	0	269536	203878	0	0	116685	344971	76426	0	0	0	0	0	1388217	0	0	0	0	0	0	0	0	0	15063347	0
LFQ	68	10271	0	0	0	0	0	0	0	0	0	0	0	0	218282	179902	0	0	0	232277	175340	0	0	102939	382297	64884	0	0	0	0	0	1404851	0	0	0	0	0	0	0	0	0	15187419	0
LFQ	69	530	0	0	0	0	0	0	0	0	0	0	0	0	202958	166966	0	0	0	217457	169328	0	0	100006	400890	61117	0	0	0	0	0	1420765	0	0	0	0	0	0	0	0	0	15211567	0
LFQ	70	45	0	0	0	0	0	0	0	0	0	0	0	0	200283	164518	0	0	0	215290	175109	0	0	104178	363194	64851	0	0	0	0	0	1453826	0	0	0	0	0	0	0	0	0	15203641	0
LFQ	71	49	0	0	0	0	0	0	0	0	0	0	0	0	204284	165171	0	0	0	217811	177180	0	0	104848	370073	65699	0	0	0	0	0	1459355	0	0	0	0	0	0	0	0	0	15173707	0
LFQ	72	566	0	0	0	0	0	0	0	0	0	0	0	0	212690	174054	0	0	0	234216	176408	0	0	103347	369247	66023	0	0	0	0	0	1453907	0	0	0	0	0	0	0	0	0	15140506	0
LFQ	73	22969	0	0	0	0	0	0	0	0	0	0	0	0	218758	182806	0	0	0	243293	190493	0	0	112247	362307	70878	0	0	0	0	0	1454970	0	0	0	0	0	0	0	0	0	15065873	0
LFQ	74	54	0	0	0	0	0	0	0	0	0	0	0	0	225695	180368	0	0	0	244907	182704	0	0	106340	370952	69737	0	0	0	0	0	1452313	0	0	0	0	0	0	0	0	0	15085372	0
LFQ	75	24	0	0	0	0	0	0	0	0	0	0	0	0	220671	182041	0	0	0	235387	184265	0	0	108311	389973	68705	0	0	0	0	0	1493614	0	0	0	0	0	0	0	0	0	15028932	0
LFQ	76	26	0	0	0	0	0	0	0	0	0	0	0	0	217269	180233	0	0	0	235951	180264	0	0	103846	387297	67545	0	0	0	0	0	1508011	0	0	0	0	0	0	0	0	0	15024150	0
LFQ	77	315	0	0	0	0	0	0	0	0	0	0	0	0	229770	189836	0	0	0	259022	187982	0	0	108770	405707	71028	0	0	0	0	0	1545314	0	0	0	0	0	0	0	0	0	14899640	0
LFQ	78	15199	0	0	0	0	0	0	0	0	0	0	0	0	238158	197182	0	0	0	266647	183611	0	0	104940	460132	69655	0	0	0	0	0	1592769	0	0	0	0	0	0	0	0	0	14761821	0
LFQ	79	31634	0	0	0	0	0	0	0	0	0	0	0	0	270883	222719	0	0	0	307440	199389	0	0	113703	446112	80530	0	0	0	0	0	1603914	0	0	0	0	0	0	0	0	0	14606948	0
LFQ	80	65933	0	0	0	0	0	0	0	0	0	0	0	0	282013	241654	0	0	0	339407	222150	0	0	124672	434823	88177	0	0	0	0	0	1639264	0	0	0	0	0	0	0	0	0	14438728	0
LFQ	81	171	0	0	0	0	0	0	0	0	0	0	0	0	275645	227544	0	0	0	306107	188974	0	0	104732	569008	71431	0	0	0	0	0	1737770	0	0	0	0	0	0	0	0	0	14389192	0
LFQ	82	769	0	0	0	0	0	0	0	0	0	0	0	0	310467	254334	0	0	0	385056	197323	0	0	110281	526084	75262	0	0	0	0	0	1743274	0	0	0	0	0	0	0	0	0	14260764	0
LFQ	83	78110	0	0	0	0	0	0	0	0	0	0	0	0	294283	234730	0	0	0	423848	217767	0	0	120071	482329	81190	0	0	0	0	0	1796648	0	0	0	0	0	0	0	0	0	14127854	0
LFQ	84	634	0	0	0	0	0	0	0	0	0	0	0	0	306169	252399	0	0	0	359502	197592	0	0	109141	519947	77790	0	0	0	0	0	1799308	0	0	0	0	0	0	0	0	0	14226370	0
LFQ	85	54149	0	0	0	0	0	0	0	0	0	0	0	0	292375	250504	0	0	0	348009	217934	0	0	120097	532084	88963	0	0	0	0	0	1778627	0	0	0	0	0	0	0	0	0	14157265	0
LFQ	86	19483	0	0	0	0	0	0	0	0	0	0	0	0	277487	228601	0	0	0	312823	199033	0	0	111168	470376	80333	0	0	0	0	0	1811195	0	0	0	0	0	0	0	0	0	14321536	0
LFQ	87	46	0	0	0	0	0	0	0	0	0	0	0	0	268454	221782	0	0	0	299241	197478	0	0	111001	477244	79303	0	0	0	0	0	1805442	0	0	0	0	0	0	0	0	0	14364964	0
LFQ	88	140	0	0	0	0	0	0	0	0	0	0	0	0	265018	218138	0	0	0	295824	196809	0	0	111496	446532	79731	0	0	0	0	0	1803259	0	0	0	0	0	0	0	0	0	14401364	0
LFQ	89	15625	0	0	0	0	0	0	0	0	0	0	0	0	264610	217906	0	0	0	299638	196106	0	0	109746	445370	79110	0	0	0	0	0	1788100	0	0	0	0	0	0	0	0	0	14395086	0
LFQ	90	131	0	0	0	0	0	0	0	0	0	0	0	0	282484	232951	0	0	0	315475	196308	0	0	109217	552367	79390	0	0	0	0	0	1896325	0	0	0	0	0	0	0	0	0	14139399	0
LFQ	91	1529	0	0	0	0	0	0	0	0	0	0	0	0	314800	265895	0	0	0	374804	198351	0	0	108346	551975	80674	0	0	0	0	0	1921077	0	0	0	0	0	0	0	0	0	13979574	0
LFQ	92	130943	0	0	0	0	0	0	0	0	0	0	0	0	341331	305827	0	0	0	435228	240735	0	0	128698	539209	100142	0	0	0	0	0	1953876	0	0	0	0	0	0	0	0	0	13613775	0
LFQ	93	17081	0	0	0	0	0	0	0	0	0	0	0	0	363047	312592	0	0	0	434739	210264	0	0	112942	602473	85278	0	0	0	0	0	2009536	0	0	0	0	0	0	0	0	0	13634198	0
LFQ	94	56775	0	0	0	0	0	0	0	0	0	0	0	0	357096	326432	0	0	0	468118	233992	0	0	123550	620979	96988	0	0	0	0	0	2037972	0	0	0	0	0	0	0	0	0	13451636	0
LFQ	95	15027	0	0	0	0	0	0	0	0	0	0	0	0	374160	305302	0	0	0	437602	204395	0	0	110449	562845	85338	0	0	0	0	0	2036916	0	0	0	0	0	0	0	0	0	13633140	0
LFQ	96	28043	0	0	0	0	0	0	0	0	0	0	0	0	328042	264376	0	0	0	471615	204989	0	0	111282	544167	85508	0	0	0	0	0	2041503	0	0	0	0	0	0	0	0	0	13677490	0
LFQ	97	19	0	0	0	0	0	0	0	0	0	0	0	0	334741	279282	0	0	0	379839	204937	0	0	111245	549648	85936	0	0	0	0	0	2071312	0	0	0	0	0	0	0	0	0	13732026	0
LFQ	98	645	0	0	0	0	0	0	0	0	0	0	0	0	327373	270586	0	0	0	360993	216995	0	0	118837	570783	90693	0	0	0	0	0	2069867	0	0	0	0	0	0	0	0	0	13714717	0
LFQ	99	221	0	0	0	0	0	0	0	0	0	0	0	0	335733	276237	0	0	0	370498	221291	0	0	119062	523969	93486	0	0	0	0	0	2076466	0	0	0	0	0	0	0	0	0	13717238	0
LFQ	100	416	0	0	0	0	0	0	0	0	0	0	0	0	334725	277595	0	0	0	369565	212540	0	0	114625	577416	89246	0	0	0	0	0	2126239	0	0	0	0	0	0	0	0	0	13624764	0
LFQ	101	987	0	0	0	0	0	0	0	0	0	0	0	0	359716	304914	0	0	0	408172	216221	0	0	115722	570587	90331	0	0	0	0	0	2120809	0	0	0	0	0	0	0	0	0	13532273	0
LFQ	102	87719	0	0	0	0	0	0	0	0	0	0	0	0	371660	312632	0	0	0	424744	238662	0	0	125406	551449	97597	0	0	0	0	0	2147984	0	0	0	0	0	0	0	0	0	13353847	0
LFQ	103	9557	0	0	0	0	0	0	0	0	0	0	0	0	385724	327619	0	0	0	431152	229704	0	0	119724	590807	96978	0	0	0	0	0	2210896	0	0	0	0	0	0	0	0	0	13301567	0
LFQ	104	13677	0	0	0	0	0	0	0	0	0	0	0	0	394633	335586	0	0	0	432202	240748	0	0	125506	662909	97413	0	0	0	0	0	2274612	0	0	0	0	0	0	0	0	0	13118357	0
LFQ	105	1726	0	0	0	0	0	0	0	0	0	0	0	0	400721	342754	0	0	0	446061	231452	0	0	118575	627032	99522	0	0	0	0	0	2323464	0	0	0	0	0	0	0	0	0	13096694	0
LFQ	106	28431	0	0	0	0	0	0	0	0	0	0	0	0	413476	357897	0	0	0	476584	255657	0	0	132145	599931	109051	0	0	0	0	0	2328216	0	0	0	0	0	0	0	0	0	12978760	0
LFQ	107	309	0	0	0	0	0	0	0	0	0	0	0	0	403783	340416	0	0	0	440111	233876	0	0	120818	625590	98533	0	0	0	0	0	2336942	0	0	0	0	0	0	0	0	0	13071321	0
LFQ	108	2118	0	0	0	0	0	0	0	0	0	0	0	0	403111	335444	0	0	0	450912	237247	0	0	121827	627984	100727	0	0	0	0	0	2360744	0	0	0	0	0	0	0	0	0	13023308	0
LFQ	109	8460	0	0	0	0	0	0	0	0	0	0	0	0	402723	339412	0	0	0	432588	239227	0	0	123124	611822	102301	0	0	0	0	0	2382461	0	0	0	0	0	0	0	0	0	13013048	0
LFQ	110	907	0	0	0	0	0	0	0	0	0	0	0	0	418714	346967	0	0	0	449424	244925	0	0	124691	623092	105620	0	0	0	0	0	2424751	0	0	0	0	0	0	0	0	0	12907940	0
LFQ	111	12	0	0	0	0	0	0	0	0	0	0	0	0	417225	350747	0	0	0	443684	240607	0	0	121508	649275	101852	0	0	0	0	0	2463179	0	0	0	0	0	0	0	0	0	12850725	0
LFQ	112	69	0	0	0	0	0	0	0	0	0	0	0	0	444297	374535	0	1	0	474315	253565	0	0	126330	666020	108178	0	0	0	0	0	2533224	0	0	0	0	0	0	0	0	0	12650293	0
LFQ	113	2858	0	0	0	0	0	0	0	0	0	0	0	0	462934	394919	0	0	0	495853	263157	0	0	130498	674759	112813	0	0	0	0	0	2574246	0	0	0	0	0	0	0	0	0	12510761	0
LFQ	114	36	0	0	0	0	0	0	0	0	0	0	0	0	477708	407509	0	2	0	524155	267613	0	0	131478	695175	114133	0	0	0	0	0	2630169	0	0	0	0	0	0	0	0	0	12366417	0
LFQ	115	3339	0	0	0	0	0	0	0	0	0	0	0	0	485066	407447	0	9	0	513499	261865	0	0	129667	743296	110410	0	0	0	0	0	2680191	0	0	0	0	0	0	0	0	0	12271018	0
LFQ	116	367	0	0	0	0	0	0	0	0	0	0	0	0	510585	421790	0	57	0	566573	257837	0	3	126049	725279	110285	0	0	0	0	0	2682505	0	0	0	0	0	0	0	0	0	12195836	0
LFQ	117	36130	0	0	0	0	0	0	0	0	0	0	0	0	492222	405487	0	586	0	572956	261946	0	36	126260	729412	111829	0	0	0	0	0	2754015	0	0	0	0	0	0	0	0	0	12096915	0
LFQ	118	73	0	0	0	0	0	0	0	0	0	0	0	0	530677	449621	0	17808	0	543301	279343	0	1347	134612	753316	115981	0	0	0	0	0	2809410	0	0	0	0	0	0	0	0	0	11943106	0
LFQ	119	12	0	0	0	0	0	0	0	0	0	0	0	0	534394	448622	0	551062	0	0	281994	0	50808	135552	946642	34347	0	0	0	0	0	2796260	0	0	0	0	0	0	0	0	0	11789524	0
LFQ	120	120	0	0	0	0	0	0	0	0	0	0	0	0	534604	447520	0	548325	0	0	274048	0	48603	130407	960285	33366	0	0	0	0	0	2860706	0	0	0	0	0	0	0	0	0	11722304	0
LFQ	121	165	0	0	0	0	0	0	0	0	0	0	0	0	558478	467325	0	572521	0	0	280305	0	50424	132746	1010279	33773	0	0	0	0	0	2895585	0	0	0	0	0	0	0	0	0	11549807	0
LFQ	122	12514	0	0	0	0	0	0	0	0	0	0	0	0	576457	479655	0	607312	0	0	285613	0	51426	135231	990834	34062	0	0	0	0	0	2944486	0	0	0	0	0	0	0	0	0	11424873	0
LFQ	123	84724	0	0	0	0	0	0	0	0	0	0	0	0	588131	493840	0	618745	0	0	309035	0	56791	145705	952593	38779	0	0	0	0	0	2951446	0	0	0	0	0	0	0	0	0	11293756	0
LFQ	124	1189	0	0	0	0	0	0	0	0	0	0	0	0	564636	469384	0	582913	0	0	275941	0	48939	130643	1041406	32981	0	0	0	0	0	3034165	0	0	0	0	0	0	0	0	0	11342223	0
LFQ	125	31	0	0	0	0	0	0	0	0	0	0	0	0	565359	472490	0	579745	0	0	280274	0	50034	132156	1097754	34169	0	0	0	0	0	3095916	0	0	0	0	0	0	0	0	0	11206881	0
LFQ	126	1256	0	0	0	0	0	0	0	0	0	0	0	0	569259	468219	0	611914	0	0	287964	0	52359	135948	1065893	35711	0	0	0	0	0	3202405	0	0	0	0	0	0	0	0	0	11073653	0
LFQ	127	27575	0	0	0	0	0	0	0	0	0	0	0	0	594068	489928	0	599099	0	0	296891	0	54077	139966	1112703	36256	0	0	0	0	0	3323438	0	0	0	0	0	0	0	0	0	10820465	0
LFQ	128	70	0	0	0	0	0	0	0	0	0	0	0	0	616541	511237	0	630312	0	0	310193	0	57119	147396	1217049	39306	0	0	0	0	0	3502444	0	0	0	0	0	0	0	0	0	10452665	0
LFQ	129	794	0	0	0	0	0	0	0	0	0	0	0	0	649750	535619	0	691815	0	0	309205	0	58452	146613	1291797	38617	0	0	0	0	0	3799132	0	0	0	0	0	0	0	0	0	9952049	0
LFQ	130	62877	0	0	0	0	0	0	0	0	0	0	0	0	629744	522424	0	733358	0	0	320461	0	68302	153329	1363002	45155	0	0	0	0	0	4313234	0	0	0	0	0	0	0	0	0	9251331	0
LFQ	131	22235	0	0	0	0	0	0	0	0	0	0	0	0	655557	548406	0	768201	0	0	331608	0	88538	159928	1535791	60204	0	0	0	0	0	4939866	0	0	0	0	0	0	0	0	0	8341376	0
LFQ	132	3698	0	0	0	0	0	0	0	0	0	0	0	0	621443	522572	0	769083	0	0	324654	0	110050	156944	1753428	77830	0	0	0	0	0	5406861	0	0	0	0	0	0	0	0	0	7686219	0
LFQ	133	1675	0	0	0	0	0	0	0	0	0	0	0	0	618820	529835	0	784160	0	0	324120	0	122432	154775	1661720	88103	0	0	0	0	0	5095837	0	0	0	0	0	0	0	0	0	8027012	0
LFQ	134	1916	0	0	0	0	0	0	0	0	0	0	0	0	600750	509778	0	714121	0	0	312801	0	100097	149634	1399870	69685	0	0	0	0	0	4190471	0	0	0	0	0	0	0	0	0	9335835	0
LFQ	135	7674	0	0	0	0	0	0	0	0	0	0	0	0	598422	500871	0	649213	0	0	303576	0	73928	143557	1187240	49255	0	0	0	0	0	3595006	0	0	0	0	0	0	0	0	0	10245467	0
LFQ	136	96	0	0	0	0	0	0	0	0	0	0	0	0	577083	485745	0	591147	0	0	289366	0	58543	136507	1108789	39985	0	0	0	0	0	3448167	0	0	0	0	0	0	0	0	0	10586182	0
LFQ	137	9888	0	0	0	0	0	0	0	0	0	0	0	0	577999	485348	0	585840	0	0	288110	0	57304	135614	1062078	39376	0	0	0	0	0	3431335	0	0	0	0	0	0	0	0	0	10613914	0
LFQ	138	18218	0	0	0	0	0	0	0	0	0	0	0	0	581589	487672	0	585046	0	0	290893	0	58939	137387	1041152	40685	0	0	0	0	0	3461084	0	0	0	0	0	0	0	0	0	10545314	0
LFQ	139	64	0	0	0	0	0	0	0	0	0	0	0	0	593543	501397	0	595307	0	0	294264	0	60644	137541	1050116	42239	0	0	0	0	0	3486950	0	0	0	0	0	0	0	0	0	10442599	0
LFQ	140	479	0	0	0	0	0	0	0	0	0	0	0	0	587140	488832	0	594415	0	0	284640	0	60109	131824	1085788	41293	0	0	0	0	0	3537333	0	0	0	0	0	0	0	0	0	10333886	0
LFQ	141	8424	0	0	0	0	0	0	0	0	0	0	0	0	587379	488121	0	601324	0	0	281196	0	60066	128811	1096457	41145	0	0	0	0	0	3583644	0	0	0	0	0	0	0	0	0	10181890	0
LFQ	142	1339	0	0	0	0	0	0	0	0	0	0	0	0	612963	511649	0	633634	0	0	293635	0	65287	134463	1125335	44144	0	0	0	0	0	3657871	0	0	0	0	0	0	0	0	0	9857486	0
LFQ	143	94	0	0	0	0	0	0	0	0	0	0	0	0	691990	572186	0	717578	0	0	225316	0	52232	91714	1725645	31007	0	0	0	0	0	3791889	0	0	0	0	0	0	0	0	0	8931369	0
LFQ	144	7018	0	0	0	0	0	0	0	0	0	0	0	0	719403	592736	0	802690	0	0	239831	0	60726	97250	1778074	35020	0	0	0	0	0	3927567	0	0	0	0	0	0	0	0	0	8400380	0
LFQ	145	1262	0	0	0	0	0	0	0	0	0	0	0	0	1328374	1702870	0	1132483	0	0	726567	0	190006	276035	1145515	109131	0	0	0	0	0	3184945	0	0	0	0	0	0	0	0	0	6437171	0
LFQ	146	4424	0	0	0	0	0	0	0	0	0	0	0	0	635544	537015	0	657834	0	0	230019	0	45627	95182	1735744	24912	0	0	0	0	0	3769208	0	0	0	0	0	0	0	0	0	7742351	0
LFQ	147	6626	0	0	0	0	0	0	0	0	0	0	0	0	500466	448399	0	598573	0	0	194128	0	60138	174891	1523863	34152	0	0	0	0	0	3826498	0	0	0	0	0	0	0	0	0	7736171	0
LFQ	148	0	0	0	0	0	0	0	0	0	0	0	0	0	0	0	0	0	0	0	0	0	46808	4009978	59297	0	0	0	0	0	0	2332485	0	0	0	0	0	0	0	0	0	6707049	0
# GC Content of first fragments. Use `grep ^GCF | cut -f 2-` to extract this part.
GCF	0.25	15
GCF	0.75	16
GCF	1.26	11
GCF	1.76	12
GCF	2.26	15
GCF	3.02	14
GCF	3.77	16
GCF	4.27	14
GCF	4.77	21
GCF	5.28	17
GCF	5.78	21
GCF	6.28	26
GCF	6.78	29
GCF	7.29	37
GCF	7.79	65
GCF	8.29	75
GCF	8.79	87
GCF	9.30	106
GCF	10.05	103
GCF	10.80	117
GCF	11.31	138
GCF	11.81	144
GCF	12.31	176
GCF	12.81	221
GCF	13.32	290
GCF	13.82	368
GCF	14.32	449
GCF	14.82	613
GCF	15.33	756
GCF	15.83	917
GCF	16.33	1124
GCF	16.83	1464
GCF	17.34	1971
GCF	17.84	2196
GCF	18.34	2830
GCF	18.84	3805
GCF	19.35	5013
GCF	19.85	5729
GCF	20.35	7655
GCF	20.85	10114
GCF	21.36	11074
GCF	21.86	14536
GCF	22.36	18970
GCF	22.86	23692
GCF	23.37	26305
GCF	23.87	32844
GCF	24.37	41213
GCF	24.87	50288
GCF	25.38	54404
GCF	25.88	65448
GCF	26.38	78405
GCF	26.88	91459
GCF	27.39	96751
GCF	27.89	112987
GCF	28.39	131046
GCF	28.89	146546
GCF	29.40	152277
GCF	29.90	172994
GCF	30.40	192469
GCF	30.90	209327
GCF	31.41	215604
GCF	31.91	235130
GCF	32.41	253895
GCF	32.91	269688
GCF	33.42	275684
GCF	33.92	291997
GCF	34.42	307554
GCF	34.92	322500
GCF	35.43	327515
GCF	35.93	341631
GCF	36.43	352246
GCF	36.93	362490
GCF	37.44	367447
GCF	37.94	376510
GCF	38.44	382313
GCF	38.94	388194
GCF	39.45	389346
GCF	39.95	392460
GCF	40.45	394112
GCF	40.95	394171
GCF	41.46	392613
GCF	41.96	389886
GCF	42.46	387653
GCF	42.96	385391
GCF	43.47	381848
GCF	43.97	378249
GCF	44.47	375143
GCF	44.97	372271
GCF	45.48	368635
GCF	45.98	365328
GCF	46.48	361267
GCF	46.98	360661
GCF	47.49	357915
GCF	47.99	357905
GCF	48.49	358171
GCF	48.99	358567
GCF	49.50	361679
GCF	50.00	363122
GCF	50.50	365862
GCF	51.01	367509
GCF	51.51	366625
GCF	52.01	367078
GCF	52.51	363818
GCF	53.02	363207
GCF	53.52	359261
GCF	54.02	353763
GCF	54.52	349797
GCF	55.03	348982
GCF	55.53	342773
GCF	56.03	337135
GCF	56.53	332462
GCF	57.04	330693
GCF	57.54	325556
GCF	58.04	319035
GCF	58.54	312076
GCF	59.05	309570
GCF	59.55	301783
GCF	60.05	293427
GCF	60.55	288815
GCF	61.06	279719
GCF	61.56	269982
GCF	62.06	257142
GCF	62.56	251879
GCF	63.07	239714
GCF	63.57	226843
GCF	64.07	210838
GCF	64.57	205470
GCF	65.08	188943
GCF	65.58	174141
GCF	66.08	156808
GCF	66.58	151166
GCF	67.09	136713
GCF	67.59	117457
GCF	68.09	100710
GCF	68.59	94889
GCF	69.10	81297
GCF	69.60	65869
GCF	70.10	51820
GCF	70.60	47452
GCF	71.11	37608
GCF	71.61	28212
GCF	72.11	20518
GCF	72.61	17771
GCF	73.12	12765
GCF	73.62	8596
GCF	74.12	6030
GCF	74.62	5102
GCF	75.13	3436
GCF	75.63	2273
GCF	76.13	1537
GCF	76.63	1255
GCF	77.14	931
GCF	77.64	706
GCF	78.14	510
GCF	78.64	421
GCF	79.15	316
GCF	79.65	208
GCF	80.15	169
GCF	80.65	107
GCF	81.16	95
GCF	81.66	82
GCF	82.16	77
GCF	82.66	64
GCF	83.17	51
GCF	83.67	35
GCF	84.17	30
GCF	84.67	29
GCF	85.18	26
GCF	85.68	18
GCF	86.18	13
GCF	86.68	9
GCF	87.19	7
GCF	87.69	5
GCF	88.19	4
GCF	88.69	6
GCF	89.20	2
GCF	90.20	4
GCF	91.21	1
GCF	91.71	3
GCF	92.71	2
GCF	93.72	4
GCF	94.72	2
GCF	95.73	1
GCF	96.23	2
GCF	96.98	1
GCF	97.74	3
GCF	98.24	4
GCF	98.74	5
GCF	99.50	9
# GC Content of last fragments. Use `grep ^GCL | cut -f 2-` to extract this part.
GCL	0.25	14
GCL	0.75	15
GCL	1.51	17
GCL	2.26	19
GCL	3.02	17
GCL	3.77	16
GCL	4.27	12
GCL	4.77	19
GCL	5.28	18
GCL	5.78	24
GCL	6.28	22
GCL	7.04	28
GCL	7.79	47
GCL	8.29	63
GCL	8.79	72
GCL	9.30	82
GCL	9.80	99
GCL	10.30	124
GCL	10.80	136
GCL	11.31	164
GCL	11.81	188
GCL	12.31	238
GCL	12.81	272
GCL	13.32	362
GCL	13.82	452
GCL	14.32	549
GCL	14.82	711
GCL	15.33	873
GCL	15.83	1021
GCL	16.33	1309
GCL	16.83	1759
GCL	17.34	2267
GCL	17.84	2553
GCL	18.34	3261
GCL	18.84	4409
GCL	19.35	6111
GCL	19.85	6773
GCL	20.35	8881
GCL	20.85	12123
GCL	21.36	12985
GCL	21.86	16855
GCL	22.36	22063
GCL	22.86	28019
GCL	23.37	30187
GCL	23.87	37749
GCL	24.37	47535
GCL	24.87	57612
GCL	25.38	60885
GCL	25.88	73804
GCL	26.38	88057
GCL	26.88	103017
GCL	27.39	107314
GCL	27.89	124266
GCL	28.39	142268
GCL	28.89	159834
GCL	29.40	164282
GCL	29.90	184152
GCL	30.40	204463
GCL	30.90	221352
GCL	31.41	225824
GCL	31.91	244231
GCL	32.41	262627
GCL	32.91	278150
GCL	33.42	282015
GCL	33.92	297400
GCL	34.42	311325
GCL	34.92	324981
GCL	35.43	327871
GCL	35.93	339688
GCL	36.43	350312
GCL	36.93	361524
GCL	37.44	364324
GCL	37.94	372182
GCL	38.44	376808
GCL	38.94	382036
GCL	39.45	382656
GCL	39.95	385821
GCL	40.45	385585
GCL	40.95	384841
GCL	41.46	382940
GCL	41.96	380495
GCL	42.46	377094
GCL	42.96	375698
GCL	43.47	371575
GCL	43.97	367975
GCL	44.47	364696
GCL	44.97	364567
GCL	45.48	361071
GCL	45.98	357911
GCL	46.48	355188
GCL	46.98	354934
GCL	47.49	352405
GCL	47.99	353816
GCL	48.49	355048
GCL	48.99	355488
GCL	49.50	358979
GCL	50.00	360195
GCL	50.50	363347
GCL	51.01	364432
GCL	51.51	364733
GCL	52.01	363951
GCL	52.51	359421
GCL	53.02	359318
GCL	53.52	353890
GCL	54.02	348282
GCL	54.52	342339
GCL	55.03	341072
GCL	55.53	335661
GCL	56.03	330950
GCL	56.53	324999
GCL	57.04	323801
GCL	57.54	319548
GCL	58.04	311524
GCL	58.54	304373
GCL	59.05	301537
GCL	59.55	292845
GCL	60.05	285778
GCL	60.55	281900
GCL	61.06	272613
GCL	61.56	262206
GCL	62.06	249895
GCL	62.56	246018
GCL	63.07	232920
GCL	63.57	220176
GCL	64.07	202940
GCL	64.57	199158
GCL	65.08	182044
GCL	65.58	167333
GCL	66.08	149398
GCL	66.58	145059
GCL	67.09	130068
GCL	67.59	111020
GCL	68.09	93698
GCL	68.59	89621
GCL	69.10	74969
GCL	69.60	60247
GCL	70.10	46719
GCL	70.60	43867
GCL	71.11	33516
GCL	71.61	24342
GCL	72.11	16999
GCL	72.61	15407
GCL	73.12	10719
GCL	73.62	6944
GCL	74.12	4544
GCL	74.62	3975
GCL	75.13	2682
GCL	75.63	1835
GCL	76.13	1266
GCL	76.63	1068
GCL	77.14	826
GCL	77.64	627
GCL	78.14	502
GCL	78.64	473
GCL	79.15	396
GCL	79.65	284
GCL	80.15	263
GCL	80.65	250
GCL	81.16	186
GCL	81.66	173
GCL	82.16	163
GCL	82.66	135
GCL	83.17	116
GCL	83.67	124
GCL	84.17	118
GCL	84.67	92
GCL	85.18	110
GCL	85.68	68
GCL	86.18	66
GCL	86.68	82
GCL	87.19	71
GCL	87.69	89
GCL	88.19	84
GCL	88.69	69
GCL	89.20	64
GCL	89.70	51
GCL	90.20	54
GCL	90.70	46
GCL	91.21	45
GCL	91.71	42
GCL	92.21	46
GCL	92.71	36
GCL	93.22	33
GCL	93.72	28
GCL	94.22	27
GCL	94.72	29
GCL	95.48	32
GCL	96.23	35
GCL	96.73	42
GCL	97.24	47
GCL	97.99	59
GCL	98.74	99
GCL	99.50	223
# ACGT content per cycle. Use `grep ^GCC | cut -f 2-` to extract this part. The columns are: cycle; A,C,G,T base counts as a percentage of all A/C/G/T bases [%]; and N and O counts as a percentage of all A/C/G/T bases [%]
GCC	1	19.33	30.67	30.63	19.37	0.00	0.00
GCC	2	30.59	19.39	19.36	30.66	0.00	0.00
GCC	3	27.34	22.64	22.61	27.41	0.00	0.00
GCC	4	28.00	22.00	21.96	28.04	0.00	0.00
GCC	5	28.01	22.00	21.94	28.06	0.05	0.00
GCC	6	27.96	22.05	21.98	28.01	0.00	0.00
GCC	7	28.60	21.41	21.35	28.64	0.37	0.00
GCC	8	25.82	24.18	24.13	25.86	0.00	0.00
GCC	9	25.91	24.10	24.06	25.93	0.00	0.00
GCC	10	29.04	20.96	20.91	29.09	0.01	0.00
GCC	11	22.40	27.60	27.55	22.45	0.01	0.00
GCC	12	24.07	25.95	25.89	24.10	0.02	0.00
GCC	13	27.03	22.97	22.93	27.07	0.02	0.00
GCC	14	27.21	22.82	22.75	27.23	0.00	0.00
GCC	15	26.82	23.19	23.13	26.87	0.02	0.00
GCC	16	26.73	23.27	23.21	26.78	0.09	0.00
GCC	17	26.71	23.29	23.23	26.77	0.01	0.00
GCC	18	26.58	23.43	23.39	26.60	0.04	0.00
GCC	19	26.54	23.47	23.41	26.58	0.19	0.00
GCC	20	26.52	23.48	23.43	26.57	0.00	0.00
GCC	21	26.49	23.51	23.46	26.54	0.01	0.00
GCC	22	26.55	23.46	23.41	26.57	0.00	0.00
GCC	23	26.61	23.38	23.36	26.65	0.08	0.00
GCC	24	26.73	23.27	23.24	26.76	0.10	0.00
GCC	25	26.76	23.27	23.20	26.77	0.00	0.00
GCC	26	26.77	23.25	23.19	26.79	0.00	0.00
GCC	27	26.63	23.37	23.33	26.66	0.00	0.00
GCC	28	26.64	23.37	23.32	26.67	0.00	0.00
GCC	29	26.58	23.43	23.35	26.63	0.00	0.00
GCC	30	26.62	23.38	23.33	26.67	0.01	0.00
GCC	31	26.63	23.37	23.31	26.69	0.37	0.00
GCC	32	26.67	23.33	23.30	26.70	0.17	0.00
GCC	33	26.63	23.38	23.33	26.66	0.12	0.00
GCC	34	26.69	23.33	23.27	26.72	0.01	0.00
GCC	35	26.69	23.32	23.27	26.73	0.07	0.00
GCC	36	26.67	23.33	23.28	26.72	0.00	0.00
GCC	37	26.60	23.41	23.35	26.64	0.00	0.00
GCC	38	26.65	23.36	23.30	26.70	0.03	0.00
GCC	39	26.65	23.37	23.31	26.68	0.01	0.00
GCC	40	26.51	23.50	23.43	26.56	0.00	0.00
GCC	41	26.60	23.41	23.36	26.64	0.01	0.00
GCC	42	26.55	23.47	23.41	26.57	0.02	0.00
GCC	43	25.94	24.07	24.01	25.98	0.04	0.00
GCC	44	26.56	23.43	23.37	26.64	0.24	0.00
GCC	45	26.51	23.49	23.44	26.56	0.00	0.00
GCC	46	26.59	23.42	23.37	26.62	0.00	0.00
GCC	47	26.56	23.46	23.40	26.59	0.00	0.00
GCC	48	26.52	23.48	23.42	26.58	0.00	0.00
GCC	49	26.56	23.45	23.39	26.60	0.00	0.00
GCC	50	26.51	23.50	23.44	26.55	0.01	0.00
GCC	51	26.57	23.43	23.37	26.63	0.06	0.00
GCC	52	26.55	23.46	23.37	26.61	0.03	0.00
GCC	53	26.50	23.51	23.45	26.54	0.03	0.00
GCC	54	26.61	23.40	23.34	26.65	0.10	0.00
GCC	55	26.50	23.49	23.44	26.58	0.01	0.00
GCC	56	26.53	23.49	23.41	26.57	0.03	0.00
GCC	57	26.51	23.51	23.45	26.54	0.00	0.00
GCC	58	26.51	23.51	23.44	26.55	0.15	0.00
GCC	59	26.55	23.45	23.43	26.57	0.01	0.00
GCC	60	26.54	23.47	23.43	26.57	0.00	0.00
GCC	61	26.41	23.59	23.53	26.46	0.00	0.00
GCC	62	26.50	23.50	23.45	26.55	0.02	0.00
GCC	63	26.53	23.49	23.42	26.56	0.00	0.00
GCC	64	26.45	23.55	23.51	26.49	0.03	0.00
GCC	65	26.53	23.48	23.42	26.57	0.00	0.00
GCC	66	26.49	23.53	23.45	26.53	0.01	0.00
GCC	67	26.50	23.52	23.47	26.52	0.18	0.00
GCC	68	26.51	23.50	23.45	26.54	0.14	0.00
GCC	69	26.49	23.52	23.46	26.53	0.00	0.00
GCC	70	26.49	23.50	23.46	26.54	0.00	0.00
GCC	71	26.50	23.51	23.46	26.53	0.00	0.00
GCC	72	26.41	23.59	23.54	26.46	0.01	0.00
GCC	73	26.35	23.66	23.60	26.38	0.07	0.00
GCC	74	26.37	23.64	23.57	26.41	0.00	0.00
GCC	75	26.45	23.57	23.50	26.48	0.00	0.00
GCC	76	26.43	23.58	23.53	26.46	0.00	0.00
GCC	77	26.43	23.57	23.51	26.49	0.00	0.00
GCC	78	26.40	23.60	23.55	26.45	0.05	0.00
GCC	79	26.38	23.62	23.57	26.42	0.09	0.00
GCC	80	26.44	23.58	23.50	26.48	0.19	0.00
GCC	81	26.48	23.52	23.47	26.53	0.01	0.00
GCC	82	26.46	23.56	23.50	26.48	0.00	0.00
GCC	83	26.51	23.49	23.43	26.57	0.22	0.00
GCC	84	26.48	23.53	23.50	26.50	0.00	0.00
GCC	85	26.39	23.62	23.56	26.44	0.15	0.00
GCC	86	26.44	23.57	23.50	26.48	0.06	0.00
GCC	87	26.41	23.59	23.55	26.45	0.00	0.00
GCC	88	26.40	23.59	23.55	26.46	0.00	0.00
GCC	89	26.38	23.64	23.57	26.42	0.04	0.00
GCC	90	26.43	23.59	23.52	26.46	0.00	0.00
GCC	91	26.45	23.58	23.51	26.46	0.00	0.00
GCC	92	26.49	23.53	23.47	26.52	0.38	0.00
GCC	93	26.43	23.57	23.53	26.48	0.05	0.00
GCC	94	26.45	23.55	23.48	26.53	0.16	0.00
GCC	95	26.39	23.64	23.55	26.42	0.04	0.00
GCC	96	26.48	23.52	23.48	26.52	0.08	0.00
GCC	97	26.31	23.69	23.63	26.37	0.00	0.00
GCC	98	26.37	23.63	23.60	26.40	0.00	0.00
GCC	99	26.38	23.63	23.56	26.42	0.01	0.00
GCC	100	26.39	23.62	23.57	26.42	0.00	0.00
GCC	101	26.37	23.63	23.59	26.40	0.01	0.00
GCC	102	26.38	23.63	23.57	26.42	0.25	0.00
GCC	103	26.36	23.65	23.60	26.39	0.03	0.00
GCC	104	26.36	23.66	23.59	26.40	0.04	0.00
GCC	105	26.32	23.67	23.60	26.40	0.01	0.00
GCC	106	26.34	23.67	23.61	26.39	0.17	0.00
GCC	107	26.33	23.68	23.61	26.38	0.00	0.00
GCC	108	26.34	23.68	23.61	26.37	0.01	0.00
GCC	109	26.30	23.70	23.65	26.35	0.02	0.00
GCC	110	26.32	23.68	23.64	26.36	0.00	0.00
GCC	111	26.32	23.68	23.63	26.37	0.00	0.00
GCC	112	26.32	23.68	23.62	26.38	0.00	0.00
GCC	113	26.34	23.68	23.60	26.38	0.01	0.00
GCC	114	26.32	23.69	23.61	26.39	0.00	0.00
GCC	115	26.31	23.69	23.65	26.35	0.01	0.00
GCC	116	26.31	23.70	23.64	26.35	0.00	0.00
GCC	117	26.26	23.75	23.70	26.29	0.10	0.00
GCC	118	24.04	25.95	25.91	24.09	0.00	0.00
GCC	119	26.30	23.70	23.66	26.34	0.15	0.00
GCC	120	26.31	23.70	23.66	26.33	0.00	0.00
GCC	121	26.05	23.96	23.89	26.09	0.00	0.00
GCC	122	26.29	23.72	23.66	26.34	0.04	0.00
GCC	123	26.30	23.69	23.63	26.38	0.24	0.00
GCC	124	26.30	23.70	23.65	26.35	0.00	0.00
GCC	125	26.29	23.71	23.65	26.35	0.00	0.00
GCC	126	26.33	23.68	23.61	26.38	0.00	0.00
GCC	127	26.19	23.81	23.75	26.26	0.08	0.00
GCC	128	24.83	25.17	25.12	24.88	0.00	0.00
GCC	129	24.87	25.11	25.09	24.93	0.00	0.00
GCC	130	24.96	25.03	25.01	25.00	0.18	0.00
GCC	131	25.71	24.30	24.24	25.74	0.06	0.00
GCC	132	25.43	24.57	24.50	25.49	0.01	0.00
GCC	133	25.17	24.83	24.79	25.22	0.01	0.00
GCC	134	25.09	24.92	24.85	25.14	0.01	0.00
GCC	135	25.64	24.35	24.30	25.71	0.03	0.00
GCC	136	26.00	24.00	23.95	26.05	0.05	0.00
GCC	137	26.07	23.92	23.88	26.13	0.47	0.00
GCC	138	26.00	24.02	23.94	26.04	0.06	0.00
GCC	139	25.91	24.09	24.04	25.96	0.16	0.00
GCC	140	25.94	24.05	23.99	26.02	0.49	0.00
GCC	141	25.87	24.13	24.08	25.92	0.12	0.00
GCC	142	25.86	24.16	24.08	25.90	0.00	0.00
GCC	143	25.84	24.16	24.10	25.89	0.00	0.00
GCC	144	25.79	24.20	24.18	25.84	0.02	0.00
GCC	145	23.34	26.64	26.63	23.39	0.00	0.00
GCC	146	24.42	25.58	25.51	24.48	0.02	0.00
GCC	147	25.47	24.53	24.49	25.51	0.02	0.00
GCC	148	25.80	24.20	24.15	25.84	0.00	0.00
# ACGT content per cycle, read oriented. Use `grep ^GCT | cut -f 2-` to extract this part. The columns are: cycle; A,C,G,T base counts as a percentage of all A/C/G/T bases [%]
GCT	1	18.14	33.10	28.20	20.56
GCT	2	24.00	19.89	18.86	37.25
GCT	3	28.26	21.38	23.87	26.49
GCT	4	35.37	20.94	23.02	20.67
GCT	5	33.78	20.82	23.12	22.28
GCT	6	33.62	20.40	23.64	22.34
GCT	7	21.71	22.96	19.80	35.53
GCT	8	23.42	25.76	22.56	28.26
GCT	9	22.62	26.33	21.83	29.21
GCT	10	32.62	19.83	22.04	25.51
GCT	11	25.16	26.88	28.27	19.69
GCT	12	22.72	27.41	24.43	25.45
GCT	13	25.74	23.73	22.17	28.37
GCT	14	26.18	23.12	22.45	28.26
GCT	15	26.25	23.58	22.74	27.44
GCT	16	26.48	23.84	22.65	27.03
GCT	17	26.97	23.73	22.80	26.50
GCT	18	26.76	23.82	23.00	26.42
GCT	19	26.68	23.67	23.21	26.44
GCT	20	26.45	23.69	23.22	26.64
GCT	21	26.18	23.92	23.05	26.85
GCT	22	26.21	23.78	23.09	26.91
GCT	23	26.21	23.63	23.10	27.05
GCT	24	26.32	23.57	22.94	27.17
GCT	25	26.40	23.50	22.97	27.13
GCT	26	26.35	23.46	22.98	27.21
GCT	27	26.26	23.59	23.12	27.03
GCT	28	26.36	23.56	23.14	26.94
GCT	29	26.33	23.52	23.27	26.88
GCT	30	26.46	23.59	23.12	26.82
GCT	31	26.26	23.60	23.08	27.06
GCT	32	26.27	23.60	23.03	27.10
GCT	33	26.24	23.66	23.05	27.04
GCT	34	26.41	23.49	23.11	27.00
GCT	35	26.46	23.40	23.18	26.96
GCT	36	26.47	23.42	23.19	26.92
GCT	37	26.28	23.62	23.14	26.97
GCT	38	26.23	23.57	23.08	27.12
GCT	39	26.23	23.58	23.09	27.09
GCT	40	26.21	23.66	23.26	26.86
GCT	41	26.36	23.52	23.25	26.87
GCT	42	26.33	23.65	23.23	26.79
GCT	43	26.33	23.91	24.17	25.59
GCT	44	26.34	23.52	23.28	26.86
GCT	45	26.23	23.66	23.27	26.84
GCT	46	26.33	23.63	23.17	26.87
GCT	47	26.22	23.58	23.27	26.93
GCT	48	26.07	23.71	23.20	27.03
GCT	49	26.28	23.57	23.28	26.88
GCT	50	26.22	23.70	23.24	26.84
GCT	51	26.03	23.61	23.19	27.17
GCT	52	26.33	23.54	23.29	26.84
GCT	53	26.29	23.55	23.41	26.75
GCT	54	26.20	23.45	23.29	27.06
GCT	55	26.24	23.64	23.28	26.84
GCT	56	26.15	23.62	23.28	26.95
GCT	57	26.13	23.71	23.24	26.91
GCT	58	26.26	23.62	23.32	26.80
GCT	59	26.36	23.46	23.42	26.76
GCT	60	26.35	23.46	23.44	26.76
GCT	61	26.21	23.63	23.50	26.66
GCT	62	26.22	23.59	23.36	26.83
GCT	63	26.15	23.62	23.29	26.94
GCT	64	26.15	23.67	23.39	26.79
GCT	65	26.33	23.54	23.37	26.77
GCT	66	26.32	23.58	23.40	26.70
GCT	67	26.45	23.70	23.29	26.56
GCT	68	26.29	23.60	23.35	26.77
GCT	69	26.16	23.71	23.27	26.86
GCT	70	26.16	23.62	23.35	26.87
GCT	71	26.21	23.55	23.42	26.82
GCT	72	26.23	23.60	23.53	26.64
GCT	73	26.25	23.63	23.64	26.48
GCT	74	26.20	23.62	23.59	26.59
GCT	75	26.14	23.67	23.40	26.79
GCT	76	26.21	23.70	23.40	26.68
GCT	77	26.18	23.65	23.43	26.74
GCT	78	26.12	23.73	23.42	26.73
GCT	79	26.13	23.74	23.46	26.68
GCT	80	26.28	23.69	23.39	26.64
GCT	81	26.18	23.58	23.42	26.83
GCT	82	26.18	23.59	23.47	26.76
GCT	83	26.04	23.40	23.53	27.04
GCT	84	26.23	23.56	23.46	26.74
GCT	85	26.26	23.63	23.54	26.56
GCT	86	26.20	23.53	23.55	26.72
GCT	87	26.15	23.61	23.53	26.71
GCT	88	26.16	23.59	23.54	26.70
GCT	89	26.22	23.60	23.60	26.58
GCT	90	26.24	23.54	23.57	26.65
GCT	91	26.21	23.51	23.57	26.71
GCT	92	26.48	23.54	23.45	26.53
GCT	93	26.11	23.58	23.52	26.79
GCT	94	26.44	23.61	23.41	26.54
GCT	95	26.17	23.59	23.60	26.64
GCT	96	26.04	23.49	23.51	26.96
GCT	97	26.18	23.62	23.70	26.50
GCT	98	26.14	23.60	23.63	26.63
GCT	99	26.19	23.61	23.59	26.62
GCT	100	26.17	23.57	23.62	26.64
GCT	101	26.18	23.58	23.64	26.60
GCT	102	26.08	23.54	23.66	26.73
GCT	103	26.14	23.59	23.66	26.61
GCT	104	26.12	23.61	23.64	26.63
GCT	105	26.12	23.59	23.68	26.60
GCT	106	26.30	23.63	23.65	26.42
GCT	107	26.19	23.55	23.74	26.52
GCT	108	26.16	23.58	23.71	26.55
GCT	109	26.13	23.63	23.72	26.52
GCT	110	26.14	23.60	23.73	26.54
GCT	111	26.08	23.66	23.65	26.61
GCT	112	26.14	23.60	23.70	26.56
GCT	113	26.13	23.58	23.71	26.58
GCT	114	26.13	23.57	23.72	26.58
GCT	115	26.20	23.57	23.77	26.46
GCT	116	26.24	23.54	23.80	26.42
GCT	117	26.05	23.60	23.86	26.50
GCT	118	27.08	25.86	26.01	21.05
GCT	119	26.13	23.57	23.79	26.50
GCT	120	26.11	23.59	23.77	26.53
GCT	121	26.40	23.77	24.08	25.75
GCT	122	26.13	23.54	23.84	26.49
GCT	123	26.16	23.59	23.74	26.52
GCT	124	26.14	23.56	23.79	26.51
GCT	125	26.19	23.58	23.78	26.45
GCT	126	26.12	23.50	23.80	26.58
GCT	127	26.17	23.60	23.95	26.28
GCT	128	26.76	25.14	25.16	22.95
GCT	129	26.84	25.30	24.89	22.97
GCT	130	26.71	25.30	24.74	23.24
GCT	131	26.78	24.39	24.15	24.67
GCT	132	26.16	24.79	24.29	24.76
GCT	133	26.47	25.09	24.53	23.92
GCT	134	26.65	25.10	24.67	23.58
GCT	135	26.63	24.50	24.15	24.72
GCT	136	26.19	23.86	24.09	25.87
GCT	137	26.48	23.84	23.95	25.72
GCT	138	26.59	23.88	24.08	25.45
GCT	139	26.48	23.98	24.15	25.38
GCT	140	26.63	23.92	24.12	25.33
GCT	141	26.28	24.04	24.17	25.51
GCT	142	26.02	24.11	24.14	25.73
GCT	143	25.96	24.14	24.12	25.78
GCT	144	25.75	24.24	24.14	25.88
GCT	145	27.06	26.98	26.29	19.67
GCT	146	23.39	25.85	25.25	25.51
GCT	147	24.87	25.88	23.14	26.10
GCT	148	25.11	23.80	24.55	26.54
# ACGT content per cycle for first fragments. Use `grep ^FBC | cut -f 2-` to extract this part. The columns are: cycle; A,C,G,T base counts as a percentage of all A/C/G/T bases [%]; and N and O counts as a percentage of all A/C/G/T bases [%]
FBC	1	19.81	30.19	30.14	19.86	0.00	0.00
FBC	2	30.61	19.38	19.32	30.69	0.00	0.00
FBC	3	27.37	22.61	22.56	27.45	0.00	0.00
FBC	4	28.06	21.93	21.88	28.12	0.00	0.00
FBC	5	28.02	21.99	21.93	28.07	0.06	0.00
FBC	6	28.00	21.99	21.94	28.07	0.01	0.00
FBC	7	28.63	21.39	21.33	28.65	0.71	0.00
FBC	8	25.86	24.16	24.11	25.87	0.00	0.00
FBC	9	25.95	24.06	24.02	25.97	0.00	0.00
FBC	10	28.97	21.01	20.98	29.04	0.01	0.00
FBC	11	22.44	27.57	27.50	22.49	0.01	0.00
FBC	12	24.10	25.91	25.88	24.11	0.02	0.00
FBC	13	27.03	22.97	22.94	27.06	0.03	0.00
FBC	14	27.22	22.81	22.75	27.22	0.00	0.00
FBC	15	26.81	23.18	23.13	26.87	0.03	0.00
FBC	16	26.74	23.26	23.19	26.80	0.01	0.00
FBC	17	26.70	23.30	23.24	26.77	0.00	0.00
FBC	18	26.58	23.41	23.39	26.62	0.00	0.00
FBC	19	26.53	23.47	23.41	26.59	0.02	0.00
FBC	20	26.51	23.47	23.43	26.60	0.00	0.00
FBC	21	26.49	23.50	23.45	26.55	0.00	0.00
FBC	22	26.55	23.46	23.42	26.57	0.00	0.00
FBC	23	26.60	23.37	23.36	26.66	0.00	0.00
FBC	24	26.73	23.28	23.24	26.76	0.01	0.00
FBC	25	26.75	23.27	23.20	26.77	0.00	0.00
FBC	26	26.76	23.26	23.18	26.80	0.00	0.00
FBC	27	26.63	23.38	23.31	26.68	0.00	0.00
FBC	28	26.62	23.38	23.31	26.68	0.00	0.00
FBC	29	26.58	23.44	23.35	26.64	0.00	0.00
FBC	30	26.61	23.40	23.34	26.66	0.02	0.00
FBC	31	26.62	23.38	23.31	26.69	0.01	0.00
FBC	32	26.69	23.33	23.30	26.69	0.34	0.00
FBC	33	26.63	23.38	23.31	26.67	0.00	0.00
FBC	34	26.67	23.33	23.27	26.73	0.00	0.00
FBC	35	26.67	23.33	23.26	26.74	0.01	0.00
FBC	36	26.68	23.33	23.27	26.71	0.00	0.00
FBC	37	26.64	23.38	23.31	26.68	0.01	0.00
FBC	38	26.63	23.36	23.31	26.70	0.01	0.00
FBC	39	26.67	23.36	23.30	26.66	0.01	0.00
FBC	40	26.50	23.51	23.47	26.52	0.00	0.00
FBC	41	26.60	23.40	23.36	26.63	0.00	0.00
FBC	42	26.52	23.50	23.44	26.55	0.00	0.00
FBC	43	25.31	24.70	24.65	25.34	0.00	0.00
FBC	44	26.55	23.43	23.39	26.64	0.30	0.00
FBC	45	26.46	23.55	23.51	26.49	0.00	0.00
FBC	46	26.59	23.43	23.37	26.61	0.00	0.00
FBC	47	26.49	23.53	23.46	26.52	0.00	0.00
FBC	48	26.51	23.50	23.42	26.57	0.00	0.00
FBC	49	26.55	23.47	23.40	26.58	0.00	0.00
FBC	50	26.49	23.52	23.44	26.55	0.01	0.00
FBC	51	26.49	23.52	23.46	26.54	0.00	0.00
FBC	52	26.58	23.45	23.36	26.62	0.07	0.00
FBC	53	26.52	23.51	23.43	26.54	0.04	0.00
FBC	54	26.56	23.46	23.40	26.59	0.01	0.00
FBC	55	26.49	23.49	23.44	26.59	0.02	0.00
FBC	56	26.50	23.51	23.43	26.55	0.03	0.00
FBC	57	26.51	23.50	23.45	26.53	0.00	0.00
FBC	58	26.51	23.50	23.43	26.55	0.00	0.00
FBC	59	26.55	23.45	23.40	26.60	0.01	0.00
FBC	60	26.54	23.46	23.41	26.59	0.00	0.00
FBC	61	26.38	23.62	23.57	26.43	0.01	0.00
FBC	62	26.52	23.49	23.43	26.56	0.00	0.00
FBC	63	26.53	23.48	23.41	26.57	0.00	0.00
FBC	64	26.46	23.55	23.48	26.51	0.01	0.00
FBC	65	26.53	23.48	23.41	26.58	0.00	0.00
FBC	66	26.49	23.53	23.44	26.54	0.00	0.00
FBC	67	26.52	23.51	23.45	26.52	0.00	0.00
FBC	68	26.53	23.49	23.43	26.55	0.23	0.00
FBC	69	26.54	23.50	23.42	26.54	0.00	0.00
FBC	70	26.52	23.49	23.44	26.56	0.00	0.00
FBC	71	26.52	23.50	23.44	26.54	0.01	0.00
FBC	72	26.36	23.65	23.59	26.41	0.01	0.00
FBC	73	26.25	23.76	23.68	26.31	0.02	0.00
FBC	74	26.29	23.72	23.65	26.34	0.00	0.00
FBC	75	26.47	23.57	23.48	26.48	0.00	0.00
FBC	76	26.44	23.57	23.51	26.47	0.00	0.00
FBC	77	26.45	23.55	23.49	26.51	0.00	0.00
FBC	78	26.41	23.60	23.52	26.46	0.01	0.00
FBC	79	26.42	23.59	23.53	26.45	0.00	0.00
FBC	80	26.44	23.59	23.50	26.48	0.01	0.00
FBC	81	26.50	23.51	23.43	26.56	0.03	0.00
FBC	82	26.48	23.55	23.46	26.51	0.01	0.00
FBC	83	26.45	23.55	23.49	26.51	0.00	0.00
FBC	84	26.52	23.50	23.46	26.52	0.00	0.00
FBC	85	26.41	23.59	23.54	26.46	0.00	0.00
FBC	86	26.47	23.55	23.46	26.52	0.00	0.00
FBC	87	26.45	23.57	23.51	26.47	0.00	0.00
FBC	88	26.46	23.55	23.51	26.48	0.00	0.00
FBC	89	26.38	23.61	23.57	26.44	0.00	0.00
FBC	90	26.48	23.56	23.46	26.50	0.00	0.00
FBC	91	26.50	23.54	23.46	26.50	0.00	0.00
FBC	92	26.48	23.54	23.46	26.52	0.01	0.00
FBC	93	26.46	23.53	23.48	26.53	0.00	0.00
FBC	94	26.46	23.54	23.46	26.54	0.00	0.00
FBC	95	26.45	23.58	23.49	26.48	0.00	0.00
FBC	96	26.46	23.54	23.50	26.50	0.00	0.00
FBC	97	26.37	23.65	23.57	26.40	0.00	0.00
FBC	98	26.45	23.56	23.52	26.46	0.00	0.00
FBC	99	26.47	23.57	23.47	26.49	0.01	0.00
FBC	100	26.47	23.54	23.49	26.50	0.00	0.00
FBC	101	26.45	23.56	23.51	26.48	0.02	0.00
FBC	102	26.44	23.59	23.52	26.46	0.00	0.00
FBC	103	26.43	23.57	23.53	26.47	0.00	0.00
FBC	104	26.44	23.61	23.51	26.45	0.00	0.00
FBC	105	26.40	23.60	23.53	26.47	0.01	0.00
FBC	106	26.40	23.61	23.54	26.46	0.18	0.00
FBC	107	26.42	23.60	23.52	26.46	0.00	0.00
FBC	108	26.41	23.63	23.54	26.43	0.00	0.00
FBC	109	26.39	23.61	23.56	26.44	0.00	0.00
FBC	110	26.40	23.60	23.54	26.45	0.00	0.00
FBC	111	26.39	23.62	23.54	26.44	0.00	0.00
FBC	112	26.42	23.59	23.53	26.47	0.00	0.00
FBC	113	26.41	23.62	23.51	26.47	0.00	0.00
FBC	114	26.39	23.62	23.53	26.46	0.00	0.00
FBC	115	26.40	23.60	23.57	26.44	0.00	0.00
FBC	116	26.39	23.62	23.55	26.43	0.00	0.00
FBC	117	26.18	23.85	23.78	26.19	0.00	0.00
FBC	118	21.90	28.10	28.07	21.93	0.00	0.00
FBC	119	26.41	23.59	23.56	26.44	0.31	0.00
FBC	120	26.42	23.60	23.55	26.43	0.00	0.00
FBC	121	25.94	24.10	24.01	25.94	0.00	0.00
FBC	122	26.39	23.62	23.56	26.44	0.00	0.00
FBC	123	26.40	23.62	23.53	26.45	0.00	0.00
FBC	124	26.40	23.59	23.55	26.45	0.00	0.00
FBC	125	26.39	23.62	23.55	26.44	0.00	0.00
FBC	126	26.41	23.61	23.54	26.45	0.00	0.00
FBC	127	26.22	23.77	23.71	26.30	0.00	0.00
FBC	128	23.48	26.52	26.48	23.52	0.00	0.00
FBC	129	23.62	26.36	26.34	23.67	0.00	0.00
FBC	130	23.66	26.34	26.31	23.69	0.00	0.00
FBC	131	25.23	24.78	24.73	25.26	0.00	0.00
FBC	132	24.69	25.31	25.25	24.75	0.00	0.00
FBC	133	24.15	25.85	25.80	24.20	0.01	0.00
FBC	134	23.99	26.01	25.94	24.06	0.01	0.00
FBC	135	25.15	24.86	24.78	25.22	0.01	0.00
FBC	136	25.87	24.12	24.06	25.94	0.11	0.00
FBC	137	25.99	23.98	23.96	26.07	0.89	0.00
FBC	138	25.86	24.19	24.07	25.88	0.01	0.00
FBC	139	25.71	24.29	24.23	25.76	0.32	0.00
FBC	140	25.78	24.21	24.15	25.86	1.00	0.00
FBC	141	25.67	24.35	24.28	25.70	0.19	0.00
FBC	142	25.67	24.36	24.26	25.70	0.00	0.00
FBC	143	25.63	24.38	24.31	25.68	0.00	0.00
FBC	144	25.55	24.43	24.40	25.61	0.00	0.00
FBC	145	24.71	25.27	25.24	24.77	0.00	0.00
FBC	146	23.49	26.53	26.47	23.52	0.00	0.00
FBC	147	24.56	25.44	25.40	24.61	0.00	0.00
FBC	148	25.13	24.87	24.82	25.18	0.00	0.00
# ACGT raw counters for first fragments. Use `grep ^FTC | cut -f 2-` to extract this part. The columns are: A,C,G,T,N base counters
FTC	685932303	620374949	618787741	687037957	937684
# ACGT content per cycle for last fragments. Use `grep ^LBC | cut -f 2-` to extract this part. The columns are: cycle; A,C,G,T base counts as a percentage of all A/C/G/T bases [%]; and N and O counts as a percentage of all A/C/G/T bases [%]
LBC	1	18.85	31.16	31.11	18.88	0.00	0.00
LBC	2	30.58	19.41	19.39	30.62	0.00	0.00
LBC	3	27.32	22.67	22.65	27.36	0.00	0.00
LBC	4	27.93	22.07	22.04	27.96	0.00	0.00
LBC	5	28.00	22.00	21.95	28.05	0.04	0.00
LBC	6	27.91	22.12	22.03	27.94	0.00	0.00
LBC	7	28.57	21.43	21.37	28.62	0.03	0.00
LBC	8	25.79	24.20	24.16	25.84	0.00	0.00
LBC	9	25.87	24.14	24.11	25.89	0.00	0.00
LBC	10	29.11	20.90	20.85	29.15	0.02	0.00
LBC	11	22.37	27.64	27.59	22.40	0.01	0.00
LBC	12	24.04	25.98	25.90	24.08	0.01	0.00
LBC	13	27.03	22.97	22.91	27.09	0.00	0.00
LBC	14	27.20	22.82	22.74	27.24	0.01	0.00
LBC	15	26.83	23.19	23.12	26.86	0.00	0.00
LBC	16	26.71	23.29	23.23	26.77	0.17	0.00
LBC	17	26.72	23.29	23.23	26.76	0.01	0.00
LBC	18	26.57	23.46	23.39	26.59	0.07	0.00
LBC	19	26.55	23.46	23.41	26.58	0.36	0.00
LBC	20	26.54	23.49	23.44	26.54	0.00	0.00
LBC	21	26.49	23.51	23.47	26.53	0.01	0.00
LBC	22	26.54	23.46	23.41	26.58	0.00	0.00
LBC	23	26.62	23.38	23.35	26.65	0.16	0.00
LBC	24	26.74	23.27	23.24	26.76	0.19	0.00
LBC	25	26.76	23.27	23.21	26.76	0.00	0.00
LBC	26	26.77	23.25	23.19	26.79	0.00	0.00
LBC	27	26.64	23.37	23.35	26.64	0.00	0.00
LBC	28	26.66	23.35	23.34	26.65	0.00	0.00
LBC	29	26.59	23.42	23.36	26.63	0.00	0.00
LBC	30	26.63	23.37	23.32	26.68	0.01	0.00
LBC	31	26.65	23.35	23.30	26.70	0.74	0.00
LBC	32	26.65	23.33	23.30	26.71	0.00	0.00
LBC	33	26.62	23.38	23.34	26.65	0.23	0.00
LBC	34	26.70	23.32	23.26	26.72	0.01	0.00
LBC	35	26.70	23.30	23.27	26.73	0.13	0.00
LBC	36	26.66	23.33	23.28	26.73	0.00	0.00
LBC	37	26.57	23.44	23.38	26.61	0.00	0.00
LBC	38	26.66	23.35	23.29	26.70	0.04	0.00
LBC	39	26.63	23.37	23.31	26.70	0.00	0.00
LBC	40	26.53	23.48	23.39	26.60	0.00	0.00
LBC	41	26.59	23.42	23.35	26.64	0.01	0.00
LBC	42	26.58	23.44	23.38	26.60	0.03	0.00
LBC	43	26.58	23.43	23.38	26.61	0.08	0.00
LBC	44	26.57	23.43	23.36	26.64	0.19	0.00
LBC	45	26.56	23.44	23.37	26.63	0.00	0.00
LBC	46	26.59	23.42	23.37	26.62	0.00	0.00
LBC	47	26.63	23.38	23.33	26.66	0.00	0.00
LBC	48	26.53	23.46	23.43	26.58	0.00	0.00
LBC	49	26.56	23.44	23.38	26.62	0.00	0.00
LBC	50	26.53	23.49	23.43	26.55	0.00	0.00
LBC	51	26.65	23.34	23.29	26.72	0.11	0.00
LBC	52	26.53	23.47	23.38	26.61	0.00	0.00
LBC	53	26.49	23.50	23.47	26.53	0.01	0.00
LBC	54	26.67	23.34	23.29	26.70	0.18	0.00
LBC	55	26.52	23.48	23.43	26.57	0.00	0.00
LBC	56	26.55	23.47	23.39	26.59	0.02	0.00
LBC	57	26.50	23.51	23.45	26.54	0.00	0.00
LBC	58	26.50	23.51	23.44	26.56	0.29	0.00
LBC	59	26.55	23.46	23.45	26.54	0.00	0.00
LBC	60	26.53	23.47	23.45	26.54	0.00	0.00
LBC	61	26.45	23.57	23.50	26.49	0.00	0.00
LBC	62	26.49	23.51	23.46	26.54	0.04	0.00
LBC	63	26.52	23.50	23.43	26.55	0.00	0.00
LBC	64	26.44	23.56	23.53	26.47	0.06	0.00
LBC	65	26.52	23.49	23.42	26.57	0.00	0.00
LBC	66	26.48	23.53	23.46	26.52	0.02	0.00
LBC	67	26.47	23.53	23.49	26.51	0.37	0.00
LBC	68	26.50	23.51	23.47	26.52	0.06	0.00
LBC	69	26.44	23.55	23.50	26.51	0.00	0.00
LBC	70	26.46	23.52	23.49	26.53	0.00	0.00
LBC	71	26.47	23.53	23.47	26.53	0.00	0.00
LBC	72	26.46	23.53	23.49	26.51	0.00	0.00
LBC	73	26.44	23.57	23.52	26.46	0.13	0.00
LBC	74	26.46	23.57	23.49	26.48	0.00	0.00
LBC	75	26.43	23.57	23.52	26.48	0.00	0.00
LBC	76	26.42	23.58	23.55	26.45	0.00	0.00
LBC	77	26.41	23.60	23.53	26.46	0.00	0.00
LBC	78	26.39	23.60	23.57	26.44	0.09	0.00
LBC	79	26.34	23.66	23.61	26.40	0.18	0.00
LBC	80	26.43	23.58	23.50	26.49	0.37	0.00
LBC	81	26.46	23.54	23.51	26.49	0.00	0.00
LBC	82	26.44	23.58	23.53	26.45	0.00	0.00
LBC	83	26.57	23.43	23.37	26.62	0.44	0.00
LBC	84	26.44	23.56	23.53	26.47	0.00	0.00
LBC	85	26.36	23.64	23.59	26.41	0.30	0.00
LBC	86	26.41	23.59	23.55	26.44	0.11	0.00
LBC	87	26.38	23.61	23.59	26.42	0.00	0.00
LBC	88	26.34	23.63	23.59	26.44	0.00	0.00
LBC	89	26.38	23.66	23.56	26.39	0.09	0.00
LBC	90	26.37	23.63	23.57	26.43	0.00	0.00
LBC	91	26.40	23.61	23.56	26.43	0.01	0.00
LBC	92	26.49	23.52	23.48	26.51	0.74	0.00
LBC	93	26.39	23.61	23.57	26.43	0.10	0.00
LBC	94	26.43	23.56	23.49	26.52	0.32	0.00
LBC	95	26.33	23.69	23.62	26.35	0.08	0.00
LBC	96	26.50	23.50	23.46	26.54	0.16	0.00
LBC	97	26.25	23.72	23.68	26.35	0.00	0.00
LBC	98	26.28	23.70	23.68	26.34	0.00	0.00
LBC	99	26.29	23.70	23.66	26.35	0.00	0.00
LBC	100	26.31	23.71	23.64	26.35	0.00	0.00
LBC	101	26.29	23.70	23.68	26.33	0.01	0.00
LBC	102	26.33	23.67	23.61	26.39	0.50	0.00
LBC	103	26.29	23.72	23.67	26.31	0.05	0.00
LBC	104	26.28	23.71	23.67	26.34	0.08	0.00
LBC	105	26.24	23.74	23.68	26.34	0.01	0.00
LBC	106	26.28	23.73	23.67	26.32	0.16	0.00
LBC	107	26.24	23.75	23.70	26.31	0.00	0.00
LBC	108	26.27	23.74	23.67	26.32	0.01	0.00
LBC	109	26.22	23.79	23.73	26.26	0.05	0.00
LBC	110	26.23	23.77	23.73	26.27	0.01	0.00
LBC	111	26.24	23.74	23.72	26.29	0.00	0.00
LBC	112	26.23	23.76	23.72	26.29	0.00	0.00
LBC	113	26.26	23.75	23.70	26.29	0.02	0.00
LBC	114	26.25	23.75	23.68	26.32	0.00	0.00
LBC	115	26.23	23.78	23.73	26.26	0.02	0.00
LBC	116	26.23	23.77	23.74	26.26	0.00	0.00
LBC	117	26.34	23.65	23.61	26.39	0.21	0.00
LBC	118	26.16	23.83	23.78	26.23	0.00	0.00
LBC	119	26.19	23.81	23.76	26.24	0.00	0.00
LBC	120	26.20	23.79	23.77	26.24	0.00	0.00
LBC	121	26.17	23.82	23.78	26.24	0.00	0.00
LBC	122	26.19	23.82	23.75	26.25	0.07	0.00
LBC	123	26.21	23.76	23.73	26.30	0.49	0.00
LBC	124	26.20	23.80	23.74	26.26	0.01	0.00
LBC	125	26.20	23.80	23.75	26.25	0.00	0.00
LBC	126	26.25	23.76	23.69	26.31	0.01	0.00
LBC	127	26.16	23.84	23.79	26.21	0.16	0.00
LBC	128	26.15	23.85	23.78	26.22	0.00	0.00
LBC	129	26.10	23.88	23.85	26.17	0.00	0.00
LBC	130	26.24	23.74	23.73	26.29	0.36	0.00
LBC	131	26.18	23.83	23.77	26.22	0.13	0.00
LBC	132	26.15	23.86	23.77	26.22	0.02	0.00
LBC	133	26.16	23.84	23.80	26.21	0.01	0.00
LBC	134	26.16	23.85	23.79	26.21	0.01	0.00
LBC	135	26.13	23.85	23.83	26.19	0.04	0.00
LBC	136	26.13	23.87	23.84	26.16	0.00	0.00
LBC	137	26.15	23.85	23.81	26.18	0.06	0.00
LBC	138	26.14	23.86	23.81	26.19	0.11	0.00
LBC	139	26.10	23.90	23.86	26.14	0.00	0.00
LBC	140	26.10	23.89	23.83	26.17	0.00	0.00
LBC	141	26.06	23.91	23.89	26.13	0.05	0.00
LBC	142	26.04	23.97	23.91	26.08	0.01	0.00
LBC	143	26.05	23.96	23.90	26.09	0.00	0.00
LBC	144	26.01	23.98	23.96	26.05	0.04	0.00
LBC	145	22.02	27.95	27.95	22.08	0.01	0.00
LBC	146	25.29	24.71	24.64	25.37	0.03	0.00
LBC	147	26.28	23.71	23.68	26.33	0.04	0.00
LBC	148	26.36	23.64	23.59	26.41	0.00	0.00
# ACGT raw counters for last fragments. Use `grep ^LTC | cut -f 2-` to extract this part. The columns are: A,C,G,T,N base counters
LTC	693672604	621002967	619713165	694851719	1717357
# Insert sizes. Use `grep ^IS | cut -f 2-` to extract this part. The columns are: insert size, pairs total, inward oriented pairs, outward oriented pairs, other pairs
IS	0	0	0	0	0
IS	1	0	0	0	0
IS	2	4	0	4	0
IS	3	7	0	7	0
IS	4	8	0	8	0
IS	5	14	0	14	0
IS	6	8	0	8	0
IS	7	7	0	7	0
IS	8	7	0	7	0
IS	9	6	0	6	0
IS	10	9	0	9	0
IS	11	9	0	9	0
IS	12	6	0	6	0
IS	13	12	0	12	0
IS	14	13	0	13	0
IS	15	11	0	11	0
IS	16	10	0	10	0
IS	17	10	0	10	0
IS	18	11	0	11	0
IS	19	199	89	110	0
IS	20	166	86	80	0
IS	21	86	38	48	0
IS	22	37	16	21	0
IS	23	32	12	20	0
IS	24	24	6	18	0
IS	25	11	3	8	0
IS	26	20	4	16	0
IS	27	25	6	19	0
IS	28	14	6	8	0
IS	29	20	6	14	0
IS	30	25	10	15	0
IS	31	15	3	12	0
IS	32	23	11	12	0
IS	33	39	16	23	0
IS	34	18	7	11	0
IS	35	28	8	20	0
IS	36	110	54	56	0
IS	37	79	29	50	0
IS	38	78	25	53	0
IS	39	92	36	56	0
IS	40	98	38	60	0
IS	41	108	29	79	0
IS	42	115	42	73	0
IS	43	92	37	55	0
IS	44	111	36	75	0
IS	45	144	61	83	0
IS	46	158	61	97	0
IS	47	165	53	112	0
IS	48	197	63	133	1
IS	49	200	69	131	0
IS	50	202	66	136	0
IS	51	240	74	166	0
IS	52	251	71	179	1
IS	53	276	93	183	0
IS	54	292	96	196	0
IS	55	344	115	228	1
IS	56	361	134	227	0
IS	57	317	109	208	0
IS	58	434	152	281	1
IS	59	421	144	277	0
IS	60	435	148	287	0
IS	61	486	159	327	0
IS	62	547	174	373	0
IS	63	536	162	374	0
IS	64	584	213	370	1
IS	65	641	221	417	3
IS	66	684	212	471	1
IS	67	714	274	434	6
IS	68	735	241	492	2
IS	69	784	276	505	3
IS	70	855	302	551	2
IS	71	888	259	625	4
IS	72	927	329	597	1
IS	73	977	349	622	6
IS	74	1005	328	675	2
IS	75	1160	408	749	3
IS	76	1207	417	789	1
IS	77	1261	425	831	5
IS	78	1295	415	871	9
IS	79	1515	512	1001	2
IS	80	1495	491	997	7
IS	81	1614	560	1047	7
IS	82	1542	511	1025	6
IS	83	1846	640	1198	8
IS	84	1853	624	1222	7
IS	85	1974	705	1262	7
IS	86	2086	731	1351	4
IS	87	2174	704	1466	4
IS	88	2360	782	1572	6
IS	89	2461	878	1573	10
IS	90	2455	850	1597	8
IS	91	2712	928	1778	6
IS	92	2754	982	1760	12
IS	93	2926	981	1935	10
IS	94	3157	1115	2035	7
IS	95	3263	1170	2090	3
IS	96	3545	1201	2339	5
IS	97	3626	1292	2320	14
IS	98	3755	1353	2393	9
IS	99	4006	1395	2599	12
IS	100	4125	1411	2703	11
IS	101	4332	1483	2840	9
IS	102	4646	1614	3023	9
IS	103	4931	1717	3200	14
IS	104	5154	1895	3255	4
IS	105	5441	1877	3555	9
IS	106	5836	2040	3788	8
IS	107	5979	2181	3789	9
IS	108	6145	2118	4015	12
IS	109	6447	2232	4203	12
IS	110	6711	2295	4408	8
IS	111	7081	2527	4538	16
IS	112	7469	2669	4792	8
IS	113	7854	2721	5125	8
IS	114	8254	2894	5348	12
IS	115	8610	2988	5606	16
IS	116	8956	3201	5742	13
IS	117	9172	3206	5957	9
IS	118	9530	3371	6149	10
IS	119	10228	3741	6471	16
IS	120	10609	3936	6663	10
IS	121	11121	4224	6874	23
IS	122	11644	4485	7147	12
IS	123	12095	4340	7741	14
IS	124	12655	4603	8033	19
IS	125	13194	4817	8367	10
IS	126	13931	5053	8861	17
IS	127	14321	5141	9160	20
IS	128	14819	5902	8901	16
IS	129	15472	6615	8837	20
IS	130	15838	6957	8859	22
IS	131	16781	8675	8096	10
IS	132	17396	9938	7449	9
IS	133	17936	10093	7833	10
IS	134	19011	11303	7693	15
IS	135	19684	11792	7880	12
IS	136	20373	12302	8055	16
IS	137	21665	13142	8513	10
IS	138	21899	13185	8699	15
IS	139	22511	13198	9304	9
IS	140	23388	13981	9397	10
IS	141	24307	14347	9944	16
IS	142	24566	14844	9709	13
IS	143	25817	14242	11556	19
IS	144	26494	15703	10773	18
IS	145	27644	16551	11079	14
IS	146	28637	14956	13666	15
IS	147	29618	15030	14575	13
IS	148	30322	22754	7554	14
IS	149	31088	31007	70	11
IS	150	31875	31816	40	19
IS	151	33286	33254	20	12
IS	152	33999	33969	17	13
IS	153	35667	35634	12	21
IS	154	36547	36521	9	17
IS	155	37542	37525	6	11
IS	156	38357	38333	6	18
IS	157	39796	39773	6	17
IS	158	40627	40610	5	12
IS	159	41565	41551	5	9
IS	160	42856	42827	6	23
IS	161	43897	43881	2	14
IS	162	44857	44836	3	18
IS	163	46036	46015	4	17
IS	164	46767	46755	1	11
IS	165	48428	48416	1	11
IS	166	49523	49511	1	11
IS	167	50861	50840	4	17
IS	168	51997	51981	1	15
IS	169	52209	52198	1	10
IS	170	53411	53399	1	11
IS	171	54910	54893	0	17
IS	172	55452	55439	1	12
IS	173	56995	56978	4	13
IS	174	57465	57449	2	14
IS	175	59243	59229	0	14
IS	176	60972	60958	0	14
IS	177	61550	61540	0	10
IS	178	61879	61857	1	21
IS	179	63620	63604	0	16
IS	180	63498	63480	3	15
IS	181	64757	64740	1	16
IS	182	65686	65670	0	16
IS	183	66436	66419	1	16
IS	184	68152	68134	0	18
IS	185	68506	68492	1	13
IS	186	69984	69964	0	20
IS	187	70717	70701	1	15
IS	188	71207	71192	0	15
IS	189	72207	72196	4	7
IS	190	72873	72857	0	16
IS	191	74338	74322	0	16
IS	192	74521	74501	0	20
IS	193	74960	74949	0	11
IS	194	76154	76140	0	14
IS	195	76893	76876	0	17
IS	196	77337	77318	0	19
IS	197	77789	77767	0	22
IS	198	78540	78527	0	13
IS	199	78384	78369	2	13
IS	200	79929	79919	0	10
IS	201	79941	79926	1	14
IS	202	80933	80920	1	12
IS	203	80462	80444	1	17
IS	204	81594	81575	0	19
IS	205	82135	82107	0	28
IS	206	83408	83397	0	11
IS	207	82868	82851	0	17
IS	208	83620	83611	0	9
IS	209	84144	84127	1	16
IS	210	84368	84351	0	17
IS	211	84307	84294	0	13
IS	212	85080	85061	0	19
IS	213	85019	85008	1	10
IS	214	85588	85571	0	17
IS	215	85762	85757	2	3
IS	216	86342	86321	1	20
IS	217	85985	85970	0	15
IS	218	86642	86628	1	13
IS	219	86610	86598	0	12
IS	220	86630	86617	1	12
IS	221	86865	86850	0	15
IS	222	86798	86776	0	22
IS	223	86792	86773	1	18
IS	224	87148	87134	0	14
IS	225	87284	87272	1	11
IS	226	87345	87336	0	9
IS	227	87950	87931	0	19
IS	228	87730	87714	0	16
IS	229	88021	88008	1	12
IS	230	87852	87838	0	14
IS	231	86926	86912	0	14
IS	232	87465	87454	1	10
IS	233	86825	86807	1	17
IS	234	86310	86301	0	9
IS	235	87181	87171	0	10
IS	236	87573	87562	0	11
IS	237	86958	86938	0	20
IS	238	87053	87037	0	16
IS	239	87028	87015	0	13
IS	240	86648	86637	0	11
IS	241	85872	85862	2	8
IS	242	86097	86088	0	9
IS	243	85692	85677	0	15
IS	244	85779	85766	0	13
IS	245	85817	85806	0	11
IS	246	84992	84982	0	10
IS	247	85275	85259	1	15
IS	248	85325	85307	1	17
IS	249	85102	85086	0	16
IS	250	84816	84800	0	16
IS	251	84204	84185	0	19
IS	252	83876	83861	0	15
IS	253	83290	83280	0	10
IS	254	83121	83106	0	15
IS	255	83089	83077	0	12
IS	256	83133	83119	0	14
IS	257	82624	82610	0	14
IS	258	81928	81915	0	13
IS	259	82077	82065	0	12
IS	260	81559	81544	0	15
IS	261	80755	80747	0	8
IS	262	80503	80486	0	17
IS	263	80255	80235	0	20
IS	264	79577	79561	0	16
IS	265	80061	80045	0	16
IS	266	79713	79701	0	12
IS	267	78706	78692	0	14
IS	268	78970	78959	1	10
IS	269	78259	78241	0	18
IS	270	78003	77987	0	16
IS	271	77040	77024	1	15
IS	272	76937	76920	1	16
IS	273	76894	76881	1	12
IS	274	76562	76551	0	11
IS	275	75806	75797	0	9
IS	276	75499	75473	0	26
IS	277	75200	75185	0	15
IS	278	75136	75123	0	13
IS	279	74467	74457	0	10
IS	280	74363	74343	0	20
IS	281	73669	73656	0	13
IS	282	73309	73298	0	11
IS	283	72342	72332	1	9
IS	284	71169	71152	0	17
IS	285	71734	71726	0	8
IS	286	71017	70996	0	21
IS	287	70852	70840	0	12
IS	288	71163	71155	0	8
IS	289	70179	70168	0	11
IS	290	69882	69866	0	16
IS	291	69438	69420	0	18
IS	292	68384	68370	0	14
IS	293	68088	68080	0	8
IS	294	67524	67512	1	11
IS	295	67140	67127	0	13
IS	296	67299	67286	0	13
IS	297	66711	66700	0	11
IS	298	66384	66367	0	17
IS	299	65058	65048	0	10
IS	300	65409	65397	0	12
IS	301	64503	64493	0	10
IS	302	63921	63914	0	7
IS	303	63372	63363	1	8
IS	304	63577	63566	0	11
IS	305	62614	62603	0	11
IS	306	61806	61793	0	13
IS	307	62198	62182	0	16
IS	308	61774	61755	1	18
IS	309	61015	61007	0	8
IS	310	60447	60437	0	10
IS	311	60632	60616	2	14
IS	312	59397	59382	1	14
IS	313	59007	59002	0	5
IS	314	58745	58728	0	17
IS	315	57627	57613	0	14
IS	316	57788	57775	0	13
IS	317	57240	57229	2	9
IS	318	57058	57043	2	13
IS	319	56418	56403	0	15
IS	320	56369	56353	0	16
IS	321	56251	56235	0	16
IS	322	55680	55665	0	15
IS	323	54637	54626	1	10
IS	324	54610	54602	0	8
IS	325	53770	53754	0	16
IS	326	53139	53128	2	9
IS	327	52821	52802	0	19
IS	328	52699	52683	0	16
IS	329	52163	52147	0	16
IS	330	51891	51879	0	12
IS	331	51355	51340	0	15
IS	332	51228	51215	0	13
IS	333	50178	50163	1	14
IS	334	49805	49786	0	19
IS	335	49658	49645	0	13
IS	336	48634	48624	0	10
IS	337	48563	48545	2	16
IS	338	48051	48035	0	16
IS	339	47728	47710	1	17
IS	340	47388	47374	0	14
IS	341	47092	47076	1	15
IS	342	46873	46862	0	11
IS	343	46454	46436	0	18
IS	344	45632	45625	1	6
IS	345	44891	44883	0	8
IS	346	44722	44708	0	14
IS	347	44101	44092	0	9
IS	348	43813	43793	1	19
IS	349	43559	43550	0	9
IS	350	43377	43364	1	12
IS	351	43224	43200	0	24
IS	352	42218	42196	1	21
IS	353	42451	42435	0	16
IS	354	41549	41531	0	18
IS	355	41116	41104	0	12
IS	356	40700	40688	1	11
IS	357	40234	40224	0	10
IS	358	39877	39862	0	15
IS	359	39507	39496	0	11
IS	360	39179	39171	0	8
IS	361	38630	38618	0	12
IS	362	38510	38490	0	20
IS	363	38292	38277	2	13
IS	364	37432	37424	0	8
IS	365	37336	37318	1	17
IS	366	36896	36891	0	5
IS	367	36499	36485	1	13
IS	368	36139	36125	0	14
IS	369	35828	35816	0	12
IS	370	35442	35427	0	15
IS	371	34964	34956	0	8
IS	372	34583	34574	0	9
IS	373	34455	34443	0	12
IS	374	33955	33941	1	13
IS	375	33530	33520	0	10
IS	376	33401	33391	1	9
IS	377	32742	32731	1	10
IS	378	32159	32145	0	14
IS	379	31930	31918	0	12
IS	380	32022	32013	0	9
IS	381	31301	31282	0	19
IS	382	31178	31168	0	10
IS	383	31257	31246	0	11
IS	384	30498	30484	1	13
IS	385	30409	30401	0	8
IS	386	29933	29923	1	9
IS	387	29542	29527	1	14
IS	388	29377	29362	0	15
IS	389	28555	28543	0	12
IS	390	28542	28532	0	10
IS	391	28243	28229	2	12
IS	392	27839	27830	1	8
IS	393	27855	27843	1	11
IS	394	27451	27438	0	13
IS	395	27420	27412	2	6
IS	396	26903	26891	0	12
IS	397	26307	26291	0	16
IS	398	25915	25887	0	28
IS	399	25832	25822	0	10
IS	400	25541	25526	1	14
IS	401	25326	25317	1	8
IS	402	24878	24864	0	14
IS	403	24772	24762	1	9
IS	404	24628	24616	1	11
IS	405	24253	24241	0	12
IS	406	23551	23535	2	14
IS	407	23428	23410	0	18
IS	408	23331	23321	1	9
IS	409	23002	22987	0	15
IS	410	22691	22674	0	17
IS	411	22623	22612	0	11
IS	412	22055	22048	0	7
IS	413	22067	22054	0	13
IS	414	21744	21735	0	9
IS	415	21746	21737	0	9
IS	416	21295	21285	0	10
IS	417	21123	21111	0	12
IS	418	20593	20581	0	12
IS	419	20584	20572	0	12
IS	420	20124	20112	0	12
IS	421	19693	19686	0	7
IS	422	19516	19500	0	16
IS	423	19472	19461	0	11
IS	424	19100	19086	0	14
IS	425	19022	19009	1	12
IS	426	18929	18913	0	16
IS	427	18612	18601	2	9
IS	428	18174	18160	0	14
IS	429	17759	17747	0	12
IS	430	17687	17673	2	12
IS	431	17467	17459	0	8
IS	432	17269	17254	2	13
IS	433	17052	17043	2	7
IS	434	16918	16906	0	12
IS	435	16840	16824	0	16
IS	436	16497	16484	0	13
IS	437	16433	16414	1	18
IS	438	16181	16172	0	9
IS	439	15833	15813	1	19
IS	440	15639	15625	0	14
IS	441	15594	15576	1	17
IS	442	15319	15304	1	14
IS	443	15297	15285	0	12
IS	444	14920	14908	1	11
IS	445	14379	14360	0	19
IS	446	14697	14682	0	15
IS	447	14616	14599	0	17
IS	448	14399	14385	2	12
IS	449	13875	13860	1	14
IS	450	13991	13972	0	19
IS	451	13772	13763	0	9
IS	452	13500	13489	0	11
IS	453	13516	13504	0	12
IS	454	13150	13139	1	10
IS	455	13194	13179	0	15
IS	456	12943	12932	1	10
IS	457	12475	12464	0	11
IS	458	12394	12385	1	8
IS	459	12160	12149	2	9
IS	460	12246	12238	0	8
IS	461	11923	11914	0	9
IS	462	11794	11782	0	12
IS	463	11560	11539	2	19
IS	464	11629	11617	0	12
IS	465	11256	11240	0	16
IS	466	11247	11226	1	20
IS	467	11071	11063	0	8
IS	468	10871	10863	0	8
IS	469	10565	10559	0	6
IS	470	10617	10605	1	11
IS	471	10321	10302	2	17
IS	472	10261	10248	0	13
IS	473	10157	10138	0	19
IS	474	10029	10010	0	19
IS	475	9844	9829	0	15
IS	476	9676	9665	0	11
IS	477	9548	9538	1	9
IS	478	9555	9541	1	13
IS	479	9394	9375	2	17
IS	480	9130	9112	0	18
IS	481	8989	8974	0	15
IS	482	8862	8845	0	17
IS	483	8837	8825	0	12
IS	484	8749	8739	0	10
IS	485	8538	8533	0	5
IS	486	8572	8560	0	12
IS	487	8325	8315	0	10
IS	488	8334	8317	0	17
IS	489	8138	8125	0	13
IS	490	8021	8007	0	14
IS	491	7833	7818	1	14
IS	492	7834	7819	0	15
IS	493	7705	7689	0	16
IS	494	7560	7548	0	12
IS	495	7448	7438	0	10
IS	496	7337	7323	0	14
IS	497	7198	7175	0	23
IS	498	7106	7096	2	8
IS	499	7098	7089	0	9
IS	500	6907	6895	0	12
IS	501	6826	6811	0	15
IS	502	6720	6709	0	11
IS	503	6605	6595	0	10
IS	504	6501	6493	1	7
IS	505	6404	6385	2	17
IS	506	6464	6452	0	12
IS	507	6249	6237	0	12
IS	508	6167	6158	1	8
IS	509	6041	6031	0	10
IS	510	5980	5966	0	14
IS	511	5854	5844	0	10
IS	512	5880	5870	1	9
IS	513	5673	5656	0	17
IS	514	5749	5736	1	12
IS	515	5558	5551	1	6
IS	516	5438	5418	1	19
IS	517	5410	5393	1	16
IS	518	5266	5257	0	9
IS	519	5245	5230	1	14
IS	520	5024	5009	0	15
IS	521	5090	5079	0	11
IS	522	4918	4908	0	10
IS	523	4885	4871	0	14
IS	524	4941	4922	1	18
IS	525	4766	4755	0	11
IS	526	4717	4703	0	14
IS	527	4637	4627	0	10
IS	528	4449	4436	0	13
IS	529	4467	4462	0	5
IS	530	4461	4443	0	18
IS	531	4445	4429	0	16
IS	532	4231	4218	0	13
IS	533	4181	4171	0	10
IS	534	4136	4127	0	9
IS	535	4004	3992	0	12
IS	536	4031	4019	0	12
IS	537	3963	3954	0	9
IS	538	3980	3970	0	10
IS	539	3935	3916	0	19
IS	540	3831	3822	0	9
IS	541	3692	3672	1	19
IS	542	3658	3647	0	11
IS	543	3796	3791	0	5
IS	544	3582	3572	0	10
IS	545	3522	3506	0	16
IS	546	3444	3425	0	19
IS	547	3391	3378	0	13
IS	548	3282	3270	0	12
IS	549	3213	3198	0	15
IS	550	3169	3159	0	10
IS	551	3133	3124	0	9
IS	552	3233	3218	0	15
IS	553	3064	3055	0	9
IS	554	3022	3010	0	12
IS	555	2996	2979	0	17
IS	556	2931	2918	0	13
IS	557	2857	2844	0	13
IS	558	2841	2829	1	11
IS	559	2795	2786	0	9
# Read lengths. Use `grep ^RL | cut -f 2-` to extract this part. The columns are: read length, count
RL	36	10594
RL	37	11507
RL	38	12174
RL	39	13849
RL	40	11826
RL	41	11481
RL	42	11857
RL	43	11754
RL	44	12779
RL	45	12593
RL	46	12052
RL	47	11668
RL	48	11373
RL	49	11971
RL	50	11672
RL	51	12185
RL	52	13764
RL	53	15593
RL	54	14703
RL	55	13114
RL	56	13138
RL	57	12385
RL	58	12594
RL	59	12846
RL	60	12485
RL	61	13154
RL	62	13166
RL	63	13980
RL	64	15113
RL	65	13561
RL	66	12756
RL	67	12755
RL	68	14350
RL	69	14151
RL	70	14283
RL	71	15177
RL	72	13562
RL	73	13304
RL	74	14156
RL	75	15862
RL	76	15606
RL	77	15923
RL	78	15106
RL	79	14442
RL	80	14073
RL	81	15506
RL	82	15549
RL	83	17574
RL	84	19492
RL	85	17936
RL	86	16291
RL	87	15586
RL	88	16364
RL	89	16523
RL	90	16218
RL	91	16568
RL	92	17192
RL	93	19311
RL	94	19261
RL	95	19080
RL	96	18593
RL	97	18119
RL	98	17776
RL	99	17567
RL	100	18279
RL	101	19625
RL	102	19730
RL	103	19987
RL	104	19601
RL	105	20069
RL	106	21356
RL	107	21582
RL	108	21279
RL	109	21290
RL	110	21796
RL	111	21467
RL	112	21922
RL	113	22985
RL	114	23277
RL	115	23931
RL	116	25484
RL	117	25951
RL	118	25860
RL	119	25541
RL	120	26280
RL	121	26769
RL	122	26478
RL	123	28079
RL	124	29939
RL	125	33559
RL	126	36439
RL	127	53214
RL	128	46006
RL	129	42231
RL	130	43177
RL	131	50616
RL	132	58308
RL	133	60828
RL	134	69065
RL	135	74267
RL	136	79497
RL	137	89564
RL	138	106056
RL	139	135006
RL	140	190925
RL	141	274381
RL	142	245641
RL	143	406998
RL	144	985391
RL	145	1980532
RL	146	1080410
RL	147	4327863
RL	148	24334630
# Read lengths - first fragments. Use `grep ^FRL | cut -f 2-` to extract this part. The columns are: read length, count
FRL	36	5411
FRL	37	5881
FRL	38	6177
FRL	39	7020
FRL	40	6039
FRL	41	6000
FRL	42	6086
FRL	43	5875
FRL	44	6622
FRL	45	6558
FRL	46	6206
FRL	47	5960
FRL	48	5764
FRL	49	6179
FRL	50	6121
FRL	51	6250
FRL	52	7177
FRL	53	8058
FRL	54	7493
FRL	55	6819
FRL	56	6794
FRL	57	6354
FRL	58	6581
FRL	59	6642
FRL	60	6474
FRL	61	6871
FRL	62	6798
FRL	63	7236
FRL	64	7894
FRL	65	7167
FRL	66	6715
FRL	67	6630
FRL	68	7472
FRL	69	7502
FRL	70	7525
FRL	71	7964
FRL	72	7192
FRL	73	7152
FRL	74	7637
FRL	75	8531
FRL	76	8398
FRL	77	8653
FRL	78	8264
FRL	79	7991
FRL	80	7826
FRL	81	8546
FRL	82	8765
FRL	83	9596
FRL	84	10647
FRL	85	9964
FRL	86	9211
FRL	87	8942
FRL	88	9350
FRL	89	9273
FRL	90	9196
FRL	91	9307
FRL	92	9578
FRL	93	10699
FRL	94	10897
FRL	95	10921
FRL	96	10563
FRL	97	10623
FRL	98	10488
FRL	99	10497
FRL	100	10880
FRL	101	11593
FRL	102	11758
FRL	103	11902
FRL	104	11959
FRL	105	12216
FRL	106	12907
FRL	107	13305
FRL	108	13023
FRL	109	13155
FRL	110	13579
FRL	111	13480
FRL	112	13893
FRL	113	14582
FRL	114	14689
FRL	115	15290
FRL	116	16112
FRL	117	16752
FRL	118	16482
FRL	119	16612
FRL	120	17400
FRL	121	17824
FRL	122	17560
FRL	123	18954
FRL	124	20328
FRL	125	23331
FRL	126	26324
FRL	127	43080
FRL	128	35517
FRL	129	31605
FRL	130	31670
FRL	131	31688
FRL	132	34015
FRL	133	37297
FRL	134	38316
FRL	135	41668
FRL	136	44693
FRL	137	50737
FRL	138	62741
FRL	139	76081
FRL	140	103643
FRL	141	153730
FRL	142	138855
FRL	143	236673
FRL	144	559055
FRL	145	1224033
FRL	146	706455
FRL	147	2379575
FRL	148	11179013
# Read lengths - last fragments. Use `grep ^LRL | cut -f 2-` to extract this part. The columns are: read length, count
LRL	36	5183
LRL	37	5626
LRL	38	5997
LRL	39	6829
LRL	40	5787
LRL	41	5481
LRL	42	5771
LRL	43	5879
LRL	44	6157
LRL	45	6035
LRL	46	5846
LRL	47	5708
LRL	48	5609
LRL	49	5792
LRL	50	5551
LRL	51	5935
LRL	52	6587
LRL	53	7535
LRL	54	7210
LRL	55	6295
LRL	56	6344
LRL	57	6031
LRL	58	6013
LRL	59	6204
LRL	60	6011
LRL	61	6283
LRL	62	6368
LRL	63	6744
LRL	64	7219
LRL	65	6394
LRL	66	6041
LRL	67	6125
LRL	68	6878
LRL	69	6649
LRL	70	6758
LRL	71	7213
LRL	72	6370
LRL	73	6152
LRL	74	6519
LRL	75	7331
LRL	76	7208
LRL	77	7270
LRL	78	6842
LRL	79	6451
LRL	80	6247
LRL	81	6960
LRL	82	6784
LRL	83	7978
LRL	84	8845
LRL	85	7972
LRL	86	7080
LRL	87	6644
LRL	88	7014
LRL	89	7250
LRL	90	7022
LRL	91	7261
LRL	92	7614
LRL	93	8612
LRL	94	8364
LRL	95	8159
LRL	96	8030
LRL	97	7496
LRL	98	7288
LRL	99	7070
LRL	100	7399
LRL	101	8032
LRL	102	7972
LRL	103	8085
LRL	104	7642
LRL	105	7853
LRL	106	8449
LRL	107	8277
LRL	108	8256
LRL	109	8135
LRL	110	8217
LRL	111	7987
LRL	112	8029
LRL	113	8403
LRL	114	8588
LRL	115	8641
LRL	116	9372
LRL	117	9199
LRL	118	9378
LRL	119	8929
LRL	120	8880
LRL	121	8945
LRL	122	8918
LRL	123	9125
LRL	124	9611
LRL	125	10228
LRL	126	10115
LRL	127	10134
LRL	128	10489
LRL	129	10626
LRL	130	11507
LRL	131	18928
LRL	132	24293
LRL	133	23531
LRL	134	30749
LRL	135	32599
LRL	136	34804
LRL	137	38827
LRL	138	43315
LRL	139	58925
LRL	140	87282
LRL	141	120651
LRL	142	106786
LRL	143	170325
LRL	144	426336
LRL	145	756499
LRL	146	373955
LRL	147	1948288
LRL	148	13155617
# Indel distribution. Use `grep ^ID | cut -f 2-` to extract this part. The columns are: length, number of insertions, number of deletions
ID	1	774765	169172
ID	2	46329	60757
ID	3	19007	27520
ID	4	21435	26873
ID	5	11404	8254
ID	6	5246	8078
ID	7	1687	2030
ID	8	2967	4321
ID	9	1786	1901
ID	10	2547	2726
ID	11	424	857
ID	12	1375	2230
ID	13	336	683
ID	14	525	1057
ID	15	651	919
ID	16	441	990
ID	17	141	247
ID	18	414	682
ID	19	175	185
ID	20	212	488
ID	21	266	325
ID	22	90	367
ID	23	74	114
ID	24	119	311
ID	25	64	91
ID	26	28	144
ID	27	47	115
ID	28	28	112
ID	29	36	32
ID	30	40	186
ID	31	11	30
ID	32	17	42
ID	33	9	19
ID	34	7	41
ID	35	5	53
ID	36	1	40
ID	37	3	13
ID	38	1	33
ID	39	1	18
ID	40	0	32
ID	41	0	23
ID	42	2	32
ID	43	0	5
ID	44	0	15
ID	45	0	19
ID	46	0	1
ID	47	0	6
ID	48	0	5
ID	51	0	13
ID	54	0	7
ID	55	0	1
ID	57	0	6
ID	60	0	4
ID	61	0	1
ID	62	0	1
ID	63	0	1
ID	67	0	1
# Indels per cycle. Use `grep ^IC | cut -f 2-` to extract this part. The columns are: cycle, number of insertions (fwd), .. (rev) , number of deletions (fwd), .. (rev)
IC	1	1	0	0	0
IC	2	0	0	1	0
IC	3	0	0	249	246
IC	4	681	247	386	311
IC	5	9936	4388	382	378
IC	6	2540	390	448	445
IC	7	104783	403	516	602
IC	8	1679	443	618	791
IC	9	891	506	723	853
IC	10	736	553	732	830
IC	11	1085	781	805	835
IC	12	4377	609	843	931
IC	13	6165	705	833	964
IC	14	779	675	883	1009
IC	15	4983	969	950	1047
IC	16	784	720	943	1027
IC	17	1140	655	984	1050
IC	18	804	759	969	1041
IC	19	4356	4822	1040	1108
IC	20	829	1027	1064	1138
IC	21	830	2372	1072	1135
IC	22	791	1063	1024	1145
IC	23	845	796	1001	1136
IC	24	874	893	1063	1116
IC	25	807	974	1100	1140
IC	26	935	859	1058	1232
IC	27	1154	1063	1174	1164
IC	28	928	856	1158	1183
IC	29	1069	968	1193	1203
IC	30	1725	852	1149	1245
IC	31	1170	942	1156	1236
IC	32	1369	1021	1197	1234
IC	33	1107	991	1126	1201
IC	34	1517	2307	1253	1209
IC	35	2218	1095	1129	1216
IC	36	1086	936	1180	1253
IC	37	1036	1005	1186	1344
IC	38	1298	1612	1237	1249
IC	39	1397	906	1208	1233
IC	40	1077	921	1227	1197
IC	41	1271	1108	1187	1239
IC	42	1326	6290	1212	1244
IC	43	4506	8519	1186	1216
IC	44	45930	989	1287	1263
IC	45	1990	948	1147	1286
IC	46	1154	976	1268	1229
IC	47	1255	865	1201	1224
IC	48	1011	894	1274	1265
IC	49	983	943	1259	1229
IC	50	2009	1153	1267	1236
IC	51	1523	917	1292	1330
IC	52	12291	920	1201	1304
IC	53	8321	911	1288	1313
IC	54	1300	899	1276	1357
IC	55	1183	933	1276	1350
IC	56	5002	943	1277	1304
IC	57	1092	885	1361	1301
IC	58	1312	1921	1269	1300
IC	59	1955	929	1323	1281
IC	60	986	917	1292	1325
IC	61	1349	1274	1248	1217
IC	62	1085	7635	1273	1261
IC	63	1320	1122	1238	1300
IC	64	1498	1011	1332	1349
IC	65	1070	884	1332	1302
IC	66	1150	975	1300	1257
IC	67	1696	1091	1338	1340
IC	68	36674	906	1297	1296
IC	69	1325	1226	1309	1284
IC	70	1093	885	1253	1304
IC	71	2366	906	1288	1272
IC	72	2700	944	1301	1334
IC	73	3692	930	1275	1241
IC	74	1200	908	1194	1264
IC	75	1040	927	1286	1314
IC	76	1077	995	1286	1281
IC	77	1451	1259	1260	1239
IC	78	1767	3972	1286	1316
IC	79	1070	25032	1306	1242
IC	80	1085	1861	1263	1304
IC	81	1769	989	1289	1230
IC	82	1665	980	1254	1227
IC	83	1004	971	1316	1208
IC	84	925	1261	1274	1265
IC	85	934	3145	1244	1259
IC	86	943	16909	1280	1185
IC	87	931	1638	1272	1258
IC	88	1062	1026	1224	1211
IC	89	909	916	1243	1282
IC	90	961	922	1225	1228
IC	91	1134	1012	1158	1275
IC	92	2379	1882	1237	1194
IC	93	1230	5335	1211	1322
IC	94	940	2695	1182	1252
IC	95	934	1582	1177	1231
IC	96	844	2399	1148	1193
IC	97	882	954	1161	1211
IC	98	1175	887	1200	1195
IC	99	2489	933	1174	1175
IC	100	1620	767	1188	1259
IC	101	3108	827	1111	1171
IC	102	1168	863	1145	1114
IC	103	1407	887	1121	1115
IC	104	1840	886	1062	1150
IC	105	6888	1202	1137	1149
IC	106	24017	1792	1076	1199
IC	107	2177	1492	1086	1123
IC	108	937	2977	1023	1120
IC	109	809	6498	990	1016
IC	110	756	1284	1064	1130
IC	111	728	820	968	1093
IC	112	694	741	1016	1092
IC	113	637	736	999	1076
IC	114	693	737	941	1045
IC	115	666	777	937	1040
IC	116	698	765	909	1102
IC	117	880	817	899	998
IC	118	2255	786	889	1004
IC	119	674	883	870	994
IC	120	629	1351	824	1012
IC	121	971	4370	812	1065
IC	122	679	7466	783	913
IC	123	525	2871	801	998
IC	124	492	1401	872	1017
IC	125	516	961	911	1011
IC	126	650	1052	1402	934
IC	127	1278	1285	4673	904
IC	128	4885	1110	3596	857
IC	129	3443	1994	1843	855
IC	130	3152	7140	1279	875
IC	131	2546	10093	1888	810
IC	132	2872	6050	1486	822
IC	133	2299	1732	2319	800
IC	134	2734	1226	2599	734
IC	135	4812	1591	2187	697
IC	136	12263	3819	825	700
IC	137	15930	4651	607	650
IC	138	11515	2265	549	605
IC	139	42819	562	458	587
IC	140	73706	487	429	515
IC	141	21615	420	372	441
IC	142	4351	449	393	424
IC	143	786	505	440	525
IC	144	354	671	950	826
IC	145	493	1567	3019	185
IC	146	0	0	0	1
# Coverage distribution. Use `grep ^COV | cut -f 2-` to extract this part.
COV	[1-1]	1	278344518
COV	[2-2]	2	109931247
COV	[3-3]	3	31333186
COV	[4-4]	4	18210291
COV	[5-5]	5	10338873
COV	[6-6]	6	7871506
COV	[7-7]	7	6329600
COV	[8-8]	8	5511226
COV	[9-9]	9	4885653
COV	[10-10]	10	4440926
COV	[11-11]	11	4061398
COV	[12-12]	12	3745911
COV	[13-13]	13	3485359
COV	[14-14]	14	3267081
COV	[15-15]	15	3077571
COV	[16-16]	16	2903617
COV	[17-17]	17	2755551
COV	[18-18]	18	2625880
COV	[19-19]	19	2509016
COV	[20-20]	20	2416852
COV	[21-21]	21	2322130
COV	[22-22]	22	2236629
COV	[23-23]	23	2170125
COV	[24-24]	24	2112103
COV	[25-25]	25	2052155
COV	[26-26]	26	2006126
COV	[27-27]	27	1960184
COV	[28-28]	28	1910815
COV	[29-29]	29	1876340
COV	[30-30]	30	1853373
COV	[31-31]	31	1809227
COV	[32-32]	32	1785574
COV	[33-33]	33	1760813
COV	[34-34]	34	1735563
COV	[35-35]	35	1711194
COV	[36-36]	36	1687592
COV	[37-37]	37	1659254
COV	[38-38]	38	1639661
COV	[39-39]	39	1615149
COV	[40-40]	40	1590764
COV	[41-41]	41	1567887
COV	[42-42]	42	1545573
COV	[43-43]	43	1520296
COV	[44-44]	44	1483951
COV	[45-45]	45	1455254
COV	[46-46]	46	1431203
COV	[47-47]	47	1396407
COV	[48-48]	48	1364565
COV	[49-49]	49	1333391
COV	[50-50]	50	1295502
COV	[51-51]	51	1257988
COV	[52-52]	52	1227701
COV	[53-53]	53	1189365
COV	[54-54]	54	1146612
COV	[55-55]	55	1110262
COV	[56-56]	56	1074021
COV	[57-57]	57	1034863
COV	[58-58]	58	994038
COV	[59-59]	59	959153
COV	[60-60]	60	921557
COV	[61-61]	61	883675
COV	[62-62]	62	842346
COV	[63-63]	63	807839
COV	[64-64]	64	770092
COV	[65-65]	65	735183
COV	[66-66]	66	698801
COV	[67-67]	67	665249
COV	[68-68]	68	630726
COV	[69-69]	69	599137
COV	[70-70]	70	568090
COV	[71-71]	71	535137
COV	[72-72]	72	507732
COV	[73-73]	73	484522
COV	[74-74]	74	456277
COV	[75-75]	75	431307
COV	[76-76]	76	408098
COV	[77-77]	77	384069
COV	[78-78]	78	360952
COV	[79-79]	79	340460
COV	[80-80]	80	318983
COV	[81-81]	81	299908
COV	[82-82]	82	282495
COV	[83-83]	83	262935
COV	[84-84]	84	248940
COV	[85-85]	85	233681
COV	[86-86]	86	218691
COV	[87-87]	87	205689
COV	[88-88]	88	193679
COV	[89-89]	89	181884
COV	[90-90]	90	168833
COV	[91-91]	91	159171
COV	[92-92]	92	150195
COV	[93-93]	93	142016
COV	[94-94]	94	132765
COV	[95-95]	95	124397
COV	[96-96]	96	117672
COV	[97-97]	97	110037
COV	[98-98]	98	103030
COV	[99-99]	99	97558
COV	[100-100]	100	90723
COV	[101-101]	101	85092
COV	[102-102]	102	79446
COV	[103-103]	103	75088
COV	[104-104]	104	71307
COV	[105-105]	105	66922
COV	[106-106]	106	62783
COV	[107-107]	107	59055
COV	[108-108]	108	55792
COV	[109-109]	109	52892
COV	[110-110]	110	50075
COV	[111-111]	111	47332
COV	[112-112]	112	44634
COV	[113-113]	113	41984
COV	[114-114]	114	39855
COV	[115-115]	115	37630
COV	[116-116]	116	36270
COV	[117-117]	117	34508
COV	[118-118]	118	33139
COV	[119-119]	119	31962
COV	[120-120]	120	30038
COV	[121-121]	121	28669
COV	[122-122]	122	27614
COV	[123-123]	123	26382
COV	[124-124]	124	25349
COV	[125-125]	125	24139
COV	[126-126]	126	22717
COV	[127-127]	127	21851
COV	[128-128]	128	21151
COV	[129-129]	129	19852
COV	[130-130]	130	18701
COV	[131-131]	131	17635
COV	[132-132]	132	16765
COV	[133-133]	133	16288
COV	[134-134]	134	15777
COV	[135-135]	135	15259
COV	[136-136]	136	14616
COV	[137-137]	137	14455
COV	[138-138]	138	13463
COV	[139-139]	139	13087
COV	[140-140]	140	12509
COV	[141-141]	141	11775
COV	[142-142]	142	11613
COV	[143-143]	143	11522
COV	[144-144]	144	10875
COV	[145-145]	145	10437
COV	[146-146]	146	10116
COV	[147-147]	147	10023
COV	[148-148]	148	9732
COV	[149-149]	149	9572
COV	[150-150]	150	9090
COV	[151-151]	151	8500
COV	[152-152]	152	8548
COV	[153-153]	153	8390
COV	[154-154]	154	7932
COV	[155-155]	155	7882
COV	[156-156]	156	7608
COV	[157-157]	157	7214
COV	[158-158]	158	7042
COV	[159-159]	159	6801
COV	[160-160]	160	6585
COV	[161-161]	161	6636
COV	[162-162]	162	6297
COV	[163-163]	163	6068
COV	[164-164]	164	5916
COV	[165-165]	165	5598
COV	[166-166]	166	5505
COV	[167-167]	167	5480
COV	[168-168]	168	5251
COV	[169-169]	169	5132
COV	[170-170]	170	5040
COV	[171-171]	171	4865
COV	[172-172]	172	4564
COV	[173-173]	173	4538
COV	[174-174]	174	4331
COV	[175-175]	175	4217
COV	[176-176]	176	4202
COV	[177-177]	177	4080
COV	[178-178]	178	4015
COV	[179-179]	179	3986
COV	[180-180]	180	3893
COV	[181-181]	181	3739
COV	[182-182]	182	3572
COV	[183-183]	183	3504
COV	[184-184]	184	3430
COV	[185-185]	185	3348
COV	[186-186]	186	3336
COV	[187-187]	187	3241
COV	[188-188]	188	3088
COV	[189-189]	189	3098
COV	[190-190]	190	2922
COV	[191-191]	191	2886
COV	[192-192]	192	2854
COV	[193-193]	193	2691
COV	[194-194]	194	2687
COV	[195-195]	195	2626
COV	[196-196]	196	2419
COV	[197-197]	197	2418
COV	[198-198]	198	2266
COV	[199-199]	199	2366
COV	[200-200]	200	2258
COV	[201-201]	201	2288
COV	[202-202]	202	2114
COV	[203-203]	203	2043
COV	[204-204]	204	2013
COV	[205-205]	205	2089
COV	[206-206]	206	1951
COV	[207-207]	207	1969
COV	[208-208]	208	2013
COV	[209-209]	209	1947
COV	[210-210]	210	1860
COV	[211-211]	211	1928
COV	[212-212]	212	1843
COV	[213-213]	213	1817
COV	[214-214]	214	1854
COV	[215-215]	215	1677
COV	[216-216]	216	1737
COV	[217-217]	217	1697
COV	[218-218]	218	1568
COV	[219-219]	219	1594
COV	[220-220]	220	1498
COV	[221-221]	221	1647
COV	[222-222]	222	1540
COV	[223-223]	223	1558
COV	[224-224]	224	1454
COV	[225-225]	225	1418
COV	[226-226]	226	1423
COV	[227-227]	227	1399
COV	[228-228]	228	1338
COV	[229-229]	229	1267
COV	[230-230]	230	1259
COV	[231-231]	231	1254
COV	[232-232]	232	1282
COV	[233-233]	233	1235
COV	[234-234]	234	1293
COV	[235-235]	235	1193
COV	[236-236]	236	1205
COV	[237-237]	237	1112
COV	[238-238]	238	1152
COV	[239-239]	239	1099
COV	[240-240]	240	1092
COV	[241-241]	241	1063
COV	[242-242]	242	1023
COV	[243-243]	243	1020
COV	[244-244]	244	1067
COV	[245-245]	245	1012
COV	[246-246]	246	983
COV	[247-247]	247	932
COV	[248-248]	248	946
COV	[249-249]	249	881
COV	[250-250]	250	868
COV	[251-251]	251	841
COV	[252-252]	252	823
COV	[253-253]	253	766
COV	[254-254]	254	797
COV	[255-255]	255	752
COV	[256-256]	256	729
COV	[257-257]	257	739
COV	[258-258]	258	684
COV	[259-259]	259	638
COV	[260-260]	260	672
COV	[261-261]	261	676
COV	[262-262]	262	693
COV	[263-263]	263	632
COV	[264-264]	264	646
COV	[265-265]	265	596
COV	[266-266]	266	584
COV	[267-267]	267	608
COV	[268-268]	268	573
COV	[269-269]	269	572
COV	[270-270]	270	558
COV	[271-271]	271	565
COV	[272-272]	272	541
COV	[273-273]	273	550
COV	[274-274]	274	552
COV	[275-275]	275	590
COV	[276-276]	276	575
COV	[277-277]	277	565
COV	[278-278]	278	573
COV	[279-279]	279	466
COV	[280-280]	280	484
COV	[281-281]	281	532
COV	[282-282]	282	515
COV	[283-283]	283	490
COV	[284-284]	284	493
COV	[285-285]	285	463
COV	[286-286]	286	505
COV	[287-287]	287	505
COV	[288-288]	288	472
COV	[289-289]	289	464
COV	[290-290]	290	462
COV	[291-291]	291	460
COV	[292-292]	292	499
COV	[293-293]	293	443
COV	[294-294]	294	368
COV	[295-295]	295	430
COV	[296-296]	296	415
COV	[297-297]	297	403
COV	[298-298]	298	386
COV	[299-299]	299	360
COV	[300-300]	300	396
COV	[301-301]	301	345
COV	[302-302]	302	348
COV	[303-303]	303	327
COV	[304-304]	304	347
COV	[305-305]	305	346
COV	[306-306]	306	340
COV	[307-307]	307	353
COV	[308-308]	308	363
COV	[309-309]	309	324
COV	[310-310]	310	316
COV	[311-311]	311	301
COV	[312-312]	312	321
COV	[313-313]	313	289
COV	[314-314]	314	307
COV	[315-315]	315	272
COV	[316-316]	316	282
COV	[317-317]	317	311
COV	[318-318]	318	273
COV	[319-319]	319	286
COV	[320-320]	320	267
COV	[321-321]	321	257
COV	[322-322]	322	272
COV	[323-323]	323	276
COV	[324-324]	324	299
COV	[325-325]	325	279
COV	[326-326]	326	266
COV	[327-327]	327	256
COV	[328-328]	328	250
COV	[329-329]	329	254
COV	[330-330]	330	267
COV	[331-331]	331	225
COV	[332-332]	332	267
COV	[333-333]	333	272
COV	[334-334]	334	285
COV	[335-335]	335	259
COV	[336-336]	336	282
COV	[337-337]	337	252
COV	[338-338]	338	241
COV	[339-339]	339	210
COV	[340-340]	340	219
COV	[341-341]	341	259
COV	[342-342]	342	229
COV	[343-343]	343	259
COV	[344-344]	344	242
COV	[345-345]	345	224
COV	[346-346]	346	251
COV	[347-347]	347	290
COV	[348-348]	348	242
COV	[349-349]	349	238
COV	[350-350]	350	224
COV	[351-351]	351	241
COV	[352-352]	352	214
COV	[353-353]	353	211
COV	[354-354]	354	236
COV	[355-355]	355	241
COV	[356-356]	356	197
COV	[357-357]	357	250
COV	[358-358]	358	229
COV	[359-359]	359	201
COV	[360-360]	360	201
COV	[361-361]	361	181
COV	[362-362]	362	162
COV	[363-363]	363	202
COV	[364-364]	364	253
COV	[365-365]	365	198
COV	[366-366]	366	216
COV	[367-367]	367	209
COV	[368-368]	368	212
COV	[369-369]	369	179
COV	[370-370]	370	204
COV	[371-371]	371	181
COV	[372-372]	372	174
COV	[373-373]	373	173
COV	[374-374]	374	193
COV	[375-375]	375	169
COV	[376-376]	376	191
COV	[377-377]	377	216
COV	[378-378]	378	196
COV	[379-379]	379	176
COV	[380-380]	380	203
COV	[381-381]	381	200
COV	[382-382]	382	230
COV	[383-383]	383	209
COV	[384-384]	384	219
COV	[385-385]	385	206
COV	[386-386]	386	201
COV	[387-387]	387	192
COV	[388-388]	388	184
COV	[389-389]	389	233
COV	[390-390]	390	190
COV	[391-391]	391	198
COV	[392-392]	392	201
COV	[393-393]	393	192
COV	[394-394]	394	184
COV	[395-395]	395	174
COV	[396-396]	396	180
COV	[397-397]	397	184
COV	[398-398]	398	193
COV	[399-399]	399	187
COV	[400-400]	400	188
COV	[401-401]	401	171
COV	[402-402]	402	165
COV	[403-403]	403	187
COV	[404-404]	404	174
COV	[405-405]	405	171
COV	[406-406]	406	184
COV	[407-407]	407	174
COV	[408-408]	408	186
COV	[409-409]	409	170
COV	[410-410]	410	179
COV	[411-411]	411	160
COV	[412-412]	412	195
COV	[413-413]	413	199
COV	[414-414]	414	178
COV	[415-415]	415	204
COV	[416-416]	416	205
COV	[417-417]	417	206
COV	[418-418]	418	157
COV	[419-419]	419	190
COV	[420-420]	420	164
COV	[421-421]	421	172
COV	[422-422]	422	197
COV	[423-423]	423	185
COV	[424-424]	424	179
COV	[425-425]	425	174
COV	[426-426]	426	213
COV	[427-427]	427	167
COV	[428-428]	428	150
COV	[429-429]	429	190
COV	[430-430]	430	169
COV	[431-431]	431	194
COV	[432-432]	432	164
COV	[433-433]	433	198
COV	[434-434]	434	176
COV	[435-435]	435	163
COV	[436-436]	436	163
COV	[437-437]	437	167
COV	[438-438]	438	152
COV	[439-439]	439	163
COV	[440-440]	440	152
COV	[441-441]	441	151
COV	[442-442]	442	158
COV	[443-443]	443	160
COV	[444-444]	444	172
COV	[445-445]	445	160
COV	[446-446]	446	178
COV	[447-447]	447	162
COV	[448-448]	448	181
COV	[449-449]	449	169
COV	[450-450]	450	150
COV	[451-451]	451	175
COV	[452-452]	452	156
COV	[453-453]	453	199
COV	[454-454]	454	162
COV	[455-455]	455	162
COV	[456-456]	456	176
COV	[457-457]	457	161
COV	[458-458]	458	139
COV	[459-459]	459	146
COV	[460-460]	460	133
COV	[461-461]	461	147
COV	[462-462]	462	153
COV	[463-463]	463	128
COV	[464-464]	464	154
COV	[465-465]	465	146
COV	[466-466]	466	157
COV	[467-467]	467	138
COV	[468-468]	468	140
COV	[469-469]	469	129
COV	[470-470]	470	133
COV	[471-471]	471	146
COV	[472-472]	472	147
COV	[473-473]	473	141
COV	[474-474]	474	117
COV	[475-475]	475	128
COV	[476-476]	476	129
COV	[477-477]	477	151
COV	[478-478]	478	135
COV	[479-479]	479	145
COV	[480-480]	480	108
COV	[481-481]	481	134
COV	[482-482]	482	110
COV	[483-483]	483	155
COV	[484-484]	484	126
COV	[485-485]	485	127
COV	[486-486]	486	120
COV	[487-487]	487	112
COV	[488-488]	488	127
COV	[489-489]	489	113
COV	[490-490]	490	133
COV	[491-491]	491	123
COV	[492-492]	492	128
COV	[493-493]	493	132
COV	[494-494]	494	144
COV	[495-495]	495	122
COV	[496-496]	496	126
COV	[497-497]	497	121
COV	[498-498]	498	146
COV	[499-499]	499	120
COV	[500-500]	500	110
COV	[501-501]	501	117
COV	[502-502]	502	123
COV	[503-503]	503	128
COV	[504-504]	504	119
COV	[505-505]	505	125
COV	[506-506]	506	131
COV	[507-507]	507	144
COV	[508-508]	508	132
COV	[509-509]	509	129
COV	[510-510]	510	135
COV	[511-511]	511	132
COV	[512-512]	512	145
COV	[513-513]	513	150
COV	[514-514]	514	134
COV	[515-515]	515	142
COV	[516-516]	516	118
COV	[517-517]	517	121
COV	[518-518]	518	137
COV	[519-519]	519	112
COV	[520-520]	520	106
COV	[521-521]	521	112
COV	[522-522]	522	118
COV	[523-523]	523	136
COV	[524-524]	524	119
COV	[525-525]	525	116
COV	[526-526]	526	119
COV	[527-527]	527	112
COV	[528-528]	528	100
COV	[529-529]	529	140
COV	[530-530]	530	122
COV	[531-531]	531	100
COV	[532-532]	532	98
COV	[533-533]	533	129
COV	[534-534]	534	138
COV	[535-535]	535	99
COV	[536-536]	536	123
COV	[537-537]	537	121
COV	[538-538]	538	119
COV	[539-539]	539	104
COV	[540-540]	540	111
COV	[541-541]	541	88
COV	[542-542]	542	133
COV	[543-543]	543	132
COV	[544-544]	544	108
COV	[545-545]	545	123
COV	[546-546]	546	123
COV	[547-547]	547	105
COV	[548-548]	548	101
COV	[549-549]	549	127
COV	[550-550]	550	109
COV	[551-551]	551	120
COV	[552-552]	552	135
COV	[553-553]	553	111
COV	[554-554]	554	126
COV	[555-555]	555	122
COV	[556-556]	556	117
COV	[557-557]	557	116
COV	[558-558]	558	97
COV	[559-559]	559	108
COV	[560-560]	560	126
COV	[561-561]	561	102
COV	[562-562]	562	123
COV	[563-563]	563	116
COV	[564-564]	564	117
COV	[565-565]	565	110
COV	[566-566]	566	122
COV	[567-567]	567	119
COV	[568-568]	568	120
COV	[569-569]	569	110
COV	[570-570]	570	89
COV	[571-571]	571	90
COV	[572-572]	572	102
COV	[573-573]	573	87
COV	[574-574]	574	85
COV	[575-575]	575	97
COV	[576-576]	576	92
COV	[577-577]	577	82
COV	[578-578]	578	104
COV	[579-579]	579	76
COV	[580-580]	580	96
COV	[581-581]	581	86
COV	[582-582]	582	105
COV	[583-583]	583	107
COV	[584-584]	584	116
COV	[585-585]	585	110
COV	[586-586]	586	80
COV	[587-587]	587	81
COV	[588-588]	588	91
COV	[589-589]	589	93
COV	[590-590]	590	89
COV	[591-591]	591	72
COV	[592-592]	592	101
COV	[593-593]	593	79
COV	[594-594]	594	86
COV	[595-595]	595	80
COV	[596-596]	596	96
COV	[597-597]	597	71
COV	[598-598]	598	78
COV	[599-599]	599	67
COV	[600-600]	600	98
COV	[601-601]	601	79
COV	[602-602]	602	75
COV	[603-603]	603	76
COV	[604-604]	604	76
COV	[605-605]	605	74
COV	[606-606]	606	88
COV	[607-607]	607	80
COV	[608-608]	608	94
COV	[609-609]	609	90
COV	[610-610]	610	79
COV	[611-611]	611	92
COV	[612-612]	612	76
COV	[613-613]	613	80
COV	[614-614]	614	85
COV	[615-615]	615	70
COV	[616-616]	616	78
COV	[617-617]	617	89
COV	[618-618]	618	92
COV	[619-619]	619	95
COV	[620-620]	620	82
COV	[621-621]	621	93
COV	[622-622]	622	72
COV	[623-623]	623	90
COV	[624-624]	624	94
COV	[625-625]	625	91
COV	[626-626]	626	85
COV	[627-627]	627	73
COV	[628-628]	628	70
COV	[629-629]	629	91
COV	[630-630]	630	73
COV	[631-631]	631	88
COV	[632-632]	632	86
COV	[633-633]	633	85
COV	[634-634]	634	68
COV	[635-635]	635	83
COV	[636-636]	636	64
COV	[637-637]	637	82
COV	[638-638]	638	65
COV	[639-639]	639	73
COV	[640-640]	640	71
COV	[641-641]	641	87
COV	[642-642]	642	83
COV	[643-643]	643	83
COV	[644-644]	644	75
COV	[645-645]	645	63
COV	[646-646]	646	71
COV	[647-647]	647	86
COV	[648-648]	648	72
COV	[649-649]	649	72
COV	[650-650]	650	66
COV	[651-651]	651	61
COV	[652-652]	652	55
COV	[653-653]	653	60
COV	[654-654]	654	59
COV	[655-655]	655	65
COV	[656-656]	656	54
COV	[657-657]	657	51
COV	[658-658]	658	63
COV	[659-659]	659	37
COV	[660-660]	660	62
COV	[661-661]	661	56
COV	[662-662]	662	44
COV	[663-663]	663	43
COV	[664-664]	664	30
COV	[665-665]	665	55
COV	[666-666]	666	42
COV	[667-667]	667	35
COV	[668-668]	668	31
COV	[669-669]	669	44
COV	[670-670]	670	49
COV	[671-671]	671	44
COV	[672-672]	672	47
COV	[673-673]	673	44
COV	[674-674]	674	48
COV	[675-675]	675	36
COV	[676-676]	676	30
COV	[677-677]	677	40
COV	[678-678]	678	45
COV	[679-679]	679	39
COV	[680-680]	680	43
COV	[681-681]	681	54
COV	[682-682]	682	35
COV	[683-683]	683	48
COV	[684-684]	684	30
COV	[685-685]	685	26
COV	[686-686]	686	36
COV	[687-687]	687	30
COV	[688-688]	688	51
COV	[689-689]	689	33
COV	[690-690]	690	22
COV	[691-691]	691	36
COV	[692-692]	692	22
COV	[693-693]	693	34
COV	[694-694]	694	33
COV	[695-695]	695	40
COV	[696-696]	696	39
COV	[697-697]	697	28
COV	[698-698]	698	31
COV	[699-699]	699	29
COV	[700-700]	700	27
COV	[701-701]	701	29
COV	[702-702]	702	21
COV	[703-703]	703	34
COV	[704-704]	704	43
COV	[705-705]	705	48
COV	[706-706]	706	29
COV	[707-707]	707	33
COV	[708-708]	708	29
COV	[709-709]	709	33
COV	[710-710]	710	31
COV	[711-711]	711	40
COV	[712-712]	712	50
COV	[713-713]	713	36
COV	[714-714]	714	29
COV	[715-715]	715	25
COV	[716-716]	716	31
COV	[717-717]	717	27
COV	[718-718]	718	33
COV	[719-719]	719	43
COV	[720-720]	720	29
COV	[721-721]	721	33
COV	[722-722]	722	41
COV	[723-723]	723	25
COV	[724-724]	724	28
COV	[725-725]	725	20
COV	[726-726]	726	22
COV	[727-727]	727	34
COV	[728-728]	728	28
COV	[729-729]	729	42
COV	[730-730]	730	27
COV	[731-731]	731	32
COV	[732-732]	732	21
COV	[733-733]	733	32
COV	[734-734]	734	30
COV	[735-735]	735	25
COV	[736-736]	736	41
COV	[737-737]	737	42
COV	[738-738]	738	26
COV	[739-739]	739	42
COV	[740-740]	740	45
COV	[741-741]	741	41
COV	[742-742]	742	34
COV	[743-743]	743	34
COV	[744-744]	744	33
COV	[745-745]	745	42
COV	[746-746]	746	35
COV	[747-747]	747	31
COV	[748-748]	748	39
COV	[749-749]	749	26
COV	[750-750]	750	24
COV	[751-751]	751	23
COV	[752-752]	752	17
COV	[753-753]	753	29
COV	[754-754]	754	29
COV	[755-755]	755	32
COV	[756-756]	756	37
COV	[757-757]	757	37
COV	[758-758]	758	38
COV	[759-759]	759	24
COV	[760-760]	760	30
COV	[761-761]	761	22
COV	[762-762]	762	32
COV	[763-763]	763	25
COV	[764-764]	764	30
COV	[765-765]	765	27
COV	[766-766]	766	26
COV	[767-767]	767	30
COV	[768-768]	768	25
COV	[769-769]	769	27
COV	[770-770]	770	18
COV	[771-771]	771	26
COV	[772-772]	772	27
COV	[773-773]	773	27
COV	[774-774]	774	23
COV	[775-775]	775	19
COV	[776-776]	776	24
COV	[777-777]	777	23
COV	[778-778]	778	20
COV	[779-779]	779	32
COV	[780-780]	780	18
COV	[781-781]	781	20
COV	[782-782]	782	16
COV	[783-783]	783	25
COV	[784-784]	784	24
COV	[785-785]	785	24
COV	[786-786]	786	35
COV	[787-787]	787	28
COV	[788-788]	788	24
COV	[789-789]	789	27
COV	[790-790]	790	31
COV	[791-791]	791	28
COV	[792-792]	792	27
COV	[793-793]	793	28
COV	[794-794]	794	37
COV	[795-795]	795	22
COV	[796-796]	796	26
COV	[797-797]	797	22
COV	[798-798]	798	18
COV	[799-799]	799	14
COV	[800-800]	800	35
COV	[801-801]	801	21
COV	[802-802]	802	19
COV	[803-803]	803	16
COV	[804-804]	804	24
COV	[805-805]	805	22
COV	[806-806]	806	21
COV	[807-807]	807	23
COV	[808-808]	808	21
COV	[809-809]	809	20
COV	[810-810]	810	22
COV	[811-811]	811	23
COV	[812-812]	812	20
COV	[813-813]	813	22
COV	[814-814]	814	20
COV	[815-815]	815	21
COV	[816-816]	816	24
COV	[817-817]	817	21
COV	[818-818]	818	20
COV	[819-819]	819	21
COV	[820-820]	820	21
COV	[821-821]	821	22
COV	[822-822]	822	19
COV	[823-823]	823	29
COV	[824-824]	824	15
COV	[825-825]	825	17
COV	[826-826]	826	22
COV	[827-827]	827	22
COV	[828-828]	828	31
COV	[829-829]	829	27
COV	[830-830]	830	27
COV	[831-831]	831	25
COV	[832-832]	832	31
COV	[833-833]	833	20
COV	[834-834]	834	26
COV	[835-835]	835	22
COV	[836-836]	836	26
COV	[837-837]	837	24
COV	[838-838]	838	12
COV	[839-839]	839	14
COV	[840-840]	840	15
COV	[841-841]	841	30
COV	[842-842]	842	18
COV	[843-843]	843	29
COV	[844-844]	844	21
COV	[845-845]	845	23
COV	[846-846]	846	24
COV	[847-847]	847	17
COV	[848-848]	848	19
COV	[849-849]	849	20
COV	[850-850]	850	16
COV	[851-851]	851	24
COV	[852-852]	852	23
COV	[853-853]	853	21
COV	[854-854]	854	20
COV	[855-855]	855	22
COV	[856-856]	856	21
COV	[857-857]	857	23
COV	[858-858]	858	16
COV	[859-859]	859	19
COV	[860-860]	860	31
COV	[861-861]	861	28
COV	[862-862]	862	24
COV	[863-863]	863	24
COV	[864-864]	864	25
COV	[865-865]	865	15
COV	[866-866]	866	18
COV	[867-867]	867	18
COV	[868-868]	868	25
COV	[869-869]	869	18
COV	[870-870]	870	24
COV	[871-871]	871	19
COV	[872-872]	872	33
COV	[873-873]	873	24
COV	[874-874]	874	15
COV	[875-875]	875	22
COV	[876-876]	876	31
COV	[877-877]	877	24
COV	[878-878]	878	25
COV	[879-879]	879	22
COV	[880-880]	880	23
COV	[881-881]	881	31
COV	[882-882]	882	19
COV	[883-883]	883	19
COV	[884-884]	884	18
COV	[885-885]	885	16
COV	[886-886]	886	18
COV	[887-887]	887	16
COV	[888-888]	888	15
COV	[889-889]	889	30
COV	[890-890]	890	11
COV	[891-891]	891	31
COV	[892-892]	892	15
COV	[893-893]	893	19
COV	[894-894]	894	12
COV	[895-895]	895	22
COV	[896-896]	896	22
COV	[897-897]	897	10
COV	[898-898]	898	15
COV	[899-899]	899	28
COV	[900-900]	900	16
COV	[901-901]	901	22
COV	[902-902]	902	9
COV	[903-903]	903	10
COV	[904-904]	904	13
COV	[905-905]	905	19
COV	[906-906]	906	15
COV	[907-907]	907	18
COV	[908-908]	908	20
COV	[909-909]	909	13
COV	[910-910]	910	17
COV	[911-911]	911	20
COV	[912-912]	912	14
COV	[913-913]	913	16
COV	[914-914]	914	17
COV	[915-915]	915	12
COV	[916-916]	916	14
COV	[917-917]	917	8
COV	[918-918]	918	13
COV	[919-919]	919	11
COV	[920-920]	920	18
COV	[921-921]	921	16
COV	[922-922]	922	19
COV	[923-923]	923	14
COV	[924-924]	924	17
COV	[925-925]	925	15
COV	[926-926]	926	22
COV	[927-927]	927	13
COV	[928-928]	928	15
COV	[929-929]	929	17
COV	[930-930]	930	13
COV	[931-931]	931	14
COV	[932-932]	932	19
COV	[933-933]	933	28
COV	[934-934]	934	15
COV	[935-935]	935	8
COV	[936-936]	936	17
COV	[937-937]	937	12
COV	[938-938]	938	13
COV	[939-939]	939	10
COV	[940-940]	940	16
COV	[941-941]	941	12
COV	[942-942]	942	17
COV	[943-943]	943	16
COV	[944-944]	944	10
COV	[945-945]	945	12
COV	[946-946]	946	20
COV	[947-947]	947	16
COV	[948-948]	948	15
COV	[949-949]	949	5
COV	[950-950]	950	8
COV	[951-951]	951	12
COV	[952-952]	952	12
COV	[953-953]	953	10
COV	[954-954]	954	10
COV	[955-955]	955	9
COV	[956-956]	956	6
COV	[957-957]	957	9
COV	[958-958]	958	6
COV	[959-959]	959	8
COV	[960-960]	960	11
COV	[961-961]	961	16
COV	[962-962]	962	12
COV	[963-963]	963	4
COV	[964-964]	964	7
COV	[965-965]	965	12
COV	[966-966]	966	13
COV	[967-967]	967	20
COV	[968-968]	968	14
COV	[969-969]	969	14
COV	[970-970]	970	17
COV	[971-971]	971	22
COV	[972-972]	972	13
COV	[973-973]	973	12
COV	[974-974]	974	11
COV	[975-975]	975	16
COV	[976-976]	976	11
COV	[977-977]	977	17
COV	[978-978]	978	13
COV	[979-979]	979	12
COV	[980-980]	980	19
COV	[981-981]	981	15
COV	[982-982]	982	12
COV	[983-983]	983	8
COV	[984-984]	984	12
COV	[985-985]	985	13
COV	[986-986]	986	12
COV	[987-987]	987	8
COV	[988-988]	988	7
COV	[989-989]	989	12
COV	[990-990]	990	9
COV	[991-991]	991	5
COV	[992-992]	992	10
COV	[993-993]	993	12
COV	[994-994]	994	12
COV	[995-995]	995	9
COV	[996-996]	996	9
COV	[997-997]	997	12
COV	[998-998]	998	14
COV	[999-999]	999	14
COV	[1000-1000]	1000	13
COV	[1000<]	1000	6319
# GC-depth. Use `grep ^GCD | cut -f 2-` to extract this part. The columns are: GC%, unique sequence percentiles, 10th, 25th, 50th, 75th and 90th depth percentile
GCD	0.0	0.063	0.007	0.007	0.007	0.014	0.023
GCD	2.0	0.064	4.205	4.205	4.205	4.205	4.205
GCD	3.0	0.065	0.065	0.065	1.058	2.052	2.052
GCD	5.0	0.067	0.050	0.050	0.144	1.195	1.195
GCD	6.0	0.069	0.094	0.094	0.634	1.174	1.174
GCD	7.0	0.071	0.346	0.419	0.644	2.068	2.542
GCD	8.0	0.075	0.058	0.058	0.079	0.518	0.785
GCD	9.0	0.076	0.302	0.302	0.810	1.318	1.318
GCD	10.0	0.079	0.230	0.230	0.439	2.182	2.182
GCD	11.0	0.081	0.245	0.245	0.490	0.504	0.504
GCD	12.0	0.084	0.115	0.128	0.248	0.401	0.425
GCD	13.0	0.086	0.101	0.101	0.238	0.302	0.302
GCD	14.0	0.092	0.022	0.076	0.252	0.497	1.397
GCD	15.0	0.094	0.180	0.180	0.346	0.792	0.792
GCD	16.0	0.101	0.058	0.173	0.396	0.637	3.809
GCD	17.0	0.109	0.016	0.022	0.108	0.274	0.986
GCD	18.0	0.115	0.022	0.079	0.209	0.396	0.763
GCD	19.0	0.123	0.048	0.108	0.137	0.266	0.456
GCD	20.0	0.131	0.017	0.022	0.068	0.344	0.477
GCD	21.0	0.144	0.035	0.104	0.176	0.301	0.758
GCD	22.0	0.157	0.027	0.083	0.151	0.304	0.632
GCD	23.0	0.173	0.022	0.032	0.133	0.223	0.888
GCD	24.0	0.186	0.029	0.043	0.094	0.497	0.806
GCD	25.0	0.204	0.019	0.040	0.194	0.432	1.486
GCD	26.0	0.232	0.022	0.036	0.072	0.324	0.634
GCD	27.0	0.264	0.026	0.050	0.101	0.205	0.449
GCD	28.0	0.316	0.038	0.058	0.104	0.428	1.114
GCD	29.0	0.399	0.036	0.050	0.083	0.238	1.482
GCD	30.0	0.547	0.036	0.058	0.108	0.943	2.413
GCD	31.0	0.818	0.043	0.072	0.144	1.863	4.162
GCD	32.0	1.331	0.058	0.086	0.724	2.902	5.581
GCD	33.0	2.234	0.065	0.101	0.947	3.620	6.394
GCD	34.0	3.648	0.072	0.101	0.932	3.866	7.092
GCD	35.0	5.727	0.072	0.115	0.893	3.767	7.242
GCD	36.0	8.653	0.072	0.115	0.295	3.377	6.893
GCD	37.0	12.373	0.079	0.115	0.187	2.750	6.278
GCD	38.0	17.053	0.079	0.115	0.180	2.016	5.630
GCD	39.0	22.634	0.086	0.115	0.173	1.354	4.932
GCD	40.0	28.866	0.086	0.122	0.180	1.044	4.505
GCD	41.0	35.436	0.094	0.130	0.187	0.900	4.092
GCD	42.0	42.156	0.101	0.137	0.202	0.878	4.068
GCD	43.0	48.777	0.108	0.151	0.223	0.936	3.910
GCD	44.0	55.231	0.115	0.158	0.245	0.878	3.652
GCD	45.0	61.403	0.122	0.173	0.266	0.958	3.781
GCD	46.0	67.001	0.130	0.194	0.310	1.022	3.823
GCD	47.0	71.998	0.144	0.216	0.360	1.139	3.920
GCD	48.0	76.313	0.158	0.230	0.410	1.253	4.278
GCD	49.0	79.997	0.173	0.266	0.497	1.553	4.406
GCD	50.0	83.014	0.187	0.295	0.612	2.030	5.304
GCD	51.0	85.502	0.202	0.346	0.792	2.702	6.114
GCD	52.0	87.540	0.202	0.360	0.986	3.110	6.562
GCD	53.0	89.324	0.216	0.446	1.339	3.730	7.626
GCD	54.0	90.911	0.252	0.592	1.624	4.176	8.172
GCD	55.0	92.312	0.281	0.727	2.038	4.954	9.170
GCD	56.0	93.643	0.331	0.922	2.498	6.091	10.197
GCD	57.0	94.913	0.438	1.123	2.844	6.149	10.585
GCD	58.0	96.047	0.490	1.325	3.254	6.836	10.917
GCD	59.0	97.066	0.677	1.426	3.679	7.461	11.812
GCD	60.0	97.922	0.799	1.627	3.834	7.591	12.000
GCD	61.0	98.656	0.792	1.915	4.514	8.489	13.676
GCD	62.0	99.178	0.867	2.059	4.730	8.395	13.653
GCD	63.0	99.548	0.805	1.822	4.543	8.708	13.720
GCD	64.0	99.795	0.911	2.059	5.033	8.615	12.953
GCD	65.0	99.914	0.778	1.872	5.735	10.418	16.514
GCD	66.0	99.979	1.382	2.585	5.814	14.927	20.295
GCD	67.0	99.994	0.940	1.557	5.753	8.831	27.158
GCD	68.0	99.998	0.137	0.477	2.848	6.788	8.251
GCD	69.0	99.999	0.029	0.029	0.029	0.029	0.029
GCD	71.0	99.999	0.079	0.079	0.079	0.079	0.079
GCD	73.0	100.000	0.014	0.014	0.014	0.014	0.014
