# This file was produced by samtools stats (1.16.1+htslib-1.16) and can be plotted using plot-bamstats
# This file contains statistics for all reads.
# The command line was:  stats /data/WES_260526/align/111_trimmed_sort.bam
# CHK, Checksum	[2]Read Names	[3]Sequences	[4]Qualities
# CHK, CRC32 of reads which passed filtering followed by addition (32bit overflow)
CHK	093f463a	0546afe0	97ed5924
# Summary Numbers. Use `grep ^SN | cut -f 2-` to extract this part.
SN	raw total sequences:	62273198	# excluding supplementary and secondary reads
SN	filtered sequences:	0
SN	sequences:	62273198
SN	is sorted:	1
SN	1st fragments:	31136599
SN	last fragments:	31136599
SN	reads mapped:	62240523
SN	reads mapped and paired:	62210410	# paired-end technology bit set + both mates mapped
SN	reads unmapped:	32675
SN	reads properly paired:	61868480	# proper-pair bit set
SN	reads paired:	62273198	# paired-end technology bit set
SN	reads duplicated:	0	# PCR or optical duplicate bit set
SN	reads MQ0:	4818333	# mapped and MQ=0
SN	reads QC failed:	0
SN	non-primary alignments:	0
SN	supplementary alignments:	136276
SN	total length:	8993012772	# ignores clipping
SN	total first fragment length:	4482009282	# ignores clipping
SN	total last fragment length:	4511003490	# ignores clipping
SN	bases mapped:	8988883655	# ignores clipping
SN	bases mapped (cigar):	8858363003	# more accurate
SN	bases trimmed:	0
SN	bases duplicated:	0
SN	mismatches:	66890278	# from NM fields
SN	error rate:	7.551088e-03	# mismatches / bases mapped (cigar)
SN	average length:	144
SN	average first fragment length:	144
SN	average last fragment length:	145
SN	maximum length:	148
SN	maximum first fragment length:	148
SN	maximum last fragment length:	148
SN	average quality:	37.0
SN	insert size average:	266.9
SN	insert size standard deviation:	82.3
SN	inward oriented pairs:	30269812
SN	outward oriented pairs:	705972
SN	pairs with other orientation:	34134
SN	pairs on different chromosomes:	95287
SN	percentage of properly paired reads (%):	99.4
# First Fragment Qualities. Use `grep ^FFQ | cut -f 2-` to extract this part.
# Columns correspond to qualities and rows to cycles. First column is the cycle number.
FFQ	1	0	0	0	0	0	0	0	0	0	0	0	0	0	0	0	0	0	0	0	0	0	0	138460	327850	98506	0	0	0	0	0	19082518	0	0	0	0	0	0	0	0	0	11489265	0
FFQ	2	277	0	0	0	0	0	0	0	0	0	0	0	0	11229	12944	0	0	0	36021	14882	0	0	9824	94059	24781	0	0	0	0	0	6947224	0	0	0	0	0	0	0	0	0	23985358	0
FFQ	3	467	0	0	0	0	0	0	0	0	0	0	0	0	8900	11930	0	0	0	16832	22560	0	0	18433	54167	17993	0	0	0	0	0	3710223	0	0	0	0	0	0	0	0	0	27275094	0
FFQ	4	920	0	0	0	0	0	0	0	0	0	0	0	0	17731	14572	0	0	0	15185	37838	0	0	34094	66554	14359	0	0	0	0	0	2310197	0	0	0	0	0	0	0	0	0	28625149	0
FFQ	5	39737	0	0	0	0	0	0	0	0	0	0	0	0	16741	13794	0	0	0	13861	33920	0	0	29639	128520	11046	0	0	0	0	0	1236900	0	0	0	0	0	0	0	0	0	29612441	0
FFQ	6	2507	0	0	0	0	0	0	0	0	0	0	0	0	19112	14535	0	0	0	16116	37015	0	0	32780	140677	13270	0	0	0	0	0	1519287	0	0	0	0	0	0	0	0	0	29341300	0
FFQ	7	195674	0	0	0	0	0	0	0	0	0	0	0	0	22084	18610	0	0	0	23427	50173	0	0	44070	72602	23013	0	0	0	0	0	1286974	0	0	0	0	0	0	0	0	0	29399972	0
FFQ	8	1578	0	0	0	0	0	0	0	0	0	0	0	0	20896	18460	0	0	0	18987	41899	0	0	36538	125477	14067	0	0	0	0	0	1391910	0	0	0	0	0	0	0	0	0	29466787	0
FFQ	9	1912	0	0	0	0	0	0	0	0	0	0	0	0	22625	20468	0	0	0	17569	46018	0	0	39647	149571	13914	0	0	0	0	0	919364	0	0	0	0	0	0	0	0	0	29905511	0
FFQ	10	2454	0	0	0	0	0	0	0	0	0	0	0	0	26063	19143	0	0	0	24041	55309	0	0	49838	72298	23175	0	0	0	0	0	1061815	0	0	0	0	0	0	0	0	0	29802463	0
FFQ	11	2103	0	0	0	0	0	0	0	0	0	0	0	0	34026	25800	0	0	0	22063	73426	0	0	66269	103608	21288	0	0	0	0	0	1205524	0	0	0	0	0	0	0	0	0	29582492	0
FFQ	12	8706	0	0	0	0	0	0	0	0	0	0	0	0	31027	27506	0	0	0	21288	68411	0	0	58790	93740	18467	0	0	0	0	0	1013741	0	0	0	0	0	0	0	0	0	29794923	0
FFQ	13	13464	0	0	0	0	0	0	0	0	0	0	0	0	31786	27589	0	0	0	25065	65347	0	0	55301	91326	20946	0	0	0	0	0	1018449	0	0	0	0	0	0	0	0	0	29787326	0
FFQ	14	1501	0	0	0	0	0	0	0	0	0	0	0	0	35535	29951	0	0	0	30379	68984	0	0	56751	102404	23275	0	0	0	0	0	1023803	0	0	0	0	0	0	0	0	0	29764016	0
FFQ	15	10959	0	0	0	0	0	0	0	0	0	0	0	0	47948	40994	0	0	0	41093	90865	0	0	75660	120157	29955	0	0	0	0	0	1179939	0	0	0	0	0	0	0	0	0	29499029	0
FFQ	16	4786	0	0	0	0	0	0	0	0	0	0	0	0	56819	49601	0	0	0	48656	95068	0	0	73417	126809	31480	0	0	0	0	0	1132788	0	0	0	0	0	0	0	0	0	29517175	0
FFQ	17	1795	0	0	0	0	0	0	0	0	0	0	0	0	70448	57792	0	0	0	64042	107255	0	0	80590	146936	40721	0	0	0	0	0	1202457	0	0	0	0	0	0	0	0	0	29364563	0
FFQ	18	1450	0	0	0	0	0	0	0	0	0	0	0	0	83142	69629	0	0	0	77129	122943	0	0	90569	161124	46955	0	0	0	0	0	1271921	0	0	0	0	0	0	0	0	0	29211737	0
FFQ	19	8410	0	0	0	0	0	0	0	0	0	0	0	0	90659	75823	0	0	0	85619	134014	0	0	99602	163957	53034	0	0	0	0	0	1318018	0	0	0	0	0	0	0	0	0	29107463	0
FFQ	20	1313	0	0	0	0	0	0	0	0	0	0	0	0	85510	71960	0	0	0	77393	123160	0	0	90026	162251	45310	0	0	0	0	0	1260709	0	0	0	0	0	0	0	0	0	29218967	0
FFQ	21	1273	0	0	0	0	0	0	0	0	0	0	0	0	72108	61948	0	0	0	60994	98304	0	0	71025	154900	33360	0	0	0	0	0	1159992	0	0	0	0	0	0	0	0	0	29422695	0
FFQ	22	1326	0	0	0	0	0	0	0	0	0	0	0	0	76060	64765	0	0	0	68612	112101	0	0	84476	156628	42041	0	0	0	0	0	1245742	0	0	0	0	0	0	0	0	0	29284848	0
FFQ	23	1167	0	0	0	0	0	0	0	0	0	0	0	0	74632	62565	0	0	0	68415	109860	0	0	81680	151575	41276	0	0	0	0	0	1213390	0	0	0	0	0	0	0	0	0	29332039	0
FFQ	24	2546	0	0	0	0	0	0	0	0	0	0	0	0	78797	67294	0	0	0	74208	112898	0	0	82212	159822	42892	0	0	0	0	0	1213684	0	0	0	0	0	0	0	0	0	29302246	0
FFQ	25	1406	0	0	0	0	0	0	0	0	0	0	0	0	81030	69164	0	0	0	75610	113540	0	0	82148	167105	41515	0	0	0	0	0	1219636	0	0	0	0	0	0	0	0	0	29285445	0
FFQ	26	863	0	0	0	0	0	0	0	0	0	0	0	0	92473	79195	0	0	0	89891	133321	0	0	97949	177746	51190	0	0	0	0	0	1295138	0	0	0	0	0	0	0	0	0	29118833	0
FFQ	27	1397	0	0	0	0	0	0	0	0	0	0	0	0	92805	79826	0	0	0	87285	132580	0	0	95874	178618	48754	0	0	0	0	0	1283300	0	0	0	0	0	0	0	0	0	29136160	0
FFQ	28	1394	0	0	0	0	0	0	0	0	0	0	0	0	95330	81210	0	0	0	89752	127843	0	0	91619	191671	46734	0	0	0	0	0	1275239	0	0	0	0	0	0	0	0	0	29135807	0
FFQ	29	1891	0	0	0	0	0	0	0	0	0	0	0	0	90233	76484	0	0	0	84257	120670	0	0	86035	195875	43985	0	0	0	0	0	1266848	0	0	0	0	0	0	0	0	0	29170321	0
FFQ	30	10138	0	0	0	0	0	0	0	0	0	0	0	0	113760	92476	0	0	0	144611	154089	0	0	111828	243627	68770	0	0	0	0	0	1382263	0	0	0	0	0	0	0	0	0	28815037	0
FFQ	31	2625	0	0	0	0	0	0	0	0	0	0	0	0	100436	76965	0	0	0	97890	124905	0	0	90856	241726	46172	0	0	0	0	0	1323104	0	0	0	0	0	0	0	0	0	29031920	0
FFQ	32	141738	0	0	0	0	0	0	0	0	0	0	0	0	105814	76531	0	0	0	98611	123316	0	0	88844	226805	48667	0	0	0	0	0	1319982	0	0	0	0	0	0	0	0	0	28906291	0
FFQ	33	1096	0	0	0	0	0	0	0	0	0	0	0	0	109580	80983	0	0	0	110629	118642	0	0	81747	300133	47940	0	0	0	0	0	1410515	0	0	0	0	0	0	0	0	0	28875334	0
FFQ	34	1761	0	0	0	0	0	0	0	0	0	0	0	0	192586	141876	0	0	0	268623	236460	0	0	167380	334761	128171	0	0	0	0	0	1718852	0	0	0	0	0	0	0	0	0	27946129	0
FFQ	35	3602	0	0	0	0	0	0	0	0	0	0	0	0	169541	142805	0	0	0	192295	203497	0	0	141462	356238	83550	0	0	0	0	0	1755684	0	0	0	0	0	0	0	0	0	28087925	0
FFQ	36	1178	0	0	0	0	0	0	0	0	0	0	0	0	184922	150093	0	0	0	209193	204500	0	0	137275	359997	83547	0	0	0	0	0	1679659	0	0	0	0	0	0	0	0	0	28126235	0
FFQ	37	1842	0	0	0	0	0	0	0	0	0	0	0	0	198935	116868	0	0	0	149660	209280	0	0	143299	275723	50494	0	0	0	0	0	1483298	0	0	0	0	0	0	0	0	0	28497634	0
FFQ	38	3554	0	0	0	0	0	0	0	0	0	0	0	0	162047	110646	0	0	0	142733	150485	0	0	102932	335210	59756	0	0	0	0	0	1545849	0	0	0	0	0	0	0	0	0	28503702	0
FFQ	39	4572	0	0	0	0	0	0	0	0	0	0	0	0	140794	103126	0	0	0	133051	135073	0	0	90137	367038	52847	0	0	0	0	0	1523906	0	0	0	0	0	0	0	0	0	28555819	0
FFQ	40	1177	0	0	0	0	0	0	0	0	0	0	0	0	245101	156759	0	0	0	305950	304863	0	0	216224	347458	163106	0	0	0	0	0	1855814	0	0	0	0	0	0	0	0	0	27497978	0
FFQ	41	1209	0	0	0	0	0	0	0	0	0	0	0	0	230753	176551	0	0	0	240338	171448	0	0	101052	696109	65865	0	0	0	0	0	1958411	0	0	0	0	0	0	0	0	0	27442277	0
FFQ	42	747	0	0	0	0	0	0	0	0	0	0	0	0	238015	179113	0	0	0	209199	163167	0	0	91980	850784	53717	0	0	0	0	0	2074833	0	0	0	0	0	0	0	0	0	27212302	0
FFQ	43	1575	0	0	0	0	0	0	0	0	0	0	0	0	1173346	652491	0	0	0	1033271	1023271	0	0	598059	700782	468401	0	0	0	0	0	2649791	0	0	0	0	0	0	0	0	0	22762562	0
FFQ	44	89221	0	0	0	0	0	0	0	0	0	0	0	0	248813	186243	0	0	0	236624	144298	0	0	79487	902832	48065	0	0	0	0	0	2038620	0	0	0	0	0	0	0	0	0	27078969	0
FFQ	45	820	0	0	0	0	0	0	0	0	0	0	0	0	641253	482237	0	0	0	710207	361406	0	0	190013	871811	139871	0	0	0	0	0	2321074	0	0	0	0	0	0	0	0	0	25323464	0
FFQ	46	794	0	0	0	0	0	0	0	0	0	0	0	0	357520	307173	0	0	0	413560	242388	0	0	132572	795282	96126	0	0	0	0	0	2308813	0	0	0	0	0	0	0	0	0	26376992	0
FFQ	47	1048	0	0	0	0	0	0	0	0	0	0	0	0	638874	488366	0	0	0	648793	460424	0	0	249658	807430	187200	0	0	0	0	0	2508122	0	0	0	0	0	0	0	0	0	25030437	0
FFQ	48	499	0	0	0	0	0	0	0	0	0	0	0	0	508999	462130	0	0	0	575163	370579	0	0	202697	741661	140667	0	0	0	0	0	2450455	0	0	0	0	0	0	0	0	0	25557050	0
FFQ	49	888	0	0	0	0	0	0	0	0	0	0	0	0	479641	426172	0	0	0	540123	311597	0	0	164499	787569	118372	0	0	0	0	0	2360088	0	0	0	0	0	0	0	0	0	25810774	0
FFQ	50	2231	0	0	0	0	0	0	0	0	0	0	0	0	435457	394761	0	0	0	496987	331174	0	0	183776	711809	125016	0	0	0	0	0	2339293	0	0	0	0	0	0	0	0	0	25968638	0
FFQ	51	1404	0	0	0	0	0	0	0	0	0	0	0	0	397299	345093	0	0	0	455949	343214	0	0	198730	624527	136492	0	0	0	0	0	2302036	0	0	0	0	0	0	0	0	0	26174038	0
FFQ	52	21461	0	0	0	0	0	0	0	0	0	0	0	0	295237	213876	0	0	0	265332	243883	0	0	144280	534976	72370	0	0	0	0	0	2018952	0	0	0	0	0	0	0	0	0	27157409	0
FFQ	53	62732	0	0	0	0	0	0	0	0	0	0	0	0	221842	163802	0	0	0	197209	203888	0	0	127278	466643	65754	0	0	0	0	0	1921749	0	0	0	0	0	0	0	0	0	27524697	0
FFQ	54	3144	0	0	0	0	0	0	0	0	0	0	0	0	221580	167970	0	0	0	237188	212718	0	0	136731	483249	84971	0	0	0	0	0	1961496	0	0	0	0	0	0	0	0	0	27433122	0
FFQ	55	4858	0	0	0	0	0	0	0	0	0	0	0	0	221052	165179	0	0	0	222955	188963	0	0	116023	509565	67848	0	0	0	0	0	1945218	0	0	0	0	0	0	0	0	0	27487482	0
FFQ	56	9570	0	0	0	0	0	0	0	0	0	0	0	0	316810	247357	0	0	0	359374	285814	0	0	173147	472947	111172	0	0	0	0	0	2058157	0	0	0	0	0	0	0	0	0	26883104	0
FFQ	57	390	0	0	0	0	0	0	0	0	0	0	0	0	334909	280669	0	0	0	400803	301308	0	0	183232	560004	123778	0	0	0	0	0	2191774	0	0	0	0	0	0	0	0	0	26528947	0
FFQ	58	964	0	0	0	0	0	0	0	0	0	0	0	0	317067	259359	0	0	0	350525	265257	0	0	155286	605038	97416	0	0	0	0	0	2125955	0	0	0	0	0	0	0	0	0	26717759	0
FFQ	59	4749	0	0	0	0	0	0	0	0	0	0	0	0	402318	238049	0	0	0	272481	322906	0	0	188786	545688	81035	0	0	0	0	0	2132226	0	0	0	0	0	0	0	0	0	26695125	0
FFQ	60	517	0	0	0	0	0	0	0	0	0	0	0	0	292382	219400	0	0	0	281556	267288	0	0	166775	531063	96158	0	0	0	0	0	2192457	0	0	0	0	0	0	0	0	0	26824652	0
FFQ	61	2050	0	0	0	0	0	0	0	0	0	0	0	0	321426	229462	0	0	0	287579	301897	0	0	183163	480582	100602	0	0	0	0	0	2065693	0	0	0	0	0	0	0	0	0	26888133	0
FFQ	62	550	0	0	0	0	0	0	0	0	0	0	0	0	205932	151377	0	0	0	193262	190093	0	0	120062	396934	70615	0	0	0	0	0	1877172	0	0	0	0	0	0	0	0	0	27642786	0
FFQ	63	1490	0	0	0	0	0	0	0	0	0	0	0	0	177250	134734	0	0	0	177950	178028	0	0	117151	350333	69564	0	0	0	0	0	1757375	0	0	0	0	0	0	0	0	0	27873205	0
FFQ	64	3440	0	0	0	0	0	0	0	0	0	0	0	0	162334	122300	0	0	0	167747	172017	0	0	116674	297344	67289	0	0	0	0	0	1707157	0	0	0	0	0	0	0	0	0	28008102	0
FFQ	65	943	0	0	0	0	0	0	0	0	0	0	0	0	145836	110925	0	0	0	154585	155986	0	0	106741	285888	61128	0	0	0	0	0	1639573	0	0	0	0	0	0	0	0	0	28149243	0
FFQ	66	637	0	0	0	0	0	0	0	0	0	0	0	0	142786	106188	0	0	0	151586	159482	0	0	111258	294133	60884	0	0	0	0	0	1635098	0	0	0	0	0	0	0	0	0	28136409	0
FFQ	67	783	0	0	0	0	0	0	0	0	0	0	0	0	143093	109408	0	0	0	159500	156178	0	0	109443	275252	59267	0	0	0	0	0	1597872	0	0	0	0	0	0	0	0	0	28175776	0
FFQ	68	52559	0	0	0	0	0	0	0	0	0	0	0	0	136933	101745	0	0	0	145991	153228	0	0	105698	256025	58897	0	0	0	0	0	1571755	0	0	0	0	0	0	0	0	0	28191861	0
FFQ	69	893	0	0	0	0	0	0	0	0	0	0	0	0	142714	107759	0	0	0	155073	157310	0	0	110639	270330	59597	0	0	0	0	0	1598716	0	0	0	0	0	0	0	0	0	28158213	0
FFQ	70	487	0	0	0	0	0	0	0	0	0	0	0	0	150756	111734	0	0	0	158461	157657	0	0	106746	328533	58887	0	0	0	0	0	1684283	0	0	0	0	0	0	0	0	0	27990659	0
FFQ	71	2453	0	0	0	0	0	0	0	0	0	0	0	0	193425	138396	0	0	0	196559	163864	0	0	99171	506006	61519	0	0	0	0	0	1988583	0	0	0	0	0	0	0	0	0	27385280	0
FFQ	72	4082	0	0	0	0	0	0	0	0	0	0	0	0	360062	255531	0	0	0	332647	300939	0	0	169047	680442	107520	0	0	0	0	0	2348462	0	0	0	0	0	0	0	0	0	26162632	0
FFQ	73	7894	0	0	0	0	0	0	0	0	0	0	0	0	682860	467849	0	0	0	783172	548010	0	0	307907	703922	260855	0	0	0	0	0	2752414	0	0	0	0	0	0	0	0	0	24193814	0
FFQ	74	311	0	0	0	0	0	0	0	0	0	0	0	0	630494	513625	0	0	0	641275	449088	0	0	236802	813562	174696	0	0	0	0	0	2766920	0	0	0	0	0	0	0	0	0	24469250	0
FFQ	75	509	0	0	0	0	0	0	0	0	0	0	0	0	563690	477822	0	0	0	636388	387112	0	0	203224	873690	158736	0	0	0	0	0	2778778	0	0	0	0	0	0	0	0	0	24602541	0
FFQ	76	334	0	0	0	0	0	0	0	0	0	0	0	0	464297	381714	0	0	0	513241	309018	0	0	162302	876224	124162	0	0	0	0	0	2741293	0	0	0	0	0	0	0	0	0	25095262	0
FFQ	77	782	0	0	0	0	0	0	0	0	0	0	0	0	479156	401149	0	0	0	526730	339953	0	0	181500	830562	135110	0	0	0	0	0	2782533	0	0	0	0	0	0	0	0	0	24975608	0
FFQ	78	3148	0	0	0	0	0	0	0	0	0	0	0	0	512959	441428	0	0	0	586310	393067	0	0	213843	768628	164930	0	0	0	0	0	2803399	0	0	0	0	0	0	0	0	0	24750579	0
FFQ	79	1060	0	0	0	0	0	0	0	0	0	0	0	0	497753	425258	0	0	0	558411	372808	0	0	202488	771052	151691	0	0	0	0	0	2756903	0	0	0	0	0	0	0	0	0	24886956	0
FFQ	80	2805	0	0	0	0	0	0	0	0	0	0	0	0	456471	386170	0	0	0	506690	337047	0	0	182382	773033	134266	0	0	0	0	0	2723860	0	0	0	0	0	0	0	0	0	25107919	0
FFQ	81	6981	0	0	0	0	0	0	0	0	0	0	0	0	432196	360059	0	0	0	488140	332268	0	0	182398	719131	136680	0	0	0	0	0	2711662	0	0	0	0	0	0	0	0	0	25227389	0
FFQ	82	7919	0	0	0	0	0	0	0	0	0	0	0	0	396870	329889	0	0	0	435276	323174	0	0	181369	679478	130431	0	0	0	0	0	2689447	0	0	0	0	0	0	0	0	0	25408280	0
FFQ	83	533	0	0	0	0	0	0	0	0	0	0	0	0	378761	315549	0	0	0	414777	320053	0	0	183352	648265	127449	0	0	0	0	0	2647465	0	0	0	0	0	0	0	0	0	25530739	0
FFQ	84	386	0	0	0	0	0	0	0	0	0	0	0	0	352230	289399	0	0	0	379333	297021	0	0	170790	619417	120128	0	0	0	0	0	2605319	0	0	0	0	0	0	0	0	0	25716613	0
FFQ	85	269	0	0	0	0	0	0	0	0	0	0	0	0	353502	289601	0	0	0	377861	290573	0	0	165556	635483	116258	0	0	0	0	0	2627693	0	0	0	0	0	0	0	0	0	25675992	0
FFQ	86	536	0	0	0	0	0	0	0	0	0	0	0	0	365205	299208	0	0	0	394655	297981	0	0	167998	640225	121978	0	0	0	0	0	2663066	0	0	0	0	0	0	0	0	0	25565012	0
FFQ	87	276	0	0	0	0	0	0	0	0	0	0	0	0	409333	350140	0	0	0	455200	356628	0	0	204455	642605	147750	0	0	0	0	0	2762627	0	0	0	0	0	0	0	0	0	25170983	0
FFQ	88	710	0	0	0	0	0	0	0	0	0	0	0	0	402596	335249	0	0	0	438967	335561	0	0	188353	644642	138491	0	0	0	0	0	2758110	0	0	0	0	0	0	0	0	0	25241853	0
FFQ	89	226	0	0	0	0	0	0	0	0	0	0	0	0	401970	345392	0	0	0	415029	326218	0	0	178922	652069	127061	0	0	0	0	0	2730938	0	0	0	0	0	0	0	0	0	25290763	0
FFQ	90	444	0	0	0	0	0	0	0	0	0	0	0	0	378992	306981	0	0	0	403668	313219	0	0	177875	645201	128298	0	0	0	0	0	2772326	0	0	0	0	0	0	0	0	0	25325408	0
FFQ	91	518	0	0	0	0	0	0	0	0	0	0	0	0	374608	299186	0	0	0	402285	314800	0	0	181349	607803	128799	0	0	0	0	0	2764414	0	0	0	0	0	0	0	0	0	25362524	0
FFQ	92	25429	0	0	0	0	0	0	0	0	0	0	0	0	354693	281915	0	0	0	372949	309663	0	0	179236	586450	127755	0	0	0	0	0	2754676	0	0	0	0	0	0	0	0	0	25427157	0
FFQ	93	606	0	0	0	0	0	0	0	0	0	0	0	0	343687	273735	0	0	0	369071	299114	0	0	173618	566871	125201	0	0	0	0	0	2749745	0	0	0	0	0	0	0	0	0	25501416	0
FFQ	94	511	0	0	0	0	0	0	0	0	0	0	0	0	328035	254249	0	0	0	344393	285263	0	0	166465	564801	120428	0	0	0	0	0	2743122	0	0	0	0	0	0	0	0	0	25577233	0
FFQ	95	173	0	0	0	0	0	0	0	0	0	0	0	0	330979	255672	0	0	0	347738	287866	0	0	167532	562364	122064	0	0	0	0	0	2777121	0	0	0	0	0	0	0	0	0	25514206	0
FFQ	96	215	0	0	0	0	0	0	0	0	0	0	0	0	336969	265135	0	0	0	356749	292327	0	0	171355	576144	123925	0	0	0	0	0	2816759	0	0	0	0	0	0	0	0	0	25407100	0
FFQ	97	136	0	0	0	0	0	0	0	0	0	0	0	0	362674	309238	0	0	0	367007	321711	0	0	182855	580996	126787	0	0	0	0	0	2859093	0	0	0	0	0	0	0	0	0	25217329	0
FFQ	98	198	0	0	0	0	0	0	0	0	0	0	0	0	371169	298010	0	0	0	393815	323765	0	0	187160	591870	137783	0	0	0	0	0	2923661	0	0	0	0	0	0	0	0	0	25081513	0
FFQ	99	3021	0	0	0	0	0	0	0	0	0	0	0	0	372902	296172	0	0	0	390881	315696	0	0	180825	611464	132977	0	0	0	0	0	2956142	0	0	0	0	0	0	0	0	0	25030492	0
FFQ	100	2156	0	0	0	0	0	0	0	0	0	0	0	0	377449	291423	0	0	0	393248	308173	0	0	175786	609834	131421	0	0	0	0	0	2995911	0	0	0	0	0	0	0	0	0	24986774	0
FFQ	101	10200	0	0	0	0	0	0	0	0	0	0	0	0	381731	301658	0	0	0	400943	331686	0	0	189865	597191	138080	0	0	0	0	0	3022576	0	0	0	0	0	0	0	0	0	24879044	0
FFQ	102	366	0	0	0	0	0	0	0	0	0	0	0	0	396529	290974	0	0	0	398745	342180	0	0	197960	574482	148837	0	0	0	0	0	3030291	0	0	0	0	0	0	0	0	0	24852098	0
FFQ	103	1313	0	0	0	0	0	0	0	0	0	0	0	0	338553	260184	0	0	0	348378	283060	0	0	164810	583712	124413	0	0	0	0	0	3008694	0	0	0	0	0	0	0	0	0	25098512	0
FFQ	104	431	0	0	0	0	0	0	0	0	0	0	0	0	334185	251939	0	0	0	348206	281552	0	0	165589	581231	127646	0	0	0	0	0	3036321	0	0	0	0	0	0	0	0	0	25063746	0
FFQ	105	2492	0	0	0	0	0	0	0	0	0	0	0	0	352290	265647	0	0	0	369067	299020	0	0	174302	542626	133261	0	0	0	0	0	3029011	0	0	0	0	0	0	0	0	0	25002249	0
FFQ	106	44103	0	0	0	0	0	0	0	0	0	0	0	0	327941	251548	0	0	0	346719	289457	0	0	173028	531538	130441	0	0	0	0	0	3053275	0	0	0	0	0	0	0	0	0	25000796	0
FFQ	107	277	0	0	0	0	0	0	0	0	0	0	0	0	338879	256376	0	0	0	358070	288901	0	0	171111	543324	129591	0	0	0	0	0	3092078	0	0	0	0	0	0	0	0	0	24948123	0
FFQ	108	184	0	0	0	0	0	0	0	0	0	0	0	0	336860	254300	0	0	0	348573	287284	0	0	168754	564580	127260	0	0	0	0	0	3144695	0	0	0	0	0	0	0	0	0	24871179	0
FFQ	109	263	0	0	0	0	0	0	0	0	0	0	0	0	352633	269542	0	0	0	363557	304546	0	0	177662	559674	133126	0	0	0	0	0	3218064	0	0	0	0	0	0	0	0	0	24701436	0
FFQ	110	249	0	0	0	0	0	0	0	0	0	0	0	0	370117	284578	0	0	0	379028	322994	0	0	189122	566047	140291	0	0	0	0	0	3279347	0	0	0	0	0	0	0	0	0	24525776	0
FFQ	111	630	0	0	0	0	0	0	0	0	0	0	0	0	375250	287038	0	0	0	385000	314853	0	0	181101	585576	138339	0	0	0	0	0	3322341	0	0	0	0	0	0	0	0	0	24443704	0
FFQ	112	242	0	0	0	0	0	0	0	0	0	0	0	0	388128	293383	0	0	0	392563	315954	0	0	179980	609895	138128	0	0	0	0	0	3403498	0	0	0	0	0	0	0	0	0	24288400	0
FFQ	113	106	0	0	0	0	0	0	0	0	0	0	0	0	411281	315723	0	2	0	415830	337069	0	0	189962	626053	145905	0	0	0	0	0	3490138	0	0	0	0	0	0	0	0	0	24054006	0
FFQ	114	109	0	0	0	0	0	0	0	0	0	0	0	0	429873	332157	0	3	0	435470	349684	0	0	196712	652123	152215	0	0	0	0	0	3588042	0	0	0	0	0	0	0	0	0	23824388	0
FFQ	115	130	0	0	0	0	0	0	0	0	0	0	0	0	458172	351885	0	22	0	463825	356360	0	0	196701	713017	155621	0	0	0	0	0	3716426	0	0	0	0	0	0	0	0	0	23523205	0
FFQ	116	203	0	0	0	0	0	0	0	0	0	0	0	0	628401	474938	0	119	0	622279	290113	0	2	135535	1699677	123074	0	0	0	0	0	4722789	0	0	0	0	0	0	0	0	0	21211918	0
FFQ	117	171	0	0	0	0	0	0	0	0	0	0	0	0	731845	586251	0	1269	0	762313	361368	0	50	163475	1928648	148626	0	0	0	0	0	5412922	0	0	0	0	0	0	0	0	0	19784355	0
FFQ	118	1725	0	0	0	0	0	0	0	0	0	0	0	0	2288824	2399349	0	32362	0	1471496	1810425	0	1992	786521	1028810	468398	0	0	0	0	0	4143416	0	0	0	0	0	0	0	0	0	15418269	0
FFQ	119	105479	0	0	0	0	0	0	0	0	0	0	0	0	723365	556169	0	735046	0	0	319957	0	48502	148268	2180836	29581	0	0	0	0	0	4883164	0	0	0	0	0	0	0	0	0	20092233	0
FFQ	120	131	0	0	0	0	0	0	0	0	0	0	0	0	712957	535712	0	712541	0	0	289812	0	43658	132638	2002328	27006	0	0	0	0	0	4555004	0	0	0	0	0	0	0	0	0	20781768	0
FFQ	121	833	0	0	0	0	0	0	0	0	0	0	0	0	810419	641646	0	680170	0	0	573131	0	107812	287063	1135669	79850	0	0	0	0	0	4514457	0	0	0	0	0	0	0	0	0	20932398	0
FFQ	122	646	0	0	0	0	0	0	0	0	0	0	0	0	561202	420306	0	545417	0	0	380307	0	59853	202399	1241139	43168	0	0	0	0	0	4596480	0	0	0	0	0	0	0	0	0	21681842	0
FFQ	123	94	0	0	0	0	0	0	0	0	0	0	0	0	553222	416480	0	540420	0	0	382062	0	62818	201319	1152660	46970	0	0	0	0	0	4400012	0	0	0	0	0	0	0	0	0	21945763	0
FFQ	124	292	0	0	0	0	0	0	0	0	0	0	0	0	533258	399144	0	511510	0	0	384118	0	63380	205425	1053368	48273	0	0	0	0	0	4511745	0	0	0	0	0	0	0	0	0	21958411	0
FFQ	125	136	0	0	0	0	0	0	0	0	0	0	0	0	560283	423351	0	541541	0	0	396956	0	67000	211116	1118832	51462	0	0	0	0	0	4611064	0	0	0	0	0	0	0	0	0	21651633	0
FFQ	126	73	0	0	0	0	0	0	0	0	0	0	0	0	739239	555297	0	687462	0	0	350161	0	60463	162944	1850546	39959	0	0	0	0	0	5135465	0	0	0	0	0	0	0	0	0	20011670	0
FFQ	127	1202	0	0	0	0	0	0	0	0	0	0	0	0	927502	733324	0	910274	0	0	314501	0	55296	131151	3178855	32271	0	0	0	0	0	5861328	0	0	0	0	0	0	0	0	0	17402946	0
FFQ	128	131	0	0	0	0	0	0	0	0	0	0	0	0	2426019	2848125	0	2023056	0	0	812700	0	139086	306819	2849902	72361	0	0	0	0	0	5231522	0	0	0	0	0	0	0	0	0	12768528	0
FFQ	129	1190	0	0	0	0	0	0	0	0	0	0	0	0	2390790	3100916	0	2198833	0	0	578533	0	118698	210657	3794090	56991	0	0	0	0	0	5545712	0	0	0	0	0	0	0	0	0	11422148	0
FFQ	130	115	0	0	0	0	0	0	0	0	0	0	0	0	2360895	3353460	0	2459323	0	0	480634	0	111175	172845	4581353	51816	0	0	0	0	0	5507285	0	0	0	0	0	0	0	0	0	10286045	0
FFQ	131	170	0	0	0	0	0	0	0	0	0	0	0	0	2103732	2798259	0	2762448	0	0	514425	0	185431	188992	4427452	93954	0	0	0	0	0	6210281	0	0	0	0	0	0	0	0	0	10026190	0
FFQ	132	241	0	0	0	0	0	0	0	0	0	0	0	0	1782764	2432080	0	2242472	0	0	429812	0	141316	163755	5415684	79853	0	0	0	0	0	6689318	0	0	0	0	0	0	0	0	0	9880445	0
FFQ	133	1123	0	0	0	0	0	0	0	0	0	0	0	0	1771881	2551418	0	2021733	0	0	482387	0	170209	186194	5024234	99083	0	0	0	0	0	6479480	0	0	0	0	0	0	0	0	0	10412130	0
FFQ	134	2706	0	0	0	0	0	0	0	0	0	0	0	0	1848915	2517828	0	1944395	0	0	526709	0	168084	208483	4133327	94546	0	0	0	0	0	5889039	0	0	0	0	0	0	0	0	0	11802765	0
FFQ	135	1647	0	0	0	0	0	0	0	0	0	0	0	0	1560875	2222847	0	1894114	0	0	536184	0	135832	217557	3516458	74494	0	0	0	0	0	5342721	0	0	0	0	0	0	0	0	0	13569164	0
FFQ	136	26467	0	0	0	0	0	0	0	0	0	0	0	0	1695131	1514062	0	1807968	0	0	440488	0	101645	184909	2729660	57818	0	0	0	0	0	5291567	0	0	0	0	0	0	0	0	0	15150703	0
FFQ	137	238969	0	0	0	0	0	0	0	0	0	0	0	0	1214863	1254150	0	1372710	0	0	417404	0	80762	187380	2588268	49110	0	0	0	0	0	5385734	0	0	0	0	0	0	0	0	0	16135725	0
FFQ	138	2320	0	0	0	0	0	0	0	0	0	0	0	0	1051340	1071801	0	1140840	0	0	403501	0	73282	191184	2507370	47853	0	0	0	0	0	5432548	0	0	0	0	0	0	0	0	0	16920848	0
FFQ	139	76592	0	0	0	0	0	0	0	0	0	0	0	0	895372	940420	0	986240	0	0	403355	0	79745	195294	2265250	52705	0	0	0	0	0	5402124	0	0	0	0	0	0	0	0	0	17442935	0
FFQ	140	246132	0	0	0	0	0	0	0	0	0	0	0	0	815483	874640	0	961347	0	0	442119	0	92654	215929	1901982	62426	0	0	0	0	0	5440974	0	0	0	0	0	0	0	0	0	17560429	0
FFQ	141	51668	0	0	0	0	0	0	0	0	0	0	0	0	807275	804616	0	903075	0	0	419190	0	91931	208100	1818788	62567	0	0	0	0	0	5504150	0	0	0	0	0	0	0	0	0	17769550	0
FFQ	142	301	0	0	0	0	0	0	0	0	0	0	0	0	733067	748314	0	928234	0	0	413757	0	93906	204534	1884134	64082	0	0	0	0	0	5581870	0	0	0	0	0	0	0	0	0	17531422	0
FFQ	143	153	0	0	0	0	0	0	0	0	0	0	0	0	740665	771517	0	886616	0	0	383514	0	90643	179910	2041613	59341	0	0	0	0	0	5743761	0	0	0	0	0	0	0	0	0	17062397	0
FFQ	144	76	0	0	0	0	0	0	0	0	0	0	0	0	807973	834952	0	935877	0	0	372250	0	90873	163994	2386604	57020	0	0	0	0	0	6006136	0	0	0	0	0	0	0	0	0	15919558	0
FFQ	145	36	0	0	0	0	0	0	0	0	0	0	0	0	1158143	1322258	0	1235058	0	0	581262	0	127494	243951	2477533	76575	0	0	0	0	0	5816389	0	0	0	0	0	0	0	0	0	13617082	0
FFQ	146	159	0	0	0	0	0	0	0	0	0	0	0	0	1078651	1469128	0	1145979	0	0	559499	0	107638	232675	2589434	58294	0	0	0	0	0	5487610	0	0	0	0	0	0	0	0	0	11961997	0
FFQ	147	129	0	0	0	0	0	0	0	0	0	0	0	0	853039	1371875	0	981375	0	0	440256	0	132932	433466	2380772	75214	0	0	0	0	0	5684501	0	0	0	0	0	0	0	0	0	11220823	0
FFQ	148	0	0	0	0	0	0	0	0	0	0	0	0	0	0	0	0	0	0	0	0	0	78275	6713656	77068	0	0	0	0	0	0	3285144	0	0	0	0	0	0	0	0	0	9438511	0
# Last Fragment Qualities. Use `grep ^LFQ | cut -f 2-` to extract this part.
# Columns correspond to qualities and rows to cycles. First column is the cycle number.
LFQ	1	0	0	0	0	0	0	0	0	0	0	0	0	0	0	0	0	0	0	0	0	0	0	120586	284159	71731	0	0	0	0	0	19597698	0	0	0	0	0	0	0	0	0	11062425	0
LFQ	2	214	0	0	0	0	0	0	0	0	0	0	0	0	11181	12290	0	0	0	32169	16757	0	0	11655	59387	28715	0	0	0	0	0	6943607	0	0	0	0	0	0	0	0	0	24020624	0
LFQ	3	364	0	0	0	0	0	0	0	0	0	0	0	0	10077	12977	0	0	0	19140	25304	0	0	21316	41857	21542	0	0	0	0	0	3948895	0	0	0	0	0	0	0	0	0	27035127	0
LFQ	4	887	0	0	0	0	0	0	0	0	0	0	0	0	21510	17452	0	0	0	19542	45063	0	0	39845	62545	16108	0	0	0	0	0	2426213	0	0	0	0	0	0	0	0	0	28487434	0
LFQ	5	9442	0	0	0	0	0	0	0	0	0	0	0	0	19189	16041	0	0	0	14984	41366	0	0	37841	56175	13766	0	0	0	0	0	1251404	0	0	0	0	0	0	0	0	0	29676391	0
LFQ	6	556	0	0	0	0	0	0	0	0	0	0	0	0	21947	17500	0	0	0	18876	46316	0	0	40828	60818	16449	0	0	0	0	0	1542436	0	0	0	0	0	0	0	0	0	29370873	0
LFQ	7	523	0	0	0	0	0	0	0	0	0	0	0	0	18100	18114	0	0	0	18584	43344	0	0	38851	60680	18614	0	0	0	0	0	1304106	0	0	0	0	0	0	0	0	0	29615683	0
LFQ	8	523	0	0	0	0	0	0	0	0	0	0	0	0	21225	19547	0	0	0	16369	47967	0	0	43037	71334	15849	0	0	0	0	0	1416904	0	0	0	0	0	0	0	0	0	29483844	0
LFQ	9	676	0	0	0	0	0	0	0	0	0	0	0	0	20979	20801	0	0	0	16255	48722	0	0	43664	71652	15149	0	0	0	0	0	890208	0	0	0	0	0	0	0	0	0	30008493	0
LFQ	10	13606	0	0	0	0	0	0	0	0	0	0	0	0	25995	20930	0	0	0	22626	58036	0	0	50535	68438	21854	0	0	0	0	0	899808	0	0	0	0	0	0	0	0	0	29954771	0
LFQ	11	2110	0	0	0	0	0	0	0	0	0	0	0	0	30002	23002	0	0	0	16468	60872	0	0	53088	87026	12920	0	0	0	0	0	1047692	0	0	0	0	0	0	0	0	0	29803419	0
LFQ	12	3094	0	0	0	0	0	0	0	0	0	0	0	0	32794	28131	0	0	0	22433	75162	0	0	67990	105099	20244	0	0	0	0	0	1123931	0	0	0	0	0	0	0	0	0	29657721	0
LFQ	13	516	0	0	0	0	0	0	0	0	0	0	0	0	33876	28214	0	0	0	27873	73648	0	0	65572	94103	23833	0	0	0	0	0	1107843	0	0	0	0	0	0	0	0	0	29681121	0
LFQ	14	1512	0	0	0	0	0	0	0	0	0	0	0	0	38023	30583	0	0	0	34170	77519	0	0	67560	125211	25834	0	0	0	0	0	1125000	0	0	0	0	0	0	0	0	0	29611187	0
LFQ	15	1505	0	0	0	0	0	0	0	0	0	0	0	0	46331	36558	0	0	0	40479	81951	0	0	67229	135730	27775	0	0	0	0	0	1134962	0	0	0	0	0	0	0	0	0	29564079	0
LFQ	16	50878	0	0	0	0	0	0	0	0	0	0	0	0	60132	46714	0	0	0	56812	94477	0	0	73101	131721	32795	0	0	0	0	0	1102120	0	0	0	0	0	0	0	0	0	29487849	0
LFQ	17	2862	0	0	0	0	0	0	0	0	0	0	0	0	71806	57821	0	0	0	72551	115138	0	0	90912	229090	44353	0	0	0	0	0	1366450	0	0	0	0	0	0	0	0	0	29085616	0
LFQ	18	18218	0	0	0	0	0	0	0	0	0	0	0	0	85838	67993	0	0	0	86322	128247	0	0	98155	241368	50033	0	0	0	0	0	1381487	0	0	0	0	0	0	0	0	0	28978938	0
LFQ	19	142916	0	0	0	0	0	0	0	0	0	0	0	0	87734	68108	0	0	0	78530	122214	0	0	89099	178638	44764	0	0	0	0	0	1318238	0	0	0	0	0	0	0	0	0	29006358	0
LFQ	20	880	0	0	0	0	0	0	0	0	0	0	0	0	105063	75105	0	0	0	93309	132079	0	0	91053	234480	50609	0	0	0	0	0	1349325	0	0	0	0	0	0	0	0	0	29004696	0
LFQ	21	10738	0	0	0	0	0	0	0	0	0	0	0	0	102099	83884	0	0	0	93138	142911	0	0	105684	272058	48846	0	0	0	0	0	1472144	0	0	0	0	0	0	0	0	0	28805097	0
LFQ	22	1289	0	0	0	0	0	0	0	0	0	0	0	0	107442	87852	0	0	0	100795	147283	0	0	107506	250699	52251	0	0	0	0	0	1585834	0	0	0	0	0	0	0	0	0	28695648	0
LFQ	23	50889	0	0	0	0	0	0	0	0	0	0	0	0	111795	91567	0	0	0	106633	148781	0	0	105769	228532	53810	0	0	0	0	0	1472473	0	0	0	0	0	0	0	0	0	28766350	0
LFQ	24	38651	0	0	0	0	0	0	0	0	0	0	0	0	121981	95264	0	0	0	124960	164124	0	0	115445	224998	67257	0	0	0	0	0	1463475	0	0	0	0	0	0	0	0	0	28720444	0
LFQ	25	800	0	0	0	0	0	0	0	0	0	0	0	0	108196	87996	0	0	0	107043	141712	0	0	100842	239168	53669	0	0	0	0	0	1425084	0	0	0	0	0	0	0	0	0	28872089	0
LFQ	26	304	0	0	0	0	0	0	0	0	0	0	0	0	107071	87739	0	0	0	104326	141995	0	0	100870	232007	53787	0	0	0	0	0	1439244	0	0	0	0	0	0	0	0	0	28869256	0
LFQ	27	918	0	0	0	0	0	0	0	0	0	0	0	0	105153	86182	0	0	0	104182	140144	0	0	100538	209724	51753	0	0	0	0	0	1435712	0	0	0	0	0	0	0	0	0	28902293	0
LFQ	28	1237	0	0	0	0	0	0	0	0	0	0	0	0	109723	95353	0	0	0	128017	151716	0	0	108343	205729	59404	0	0	0	0	0	1407031	0	0	0	0	0	0	0	0	0	28870046	0
LFQ	29	364	0	0	0	0	0	0	0	0	0	0	0	0	112960	89453	0	0	0	112508	137052	0	0	98445	317474	50128	0	0	0	0	0	1497821	0	0	0	0	0	0	0	0	0	28720394	0
LFQ	30	1929	0	0	0	0	0	0	0	0	0	0	0	0	123990	100798	0	0	0	132923	141468	0	0	98972	321383	50450	0	0	0	0	0	1491347	0	0	0	0	0	0	0	0	0	28673339	0
LFQ	31	168993	0	0	0	0	0	0	0	0	0	0	0	0	150951	131734	0	0	0	190778	200195	0	0	134560	277811	68644	0	0	0	0	0	1519707	0	0	0	0	0	0	0	0	0	28293226	0
LFQ	32	1642	0	0	0	0	0	0	0	0	0	0	0	0	154844	129367	0	0	0	166687	179188	0	0	125124	347934	63441	0	0	0	0	0	1617672	0	0	0	0	0	0	0	0	0	28350700	0
LFQ	33	50191	0	0	0	0	0	0	0	0	0	0	0	0	157246	132874	0	0	0	166889	186094	0	0	127061	376761	65291	0	0	0	0	0	1627800	0	0	0	0	0	0	0	0	0	28246392	0
LFQ	34	2433	0	0	0	0	0	0	0	0	0	0	0	0	155835	130294	0	0	0	162369	178259	0	0	121474	314819	64828	0	0	0	0	0	1689061	0	0	0	0	0	0	0	0	0	28317227	0
LFQ	35	26476	0	0	0	0	0	0	0	0	0	0	0	0	155080	128293	0	0	0	160934	174004	0	0	118061	323893	63585	0	0	0	0	0	1621453	0	0	0	0	0	0	0	0	0	28364820	0
LFQ	36	213	0	0	0	0	0	0	0	0	0	0	0	0	172731	142648	0	0	0	189009	199216	0	0	134460	322017	69728	0	0	0	0	0	1653159	0	0	0	0	0	0	0	0	0	28253418	0
LFQ	37	570	0	0	0	0	0	0	0	0	0	0	0	0	184015	146449	0	0	0	180051	198548	0	0	130028	329773	69800	0	0	0	0	0	1605122	0	0	0	0	0	0	0	0	0	28282795	0
LFQ	38	17512	0	0	0	0	0	0	0	0	0	0	0	0	176126	148403	0	0	0	198925	197832	0	0	130601	305110	71738	0	0	0	0	0	1610489	0	0	0	0	0	0	0	0	0	28260576	0
LFQ	39	179	0	0	0	0	0	0	0	0	0	0	0	0	164256	134522	0	0	0	171385	177032	0	0	119265	318195	63922	0	0	0	0	0	1600735	0	0	0	0	0	0	0	0	0	28357623	0
LFQ	40	356	0	0	0	0	0	0	0	0	0	0	0	0	177544	145601	0	0	0	181732	187874	0	0	125769	324870	65747	0	0	0	0	0	1587502	0	0	0	0	0	0	0	0	0	28298554	0
LFQ	41	2217	0	0	0	0	0	0	0	0	0	0	0	0	176938	140453	0	0	0	185289	189421	0	0	126101	341290	66687	0	0	0	0	0	1612739	0	0	0	0	0	0	0	0	0	28244354	0
LFQ	42	14437	0	0	0	0	0	0	0	0	0	0	0	0	200834	158157	0	0	0	196935	208527	0	0	133795	350780	71518	0	0	0	0	0	1617765	0	0	0	0	0	0	0	0	0	28123041	0
LFQ	43	22320	0	0	0	0	0	0	0	0	0	0	0	0	199125	164940	0	0	0	212946	217204	0	0	143887	347572	76811	0	0	0	0	0	1675250	0	0	0	0	0	0	0	0	0	28005830	0
LFQ	44	19203	0	0	0	0	0	0	0	0	0	0	0	0	193609	159799	0	0	0	199178	208964	0	0	140345	364853	72425	0	0	0	0	0	1671386	0	0	0	0	0	0	0	0	0	28026201	0
LFQ	45	159	0	0	0	0	0	0	0	0	0	0	0	0	191414	153223	0	0	0	196982	198749	0	0	130749	359277	69990	0	0	0	0	0	1660532	0	0	0	0	0	0	0	0	0	28084262	0
LFQ	46	167	0	0	0	0	0	0	0	0	0	0	0	0	204363	161382	0	0	0	203549	213034	0	0	136579	342195	75460	0	0	0	0	0	1653112	0	0	0	0	0	0	0	0	0	28045099	0
LFQ	47	494	0	0	0	0	0	0	0	0	0	0	0	0	191779	154712	0	0	0	199051	198298	0	0	128081	353588	69198	0	0	0	0	0	1668600	0	0	0	0	0	0	0	0	0	28060795	0
LFQ	48	358	0	0	0	0	0	0	0	0	0	0	0	0	201935	165429	0	0	0	208249	207049	0	0	133339	369999	71335	0	0	0	0	0	1700499	0	0	0	0	0	0	0	0	0	27956393	0
LFQ	49	409	0	0	0	0	0	0	0	0	0	0	0	0	223122	185798	0	0	0	234066	234695	0	0	152310	452958	81544	0	0	0	0	0	1845567	0	0	0	0	0	0	0	0	0	27594400	0
LFQ	50	838	0	0	0	0	0	0	0	0	0	0	0	0	240564	207396	0	0	0	263177	238613	0	0	154414	452513	82311	0	0	0	0	0	1843564	0	0	0	0	0	0	0	0	0	27511365	0
LFQ	51	31832	0	0	0	0	0	0	0	0	0	0	0	0	236559	194020	0	0	0	384419	238489	0	0	150595	391395	81696	0	0	0	0	0	1793266	0	0	0	0	0	0	0	0	0	27482526	0
LFQ	52	432	0	0	0	0	0	0	0	0	0	0	0	0	234463	184687	0	0	0	255779	212201	0	0	136047	496287	71315	0	0	0	0	0	1845964	0	0	0	0	0	0	0	0	0	27537349	0
LFQ	53	2099	0	0	0	0	0	0	0	0	0	0	0	0	235851	192957	0	0	0	257661	205632	0	0	131817	522116	70867	0	0	0	0	0	1858583	0	0	0	0	0	0	0	0	0	27485490	0
LFQ	54	53558	0	0	0	0	0	0	0	0	0	0	0	0	242802	190704	0	0	0	316563	232118	0	0	144408	422028	79008	0	0	0	0	0	1859202	0	0	0	0	0	0	0	0	0	27409834	0
LFQ	55	150	0	0	0	0	0	0	0	0	0	0	0	0	262528	216255	0	0	0	298787	259462	0	0	167229	454690	83486	0	0	0	0	0	1910038	0	0	0	0	0	0	0	0	0	27284937	0
LFQ	56	6383	0	0	0	0	0	0	0	0	0	0	0	0	235916	189683	0	0	0	255317	219033	0	0	140578	510203	75463	0	0	0	0	0	1900493	0	0	0	0	0	0	0	0	0	27393449	0
LFQ	57	780	0	0	0	0	0	0	0	0	0	0	0	0	238832	191764	0	0	0	261973	220478	0	0	139726	452118	77694	0	0	0	0	0	1900389	0	0	0	0	0	0	0	0	0	27431563	0
LFQ	58	75816	0	0	0	0	0	0	0	0	0	0	0	0	240864	190870	0	0	0	253386	231326	0	0	144235	419110	79869	0	0	0	0	0	1892184	0	0	0	0	0	0	0	0	0	27377079	0
LFQ	59	124	0	0	0	0	0	0	0	0	0	0	0	0	260574	212168	0	0	0	277582	244551	0	0	152117	466869	84643	0	0	0	0	0	1967421	0	0	0	0	0	0	0	0	0	27227828	0
LFQ	60	151	0	0	0	0	0	0	0	0	0	0	0	0	274579	223904	0	0	0	286499	267393	0	0	166540	506560	92227	0	0	0	0	0	2025325	0	0	0	0	0	0	0	0	0	27039715	0
LFQ	61	508	0	0	0	0	0	0	0	0	0	0	0	0	285101	235409	0	0	0	303395	277986	0	0	172346	477744	97245	0	0	0	0	0	2078238	0	0	0	0	0	0	0	0	0	26944147	0
LFQ	62	28787	0	0	0	0	0	0	0	0	0	0	0	0	275483	224302	0	0	0	290147	263388	0	0	161669	481303	90923	0	0	0	0	0	2061462	0	0	0	0	0	0	0	0	0	26983578	0
LFQ	63	231	0	0	0	0	0	0	0	0	0	0	0	0	276582	224270	0	0	0	294642	252709	0	0	154575	483836	88023	0	0	0	0	0	2023143	0	0	0	0	0	0	0	0	0	27052213	0
LFQ	64	15441	0	0	0	0	0	0	0	0	0	0	0	0	280276	224708	0	0	0	294122	258640	0	0	157506	502278	90100	0	0	0	0	0	2057425	0	0	0	0	0	0	0	0	0	26957820	0
LFQ	65	146	0	0	0	0	0	0	0	0	0	0	0	0	300658	242453	0	0	0	318407	266365	0	0	161468	593201	93404	0	0	0	0	0	2192219	0	0	0	0	0	0	0	0	0	26657365	0
LFQ	66	4300	0	0	0	0	0	0	0	0	0	0	0	0	329003	274846	0	0	0	372391	275842	0	0	165629	594260	98459	0	0	0	0	0	2214013	0	0	0	0	0	0	0	0	0	26485422	0
LFQ	67	100892	0	0	0	0	0	0	0	0	0	0	0	0	347461	330529	0	0	0	419957	326816	0	0	191357	522846	122251	0	0	0	0	0	2201878	0	0	0	0	0	0	0	0	0	26239279	0
LFQ	68	12342	0	0	0	0	0	0	0	0	0	0	0	0	341259	273615	0	0	0	362015	275939	0	0	163965	578412	100932	0	0	0	0	0	2214012	0	0	0	0	0	0	0	0	0	26469579	0
LFQ	69	782	0	0	0	0	0	0	0	0	0	0	0	0	319014	257124	0	0	0	341855	267517	0	0	160258	604727	96472	0	0	0	0	0	2236106	0	0	0	0	0	0	0	0	0	26495886	0
LFQ	70	89	0	0	0	0	0	0	0	0	0	0	0	0	315495	254901	0	0	0	338709	278353	0	0	168201	548404	102072	0	0	0	0	0	2292700	0	0	0	0	0	0	0	0	0	26468869	0
LFQ	71	110	0	0	0	0	0	0	0	0	0	0	0	0	320819	254431	0	0	0	341957	278755	0	0	168454	559941	102673	0	0	0	0	0	2293734	0	0	0	0	0	0	0	0	0	26434695	0
LFQ	72	1131	0	0	0	0	0	0	0	0	0	0	0	0	334755	268853	0	0	0	366734	282094	0	0	169370	560954	104089	0	0	0	0	0	2295010	0	0	0	0	0	0	0	0	0	26359928	0
LFQ	73	35853	0	0	0	0	0	0	0	0	0	0	0	0	340154	275182	0	0	0	374189	297824	0	0	178458	551888	110135	0	0	0	0	0	2291128	0	0	0	0	0	0	0	0	0	26276817	0
LFQ	74	136	0	0	0	0	0	0	0	0	0	0	0	0	356282	276551	0	0	0	386290	293602	0	0	173953	562104	113772	0	0	0	0	0	2301860	0	0	0	0	0	0	0	0	0	26256174	0
LFQ	75	50	0	0	0	0	0	0	0	0	0	0	0	0	343095	276761	0	0	0	366573	290870	0	0	173246	588347	107703	0	0	0	0	0	2357439	0	0	0	0	0	0	0	0	0	26204871	0
LFQ	76	96	0	0	0	0	0	0	0	0	0	0	0	0	343320	278904	0	0	0	371053	289534	0	0	171029	580332	108239	0	0	0	0	0	2378418	0	0	0	0	0	0	0	0	0	26175047	0
LFQ	77	412	0	0	0	0	0	0	0	0	0	0	0	0	357859	288224	0	0	0	394948	295934	0	0	174942	612254	111613	0	0	0	0	0	2436847	0	0	0	0	0	0	0	0	0	26010157	0
LFQ	78	15702	0	0	0	0	0	0	0	0	0	0	0	0	370981	301468	0	0	0	416236	290246	0	0	169003	696037	108851	0	0	0	0	0	2515467	0	0	0	0	0	0	0	0	0	25786478	0
LFQ	79	49624	0	0	0	0	0	0	0	0	0	0	0	0	418221	338747	0	0	0	473687	314204	0	0	182354	676717	125751	0	0	0	0	0	2537214	0	0	0	0	0	0	0	0	0	25541980	0
LFQ	80	99090	0	0	0	0	0	0	0	0	0	0	0	0	441662	370917	0	0	0	527646	353257	0	0	201631	660915	138409	0	0	0	0	0	2588946	0	0	0	0	0	0	0	0	0	25264425	0
LFQ	81	278	0	0	0	0	0	0	0	0	0	0	0	0	429816	349009	0	0	0	477229	302697	0	0	171789	870873	112978	0	0	0	0	0	2751078	0	0	0	0	0	0	0	0	0	25169721	0
LFQ	82	1228	0	0	0	0	0	0	0	0	0	0	0	0	487970	393701	0	0	0	611405	313290	0	0	179106	801447	118293	0	0	0	0	0	2748847	0	0	0	0	0	0	0	0	0	24968193	0
LFQ	83	129422	0	0	0	0	0	0	0	0	0	0	0	0	460838	359678	0	0	0	671905	345431	0	0	195894	727823	128812	0	0	0	0	0	2824215	0	0	0	0	0	0	0	0	0	24767121	0
LFQ	84	900	0	0	0	0	0	0	0	0	0	0	0	0	479086	388111	0	0	0	562711	313751	0	0	178402	787418	123430	0	0	0	0	0	2838083	0	0	0	0	0	0	0	0	0	24925431	0
LFQ	85	77408	0	0	0	0	0	0	0	0	0	0	0	0	453037	377410	0	0	0	531009	341222	0	0	194068	817554	136964	0	0	0	0	0	2807816	0	0	0	0	0	0	0	0	0	24845928	0
LFQ	86	25686	0	0	0	0	0	0	0	0	0	0	0	0	431573	349631	0	0	0	482594	319720	0	0	182448	709422	127064	0	0	0	0	0	2859698	0	0	0	0	0	0	0	0	0	25080217	0
LFQ	87	91	0	0	0	0	0	0	0	0	0	0	0	0	417992	338489	0	0	0	463409	313707	0	0	180022	707471	125080	0	0	0	0	0	2833851	0	0	0	0	0	0	0	0	0	25175135	0
LFQ	88	156	0	0	0	0	0	0	0	0	0	0	0	0	409465	330466	0	0	0	452735	313928	0	0	181225	670296	126001	0	0	0	0	0	2836465	0	0	0	0	0	0	0	0	0	25222436	0
LFQ	89	5860	0	0	0	0	0	0	0	0	0	0	0	0	413785	333611	0	0	0	458081	312577	0	0	180060	676146	124450	0	0	0	0	0	2821182	0	0	0	0	0	0	0	0	0	25204789	0
LFQ	90	255	0	0	0	0	0	0	0	0	0	0	0	0	437914	353949	0	0	0	489103	312363	0	0	177683	844273	125300	0	0	0	0	0	2997540	0	0	0	0	0	0	0	0	0	24779235	0
LFQ	91	2547	0	0	0	0	0	0	0	0	0	0	0	0	493052	409144	0	0	0	585070	315308	0	0	177282	835222	127046	0	0	0	0	0	3037993	0	0	0	0	0	0	0	0	0	24522364	0
LFQ	92	238899	0	0	0	0	0	0	0	0	0	0	0	0	530940	462936	0	0	0	667113	381572	0	0	211220	843536	155763	0	0	0	0	0	3099613	0	0	0	0	0	0	0	0	0	23900764	0
LFQ	93	24038	0	0	0	0	0	0	0	0	0	0	0	0	579385	489073	0	0	0	695573	337808	0	0	185184	937554	134740	0	0	0	0	0	3195151	0	0	0	0	0	0	0	0	0	23900539	0
LFQ	94	110774	0	0	0	0	0	0	0	0	0	0	0	0	562892	508139	0	0	0	761009	381457	0	0	207596	962412	158888	0	0	0	0	0	3256458	0	0	0	0	0	0	0	0	0	23554431	0
LFQ	95	21362	0	0	0	0	0	0	0	0	0	0	0	0	603142	481973	0	0	0	704870	332287	0	0	183839	867340	138989	0	0	0	0	0	3259523	0	0	0	0	0	0	0	0	0	23856301	0
LFQ	96	43655	0	0	0	0	0	0	0	0	0	0	0	0	520535	413156	0	0	0	736013	327772	0	0	180640	850450	132811	0	0	0	0	0	3262630	0	0	0	0	0	0	0	0	0	23967638	0
LFQ	97	23	0	0	0	0	0	0	0	0	0	0	0	0	530901	433027	0	0	0	599136	327778	0	0	182753	855952	135961	0	0	0	0	0	3309231	0	0	0	0	0	0	0	0	0	24046562	0
LFQ	98	1409	0	0	0	0	0	0	0	0	0	0	0	0	522381	418568	0	0	0	574452	352343	0	0	196078	881517	147960	0	0	0	0	0	3304813	0	0	0	0	0	0	0	0	0	24008390	0
LFQ	99	690	0	0	0	0	0	0	0	0	0	0	0	0	538008	432411	0	0	0	592348	357932	0	0	197002	808529	151132	0	0	0	0	0	3304671	0	0	0	0	0	0	0	0	0	24012504	0
LFQ	100	646	0	0	0	0	0	0	0	0	0	0	0	0	529836	432065	0	0	0	586597	336584	0	0	185165	927707	141409	0	0	0	0	0	3414243	0	0	0	0	0	0	0	0	0	23828381	0
LFQ	101	1742	0	0	0	0	0	0	0	0	0	0	0	0	585512	486636	0	0	0	672058	348906	0	0	189185	901060	143349	0	0	0	0	0	3393535	0	0	0	0	0	0	0	0	0	23647511	0
LFQ	102	178057	0	0	0	0	0	0	0	0	0	0	0	0	600309	513018	0	0	0	700701	398405	0	0	212769	851695	155125	0	0	0	0	0	3425098	0	0	0	0	0	0	0	0	0	23320389	0
LFQ	103	14759	0	0	0	0	0	0	0	0	0	0	0	0	621590	518163	0	0	0	698403	368760	0	0	195682	929999	152384	0	0	0	0	0	3534022	0	0	0	0	0	0	0	0	0	23307862	0
LFQ	104	28928	0	0	0	0	0	0	0	0	0	0	0	0	625657	521790	0	0	0	680958	387590	0	0	205727	1057765	153703	0	0	0	0	0	3645692	0	0	0	0	0	0	0	0	0	23019402	0
LFQ	105	3200	0	0	0	0	0	0	0	0	0	0	0	0	634930	534443	0	0	0	708180	373641	0	0	196409	976992	159969	0	0	0	0	0	3731287	0	0	0	0	0	0	0	0	0	22994525	0
LFQ	106	47216	0	0	0	0	0	0	0	0	0	0	0	0	657122	558585	0	0	0	751651	414254	0	0	217230	940784	175370	0	0	0	0	0	3736594	0	0	0	0	0	0	0	0	0	22801074	0
LFQ	107	919	0	0	0	0	0	0	0	0	0	0	0	0	649499	537520	0	0	0	708686	374857	0	0	198880	976982	157655	0	0	0	0	0	3730857	0	0	0	0	0	0	0	0	0	22949523	0
LFQ	108	7187	0	0	0	0	0	0	0	0	0	0	0	0	649255	523639	0	0	0	740398	386341	0	0	200915	971482	161765	0	0	0	0	0	3766488	0	0	0	0	0	0	0	0	0	22863150	0
LFQ	109	11104	0	0	0	0	0	0	0	0	0	0	0	0	651538	541779	0	0	0	701444	390260	0	0	205308	950819	164493	0	0	0	0	0	3808396	0	0	0	0	0	0	0	0	0	22830963	0
LFQ	110	11	0	0	0	0	0	0	0	0	0	0	0	0	677074	546389	0	0	0	720210	399362	0	0	207602	982565	169856	0	0	0	0	0	3879773	0	0	0	0	0	0	0	0	0	22658856	0
LFQ	111	24	0	0	0	0	0	0	0	0	0	0	0	0	665441	551875	0	0	0	701683	391352	0	0	202552	1017177	162871	0	0	0	0	0	3934347	0	0	0	0	0	0	0	0	0	22600005	0
LFQ	112	142	0	0	0	0	0	0	0	0	0	0	0	0	709540	588994	0	0	0	752754	411718	0	0	211417	1026225	173987	0	0	0	0	0	4040219	0	0	0	0	0	0	0	0	0	22298316	0
LFQ	113	8896	0	0	0	0	0	0	0	0	0	0	0	0	733246	612614	0	2	0	779364	427645	0	0	216815	1038532	181336	0	0	0	0	0	4104210	0	0	0	0	0	0	0	0	0	22096592	0
LFQ	114	43	0	0	0	0	0	0	0	0	0	0	0	0	756429	631706	0	2	0	816017	434130	0	0	219230	1075078	183119	0	0	0	0	0	4202892	0	0	0	0	0	0	0	0	0	21866050	0
LFQ	115	2384	0	0	0	0	0	0	0	0	0	0	0	0	765131	630583	0	14	0	802776	428323	0	0	215269	1147015	179032	0	0	0	0	0	4280472	0	0	0	0	0	0	0	0	0	21718679	0
LFQ	116	597	0	0	0	0	0	0	0	0	0	0	0	0	809807	657870	0	92	0	892303	424160	0	3	211970	1108307	179613	0	0	0	0	0	4286756	0	0	0	0	0	0	0	0	0	21583313	0
LFQ	117	48115	0	0	0	0	0	0	0	0	0	0	0	0	780789	630917	0	1016	0	893762	424035	0	51	210756	1121005	178855	0	0	0	0	0	4399193	0	0	0	0	0	0	0	0	0	21450133	0
LFQ	118	86	0	0	0	0	0	0	0	0	0	0	0	0	838374	696580	0	27123	0	847590	456191	0	2041	225238	1161595	186524	0	0	0	0	0	4493536	0	0	0	0	0	0	0	0	0	21187683	0
LFQ	119	37	0	0	0	0	0	0	0	0	0	0	0	0	841870	695566	0	861734	0	0	463669	0	77121	228345	1459651	52708	0	0	0	0	0	4495007	0	0	0	0	0	0	0	0	0	20930547	0
LFQ	120	270	0	0	0	0	0	0	0	0	0	0	0	0	844398	694615	0	857691	0	0	449157	0	74927	218712	1474024	50900	0	0	0	0	0	4590427	0	0	0	0	0	0	0	0	0	20835716	0
LFQ	121	244	0	0	0	0	0	0	0	0	0	0	0	0	881546	726018	0	894847	0	0	459571	0	76343	220995	1553376	52342	0	0	0	0	0	4647905	0	0	0	0	0	0	0	0	0	20562563	0
LFQ	122	18719	0	0	0	0	0	0	0	0	0	0	0	0	908883	740598	0	944034	0	0	465117	0	77172	226257	1524552	52739	0	0	0	0	0	4731744	0	0	0	0	0	0	0	0	0	20370412	0
LFQ	123	120618	0	0	0	0	0	0	0	0	0	0	0	0	929308	764947	0	964206	0	0	503031	0	86500	243520	1481179	58718	0	0	0	0	0	4757173	0	0	0	0	0	0	0	0	0	20135546	0
LFQ	124	3082	0	0	0	0	0	0	0	0	0	0	0	0	891692	727615	0	910250	0	0	451867	0	74742	218603	1618696	51221	0	0	0	0	0	4887925	0	0	0	0	0	0	0	0	0	20193626	0
LFQ	125	59	0	0	0	0	0	0	0	0	0	0	0	0	901530	747426	0	922650	0	0	457888	0	76890	222584	1697752	53111	0	0	0	0	0	4979110	0	0	0	0	0	0	0	0	0	19953826	0
LFQ	126	2982	0	0	0	0	0	0	0	0	0	0	0	0	906252	727353	0	993915	0	0	471637	0	80026	228174	1640517	55137	0	0	0	0	0	5164171	0	0	0	0	0	0	0	0	0	19725137	0
LFQ	127	42087	0	0	0	0	0	0	0	0	0	0	0	0	947632	767488	0	948445	0	0	483340	0	81324	234096	1726716	56020	0	0	0	0	0	5364091	0	0	0	0	0	0	0	0	0	19326793	0
LFQ	128	151	0	0	0	0	0	0	0	0	0	0	0	0	976372	792376	0	987442	0	0	503270	0	86976	246031	1906428	60005	0	0	0	0	0	5680665	0	0	0	0	0	0	0	0	0	18721058	0
LFQ	129	1208	0	0	0	0	0	0	0	0	0	0	0	0	1032748	835831	0	1095831	0	0	508439	0	90322	246953	2010353	60225	0	0	0	0	0	6171960	0	0	0	0	0	0	0	0	0	17888784	0
LFQ	130	100613	0	0	0	0	0	0	0	0	0	0	0	0	1002935	812862	0	1154708	0	0	527577	0	105489	258166	2106586	71165	0	0	0	0	0	7040177	0	0	0	0	0	0	0	0	0	16744423	0
LFQ	131	48525	0	0	0	0	0	0	0	0	0	0	0	0	1034689	850290	0	1200097	0	0	543118	0	138788	269624	2396402	95186	0	0	0	0	0	8147699	0	0	0	0	0	0	0	0	0	15180552	0
LFQ	132	5586	0	0	0	0	0	0	0	0	0	0	0	0	983329	813049	0	1214076	0	0	533313	0	177543	263626	2720008	128952	0	0	0	0	0	9002022	0	0	0	0	0	0	0	0	0	14032123	0
LFQ	133	357	0	0	0	0	0	0	0	0	0	0	0	0	980674	824282	0	1231636	0	0	534656	0	199395	260448	2601927	146072	0	0	0	0	0	8526897	0	0	0	0	0	0	0	0	0	14524847	0
LFQ	134	1800	0	0	0	0	0	0	0	0	0	0	0	0	949414	791032	0	1118375	0	0	511240	0	159769	248576	2183620	113433	0	0	0	0	0	6920217	0	0	0	0	0	0	0	0	0	16792353	0
LFQ	135	11404	0	0	0	0	0	0	0	0	0	0	0	0	953215	782852	0	1020908	0	0	501583	0	115015	241834	1835278	78721	0	0	0	0	0	5857261	0	0	0	0	0	0	0	0	0	18339137	0
LFQ	136	145	0	0	0	0	0	0	0	0	0	0	0	0	916476	754312	0	925730	0	0	475843	0	91464	229602	1698326	63082	0	0	0	0	0	5578909	0	0	0	0	0	0	0	0	0	18948280	0
LFQ	137	14165	0	0	0	0	0	0	0	0	0	0	0	0	916322	753346	0	903302	0	0	474729	0	87870	228261	1640938	62036	0	0	0	0	0	5552267	0	0	0	0	0	0	0	0	0	18989634	0
LFQ	138	1232	0	0	0	0	0	0	0	0	0	0	0	0	923109	763969	0	913037	0	0	477122	0	90771	229518	1616808	64105	0	0	0	0	0	5611890	0	0	0	0	0	0	0	0	0	18866670	0
LFQ	139	91	0	0	0	0	0	0	0	0	0	0	0	0	941568	777857	0	924328	0	0	485129	0	94330	230289	1624219	65898	0	0	0	0	0	5668448	0	0	0	0	0	0	0	0	0	18673174	0
LFQ	140	698	0	0	0	0	0	0	0	0	0	0	0	0	936486	765926	0	931989	0	0	472002	0	93580	225191	1666038	65361	0	0	0	0	0	5756605	0	0	0	0	0	0	0	0	0	18471851	0
LFQ	141	13203	0	0	0	0	0	0	0	0	0	0	0	0	929434	763398	0	935014	0	0	461212	0	93911	217411	1694778	64911	0	0	0	0	0	5842742	0	0	0	0	0	0	0	0	0	18222185	0
LFQ	142	1260	0	0	0	0	0	0	0	0	0	0	0	0	973765	798043	0	993711	0	0	483118	0	101019	226222	1758690	69771	0	0	0	0	0	5973944	0	0	0	0	0	0	0	0	0	17652083	0
LFQ	143	190	0	0	0	0	0	0	0	0	0	0	0	0	1088521	888364	0	1117056	0	0	384180	0	84332	162268	2641901	51085	0	0	0	0	0	6233059	0	0	0	0	0	0	0	0	0	16206216	0
LFQ	144	12389	0	0	0	0	0	0	0	0	0	0	0	0	1142262	921873	0	1259828	0	0	409638	0	98195	172933	2734761	58697	0	0	0	0	0	6473057	0	0	0	0	0	0	0	0	0	15293641	0
LFQ	145	2526	0	0	0	0	0	0	0	0	0	0	0	0	2049342	2566115	0	1757265	0	0	1165507	0	290805	456947	1836977	170629	0	0	0	0	0	5409184	0	0	0	0	0	0	0	0	0	12172970	0
LFQ	146	8595	0	0	0	0	0	0	0	0	0	0	0	0	1009956	837685	0	1037434	0	0	393592	0	72956	169345	2665444	41292	0	0	0	0	0	6239315	0	0	0	0	0	0	0	0	0	14091533	0
LFQ	147	16492	0	0	0	0	0	0	0	0	0	0	0	0	792522	697696	0	946169	0	0	331244	0	97325	294531	2355729	57896	0	0	0	0	0	6375573	0	0	0	0	0	0	0	0	0	14010005	0
LFQ	148	0	0	0	0	0	0	0	0	0	0	0	0	0	0	0	0	0	0	0	0	0	72634	6568164	101705	0	0	0	0	0	0	3954780	0	0	0	0	0	0	0	0	0	12100741	0
# GC Content of first fragments. Use `grep ^GCF | cut -f 2-` to extract this part.
GCF	0.25	34
GCF	0.75	42
GCF	1.26	34
GCF	1.76	29
GCF	2.26	32
GCF	2.76	31
GCF	3.27	23
GCF	3.77	22
GCF	4.27	35
GCF	4.77	45
GCF	5.28	49
GCF	5.78	57
GCF	6.28	70
GCF	6.78	80
GCF	7.29	91
GCF	7.79	116
GCF	8.29	137
GCF	8.79	162
GCF	9.30	152
GCF	9.80	167
GCF	10.30	221
GCF	10.80	220
GCF	11.31	294
GCF	11.81	333
GCF	12.31	402
GCF	12.81	492
GCF	13.32	629
GCF	13.82	736
GCF	14.32	912
GCF	14.82	1226
GCF	15.33	1562
GCF	15.83	1803
GCF	16.33	2197
GCF	16.83	2974
GCF	17.34	3802
GCF	17.84	4358
GCF	18.34	5415
GCF	18.84	7162
GCF	19.35	9648
GCF	19.85	10987
GCF	20.35	14598
GCF	20.85	19547
GCF	21.36	21269
GCF	21.86	27879
GCF	22.36	36039
GCF	22.86	45404
GCF	23.37	50088
GCF	23.87	63187
GCF	24.37	79113
GCF	24.87	96349
GCF	25.38	103253
GCF	25.88	125160
GCF	26.38	150148
GCF	26.88	174770
GCF	27.39	184218
GCF	27.89	215045
GCF	28.39	246672
GCF	28.89	277410
GCF	29.40	287787
GCF	29.90	324965
GCF	30.40	361771
GCF	30.90	392039
GCF	31.41	401936
GCF	31.91	437562
GCF	32.41	472083
GCF	32.91	498733
GCF	33.42	508710
GCF	33.92	537794
GCF	34.42	562493
GCF	34.92	589098
GCF	35.43	597250
GCF	35.93	616337
GCF	36.43	634812
GCF	36.93	651667
GCF	37.44	659231
GCF	37.94	673808
GCF	38.44	683510
GCF	38.94	692790
GCF	39.45	694412
GCF	39.95	698848
GCF	40.45	698122
GCF	40.95	696408
GCF	41.46	693547
GCF	41.96	687431
GCF	42.46	680597
GCF	42.96	677472
GCF	43.47	670359
GCF	43.97	659582
GCF	44.47	651736
GCF	44.97	648623
GCF	45.48	640995
GCF	45.98	630951
GCF	46.48	625763
GCF	46.98	622631
GCF	47.49	616183
GCF	47.99	612930
GCF	48.49	610954
GCF	48.99	610809
GCF	49.50	610469
GCF	50.00	611095
GCF	50.50	611912
GCF	51.01	612067
GCF	51.51	610654
GCF	52.01	606579
GCF	52.51	597911
GCF	53.02	597387
GCF	53.52	588674
GCF	54.02	577857
GCF	54.52	565924
GCF	55.03	564171
GCF	55.53	554001
GCF	56.03	543736
GCF	56.53	534777
GCF	57.04	531474
GCF	57.54	523941
GCF	58.04	511073
GCF	58.54	499895
GCF	59.05	495743
GCF	59.55	482924
GCF	60.05	469235
GCF	60.55	462148
GCF	61.06	446414
GCF	61.56	430701
GCF	62.06	411683
GCF	62.56	403175
GCF	63.07	382618
GCF	63.57	362226
GCF	64.07	337682
GCF	64.57	329020
GCF	65.08	301805
GCF	65.58	277913
GCF	66.08	250962
GCF	66.58	241878
GCF	67.09	218175
GCF	67.59	187815
GCF	68.09	161191
GCF	68.59	152391
GCF	69.10	129323
GCF	69.60	104661
GCF	70.10	81576
GCF	70.60	74737
GCF	71.11	58742
GCF	71.61	43489
GCF	72.11	31535
GCF	72.61	27437
GCF	73.12	19793
GCF	73.62	13396
GCF	74.12	9250
GCF	74.62	7683
GCF	75.13	5267
GCF	75.63	3530
GCF	76.13	2547
GCF	76.63	2083
GCF	77.14	1540
GCF	77.64	1043
GCF	78.14	762
GCF	78.64	667
GCF	79.15	508
GCF	79.65	363
GCF	80.15	292
GCF	80.65	219
GCF	81.16	163
GCF	81.66	142
GCF	82.16	130
GCF	82.66	85
GCF	83.17	64
GCF	83.67	54
GCF	84.17	46
GCF	84.67	37
GCF	85.18	25
GCF	85.68	23
GCF	86.18	19
GCF	86.68	16
GCF	87.19	13
GCF	87.69	14
GCF	88.19	16
GCF	88.69	13
GCF	89.20	12
GCF	89.70	10
GCF	90.20	6
GCF	90.70	5
GCF	91.21	4
GCF	91.96	3
GCF	92.71	0
GCF	93.22	1
GCF	93.72	2
GCF	94.22	3
GCF	94.72	7
GCF	95.23	3
GCF	95.73	6
GCF	96.23	7
GCF	96.98	4
GCF	97.99	7
GCF	98.74	10
GCF	99.50	9
# GC Content of last fragments. Use `grep ^GCL | cut -f 2-` to extract this part.
GCL	0.25	50
GCL	0.75	58
GCL	1.26	52
GCL	1.76	44
GCL	2.26	37
GCL	2.76	33
GCL	3.27	34
GCL	3.77	32
GCL	4.27	46
GCL	4.77	41
GCL	5.28	56
GCL	5.78	66
GCL	6.28	76
GCL	6.78	94
GCL	7.29	107
GCL	7.79	117
GCL	8.29	161
GCL	8.79	157
GCL	9.30	181
GCL	9.80	214
GCL	10.30	249
GCL	10.80	253
GCL	11.31	312
GCL	11.81	353
GCL	12.31	457
GCL	12.81	568
GCL	13.32	712
GCL	13.82	883
GCL	14.32	1067
GCL	14.82	1396
GCL	15.33	1735
GCL	15.83	1953
GCL	16.33	2530
GCL	16.83	3314
GCL	17.34	4313
GCL	17.84	4909
GCL	18.34	6465
GCL	18.84	8632
GCL	19.35	11698
GCL	19.85	12926
GCL	20.35	17174
GCL	20.85	23021
GCL	21.36	24662
GCL	21.86	32632
GCL	22.36	42580
GCL	22.86	53693
GCL	23.37	57716
GCL	23.87	72992
GCL	24.37	90888
GCL	24.87	110959
GCL	25.38	116841
GCL	25.88	140703
GCL	26.38	168251
GCL	26.88	195779
GCL	27.39	203403
GCL	27.89	234448
GCL	28.39	270052
GCL	28.89	302703
GCL	29.40	310216
GCL	29.90	346857
GCL	30.40	381521
GCL	30.90	413901
GCL	31.41	420625
GCL	31.91	453434
GCL	32.41	487104
GCL	32.91	512604
GCL	33.42	518606
GCL	33.92	544356
GCL	34.42	568841
GCL	34.92	593046
GCL	35.43	597933
GCL	35.93	617737
GCL	36.43	631941
GCL	36.93	648210
GCL	37.44	652991
GCL	37.94	666510
GCL	38.44	674812
GCL	38.94	680282
GCL	39.45	680600
GCL	39.95	684040
GCL	40.45	683371
GCL	40.95	681968
GCL	41.46	677301
GCL	41.96	669491
GCL	42.46	663663
GCL	42.96	660521
GCL	43.47	653980
GCL	43.97	644784
GCL	44.47	635269
GCL	44.97	632181
GCL	45.48	626622
GCL	45.98	619650
GCL	46.48	613833
GCL	46.98	612154
GCL	47.49	605028
GCL	47.99	603210
GCL	48.49	602710
GCL	48.99	602321
GCL	49.50	603878
GCL	50.00	605241
GCL	50.50	606395
GCL	51.01	607425
GCL	51.51	604184
GCL	52.01	598520
GCL	52.51	591034
GCL	53.02	590450
GCL	53.52	579067
GCL	54.02	567287
GCL	54.52	554787
GCL	55.03	552976
GCL	55.53	542754
GCL	56.03	532249
GCL	56.53	523952
GCL	57.04	521509
GCL	57.54	512941
GCL	58.04	500358
GCL	58.54	488073
GCL	59.05	484131
GCL	59.55	471027
GCL	60.05	455210
GCL	60.55	449173
GCL	61.06	434710
GCL	61.56	418635
GCL	62.06	397870
GCL	62.56	391678
GCL	63.07	373040
GCL	63.57	350876
GCL	64.07	325069
GCL	64.57	318471
GCL	65.08	290587
GCL	65.58	266440
GCL	66.08	239043
GCL	66.58	232150
GCL	67.09	207064
GCL	67.59	176772
GCL	68.09	148873
GCL	68.59	142430
GCL	69.10	119405
GCL	69.60	95375
GCL	70.10	73052
GCL	70.60	69111
GCL	71.11	52526
GCL	71.61	37543
GCL	72.11	25770
GCL	72.61	23449
GCL	73.12	16017
GCL	73.62	10551
GCL	74.12	6767
GCL	74.62	5913
GCL	75.13	4114
GCL	75.63	2799
GCL	76.13	1932
GCL	76.63	1692
GCL	77.14	1304
GCL	77.64	1039
GCL	78.14	756
GCL	78.64	695
GCL	79.15	623
GCL	79.65	519
GCL	80.15	472
GCL	80.65	372
GCL	81.16	343
GCL	81.66	296
GCL	82.41	279
GCL	83.17	239
GCL	83.67	232
GCL	84.17	216
GCL	84.67	203
GCL	85.18	176
GCL	85.68	166
GCL	86.18	149
GCL	86.68	185
GCL	87.19	157
GCL	87.69	154
GCL	88.19	148
GCL	88.69	124
GCL	89.20	119
GCL	89.70	127
GCL	90.20	112
GCL	90.70	79
GCL	91.21	90
GCL	91.71	93
GCL	92.21	85
GCL	92.71	91
GCL	93.22	79
GCL	93.72	70
GCL	94.22	64
GCL	94.72	60
GCL	95.23	75
GCL	95.73	64
GCL	96.23	56
GCL	96.73	69
GCL	97.24	60
GCL	97.74	109
GCL	98.24	108
GCL	98.74	148
GCL	99.50	326
# ACGT content per cycle. Use `grep ^GCC | cut -f 2-` to extract this part. The columns are: cycle; A,C,G,T base counts as a percentage of all A/C/G/T bases [%]; and N and O counts as a percentage of all A/C/G/T bases [%]
GCC	1	19.65	30.37	30.32	19.67	0.00	0.00
GCC	2	30.75	19.25	19.21	30.80	0.00	0.00
GCC	3	27.68	22.30	22.28	27.74	0.00	0.00
GCC	4	28.28	21.72	21.69	28.30	0.00	0.00
GCC	5	28.36	21.63	21.60	28.41	0.08	0.00
GCC	6	28.34	21.68	21.62	28.36	0.00	0.00
GCC	7	29.03	20.99	20.93	29.05	0.32	0.00
GCC	8	26.37	23.65	23.60	26.38	0.00	0.00
GCC	9	26.28	23.73	23.68	26.31	0.00	0.00
GCC	10	29.45	20.56	20.52	29.47	0.03	0.00
GCC	11	23.00	27.00	26.96	23.03	0.01	0.00
GCC	12	24.46	25.56	25.51	24.48	0.02	0.00
GCC	13	27.32	22.70	22.62	27.36	0.02	0.00
GCC	14	27.53	22.47	22.41	27.60	0.00	0.00
GCC	15	27.21	22.80	22.76	27.24	0.02	0.00
GCC	16	27.10	22.90	22.86	27.14	0.09	0.00
GCC	17	27.08	22.93	22.86	27.13	0.01	0.00
GCC	18	26.92	23.08	23.04	26.96	0.03	0.00
GCC	19	26.89	23.12	23.06	26.93	0.24	0.00
GCC	20	26.85	23.15	23.10	26.89	0.00	0.00
GCC	21	26.82	23.17	23.15	26.86	0.02	0.00
GCC	22	26.88	23.14	23.08	26.91	0.00	0.00
GCC	23	26.93	23.07	23.02	26.98	0.08	0.00
GCC	24	27.03	22.98	22.93	27.06	0.07	0.00
GCC	25	27.08	22.94	22.88	27.11	0.00	0.00
GCC	26	27.08	22.93	22.88	27.11	0.00	0.00
GCC	27	26.96	23.05	23.01	26.98	0.00	0.00
GCC	28	26.97	23.05	22.99	26.99	0.00	0.00
GCC	29	26.92	23.10	23.04	26.94	0.00	0.00
GCC	30	26.92	23.08	23.04	26.96	0.02	0.00
GCC	31	26.95	23.06	23.01	26.98	0.28	0.00
GCC	32	26.99	23.02	22.98	27.02	0.23	0.00
GCC	33	26.94	23.06	23.02	26.98	0.08	0.00
GCC	34	26.99	23.03	22.96	27.03	0.01	0.00
GCC	35	27.00	23.03	22.95	27.03	0.05	0.00
GCC	36	26.97	23.03	22.99	27.01	0.00	0.00
GCC	37	26.90	23.11	23.06	26.93	0.00	0.00
GCC	38	26.96	23.04	23.01	26.99	0.03	0.00
GCC	39	26.95	23.06	23.01	26.98	0.01	0.00
GCC	40	26.82	23.20	23.13	26.85	0.00	0.00
GCC	41	26.91	23.11	23.05	26.93	0.01	0.00
GCC	42	26.83	23.18	23.11	26.88	0.02	0.00
GCC	43	26.24	23.77	23.72	26.27	0.04	0.00
GCC	44	26.88	23.13	23.07	26.92	0.17	0.00
GCC	45	26.81	23.21	23.14	26.84	0.00	0.00
GCC	46	26.87	23.14	23.07	26.92	0.00	0.00
GCC	47	26.81	23.20	23.15	26.84	0.00	0.00
GCC	48	26.84	23.17	23.13	26.87	0.00	0.00
GCC	49	26.85	23.16	23.09	26.89	0.00	0.00
GCC	50	26.81	23.20	23.13	26.86	0.00	0.00
GCC	51	26.87	23.14	23.09	26.91	0.05	0.00
GCC	52	26.85	23.15	23.09	26.91	0.04	0.00
GCC	53	26.81	23.21	23.14	26.84	0.10	0.00
GCC	54	26.88	23.13	23.08	26.90	0.09	0.00
GCC	55	26.83	23.19	23.14	26.84	0.01	0.00
GCC	56	26.82	23.19	23.13	26.86	0.03	0.00
GCC	57	26.79	23.22	23.17	26.82	0.00	0.00
GCC	58	26.80	23.21	23.16	26.84	0.12	0.00
GCC	59	26.84	23.17	23.13	26.86	0.01	0.00
GCC	60	26.83	23.17	23.14	26.86	0.00	0.00
GCC	61	26.70	23.30	23.25	26.75	0.00	0.00
GCC	62	26.80	23.21	23.15	26.83	0.05	0.00
GCC	63	26.82	23.19	23.13	26.86	0.00	0.00
GCC	64	26.74	23.26	23.21	26.79	0.03	0.00
GCC	65	26.82	23.18	23.14	26.85	0.00	0.00
GCC	66	26.78	23.24	23.18	26.81	0.01	0.00
GCC	67	26.78	23.24	23.18	26.81	0.17	0.00
GCC	68	26.79	23.21	23.17	26.83	0.11	0.00
GCC	69	26.78	23.23	23.17	26.82	0.00	0.00
GCC	70	26.78	23.23	23.17	26.82	0.00	0.00
GCC	71	26.79	23.23	23.16	26.82	0.00	0.00
GCC	72	26.70	23.30	23.26	26.73	0.01	0.00
GCC	73	26.66	23.36	23.29	26.69	0.07	0.00
GCC	74	26.66	23.36	23.29	26.69	0.00	0.00
GCC	75	26.74	23.26	23.22	26.77	0.00	0.00
GCC	76	26.73	23.28	23.23	26.76	0.00	0.00
GCC	77	26.74	23.27	23.21	26.78	0.00	0.00
GCC	78	26.71	23.30	23.25	26.75	0.03	0.00
GCC	79	26.68	23.33	23.29	26.71	0.08	0.00
GCC	80	26.71	23.28	23.24	26.76	0.17	0.00
GCC	81	26.77	23.25	23.18	26.80	0.01	0.00
GCC	82	26.75	23.26	23.22	26.77	0.01	0.00
GCC	83	26.79	23.19	23.16	26.86	0.21	0.00
GCC	84	26.76	23.24	23.20	26.80	0.00	0.00
GCC	85	26.65	23.33	23.29	26.72	0.13	0.00
GCC	86	26.75	23.26	23.23	26.77	0.04	0.00
GCC	87	26.70	23.30	23.26	26.73	0.00	0.00
GCC	88	26.70	23.31	23.26	26.74	0.00	0.00
GCC	89	26.66	23.35	23.30	26.69	0.01	0.00
GCC	90	26.71	23.29	23.25	26.75	0.00	0.00
GCC	91	26.72	23.29	23.24	26.75	0.01	0.00
GCC	92	26.77	23.24	23.19	26.79	0.44	0.00
GCC	93	26.72	23.27	23.24	26.76	0.04	0.00
GCC	94	26.76	23.24	23.20	26.79	0.18	0.00
GCC	95	26.68	23.34	23.28	26.70	0.04	0.00
GCC	96	26.75	23.25	23.20	26.80	0.07	0.00
GCC	97	26.60	23.40	23.35	26.64	0.00	0.00
GCC	98	26.66	23.34	23.31	26.69	0.00	0.00
GCC	99	26.66	23.34	23.28	26.72	0.01	0.00
GCC	100	26.66	23.35	23.29	26.70	0.00	0.00
GCC	101	26.66	23.35	23.30	26.70	0.02	0.00
GCC	102	26.64	23.37	23.31	26.69	0.30	0.00
GCC	103	26.63	23.37	23.31	26.69	0.03	0.00
GCC	104	26.64	23.36	23.30	26.70	0.05	0.00
GCC	105	26.62	23.39	23.33	26.66	0.01	0.00
GCC	106	26.64	23.37	23.31	26.68	0.15	0.00
GCC	107	26.61	23.38	23.34	26.67	0.00	0.00
GCC	108	26.64	23.36	23.31	26.69	0.01	0.00
GCC	109	26.59	23.43	23.35	26.63	0.02	0.00
GCC	110	26.60	23.41	23.35	26.64	0.00	0.00
GCC	111	26.61	23.39	23.35	26.65	0.00	0.00
GCC	112	26.61	23.40	23.33	26.66	0.00	0.00
GCC	113	26.64	23.38	23.30	26.69	0.01	0.00
GCC	114	26.61	23.39	23.33	26.67	0.00	0.00
GCC	115	26.60	23.41	23.35	26.64	0.00	0.00
GCC	116	26.60	23.40	23.36	26.65	0.00	0.00
GCC	117	26.55	23.46	23.41	26.58	0.08	0.00
GCC	118	24.35	25.65	25.60	24.40	0.00	0.00
GCC	119	26.60	23.42	23.36	26.63	0.18	0.00
GCC	120	26.61	23.42	23.36	26.62	0.00	0.00
GCC	121	26.37	23.63	23.58	26.41	0.00	0.00
GCC	122	26.57	23.41	23.38	26.64	0.03	0.00
GCC	123	26.59	23.41	23.35	26.65	0.20	0.00
GCC	124	26.59	23.41	23.35	26.64	0.01	0.00
GCC	125	26.56	23.44	23.38	26.62	0.00	0.00
GCC	126	26.63	23.38	23.32	26.66	0.01	0.00
GCC	127	26.49	23.52	23.46	26.53	0.07	0.00
GCC	128	25.11	24.90	24.84	25.15	0.00	0.00
GCC	129	25.23	24.78	24.72	25.27	0.00	0.00
GCC	130	25.28	24.72	24.68	25.32	0.17	0.00
GCC	131	26.15	23.86	23.81	26.19	0.08	0.00
GCC	132	25.80	24.20	24.16	25.84	0.01	0.00
GCC	133	25.57	24.44	24.39	25.60	0.00	0.00
GCC	134	25.52	24.47	24.45	25.57	0.01	0.00
GCC	135	25.92	24.09	24.04	25.96	0.02	0.00
GCC	136	26.32	23.70	23.64	26.35	0.05	0.00
GCC	137	26.37	23.64	23.60	26.40	0.43	0.00
GCC	138	26.29	23.74	23.68	26.30	0.01	0.00
GCC	139	26.22	23.78	23.74	26.26	0.13	0.00
GCC	140	26.24	23.77	23.71	26.29	0.43	0.00
GCC	141	26.18	23.84	23.79	26.20	0.11	0.00
GCC	142	26.15	23.87	23.80	26.18	0.00	0.00
GCC	143	26.15	23.87	23.79	26.19	0.00	0.00
GCC	144	26.08	23.93	23.87	26.12	0.02	0.00
GCC	145	23.78	26.21	26.19	23.81	0.00	0.00
GCC	146	24.76	25.26	25.20	24.78	0.02	0.00
GCC	147	25.91	24.09	24.06	25.94	0.03	0.00
GCC	148	26.08	23.93	23.88	26.12	0.00	0.00
# ACGT content per cycle, read oriented. Use `grep ^GCT | cut -f 2-` to extract this part. The columns are: cycle; A,C,G,T base counts as a percentage of all A/C/G/T bases [%]
GCT	1	18.68	32.87	27.81	20.63
GCT	2	24.22	19.69	18.76	37.32
GCT	3	28.19	21.25	23.33	27.23
GCT	4	35.27	20.82	22.59	21.32
GCT	5	33.93	20.53	22.70	22.84
GCT	6	33.96	20.06	23.25	22.74
GCT	7	22.16	22.36	19.56	35.93
GCT	8	23.73	25.04	22.21	29.02
GCT	9	22.78	25.84	21.57	29.81
GCT	10	32.63	19.54	21.54	26.29
GCT	11	25.79	26.21	27.76	20.24
GCT	12	23.14	26.87	24.19	25.80
GCT	13	26.04	23.33	21.99	28.64
GCT	14	26.53	22.68	22.20	28.59
GCT	15	26.66	23.12	22.43	27.79
GCT	16	26.86	23.42	22.34	27.38
GCT	17	27.33	23.30	22.50	26.88
GCT	18	27.13	23.42	22.70	26.75
GCT	19	27.04	23.29	22.90	26.78
GCT	20	26.80	23.34	22.92	26.94
GCT	21	26.51	23.57	22.75	27.17
GCT	22	26.53	23.46	22.76	27.25
GCT	23	26.52	23.29	22.80	27.39
GCT	24	26.62	23.27	22.64	27.47
GCT	25	26.72	23.19	22.63	27.46
GCT	26	26.67	23.15	22.66	27.52
GCT	27	26.57	23.27	22.79	27.37
GCT	28	26.67	23.22	22.82	27.29
GCT	29	26.65	23.18	22.95	27.22
GCT	30	26.73	23.28	22.83	27.15
GCT	31	26.59	23.29	22.77	27.35
GCT	32	26.60	23.26	22.74	27.41
GCT	33	26.57	23.33	22.75	27.34
GCT	34	26.72	23.19	22.79	27.29
GCT	35	26.79	23.11	22.86	27.23
GCT	36	26.74	23.13	22.89	27.24
GCT	37	26.59	23.31	22.86	27.23
GCT	38	26.53	23.25	22.80	27.42
GCT	39	26.53	23.29	22.79	27.40
GCT	40	26.52	23.36	22.97	27.15
GCT	41	26.64	23.22	22.94	27.20
GCT	42	26.61	23.34	22.95	27.09
GCT	43	26.62	23.59	23.89	25.89
GCT	44	26.63	23.23	22.98	27.16
GCT	45	26.52	23.34	23.01	27.13
GCT	46	26.62	23.32	22.89	27.17
GCT	47	26.53	23.28	23.07	27.12
GCT	48	26.39	23.39	22.90	27.32
GCT	49	26.57	23.30	22.96	27.18
GCT	50	26.52	23.39	22.94	27.15
GCT	51	26.35	23.33	22.89	27.43
GCT	52	26.61	23.25	22.99	27.15
GCT	53	26.60	23.24	23.11	27.05
GCT	54	26.47	23.21	23.01	27.31
GCT	55	26.51	23.35	22.98	27.15
GCT	56	26.46	23.30	23.02	27.22
GCT	57	26.41	23.41	22.97	27.21
GCT	58	26.55	23.33	23.03	27.08
GCT	59	26.64	23.17	23.12	27.06
GCT	60	26.64	23.18	23.13	27.05
GCT	61	26.51	23.33	23.21	26.94
GCT	62	26.51	23.28	23.08	27.13
GCT	63	26.47	23.31	23.01	27.22
GCT	64	26.46	23.36	23.11	27.07
GCT	65	26.62	23.23	23.10	27.06
GCT	66	26.58	23.31	23.11	27.01
GCT	67	26.72	23.41	23.00	26.86
GCT	68	26.57	23.30	23.08	27.05
GCT	69	26.47	23.41	22.99	27.14
GCT	70	26.46	23.33	23.07	27.13
GCT	71	26.51	23.24	23.15	27.10
GCT	72	26.51	23.30	23.26	26.93
GCT	73	26.52	23.32	23.33	26.83
GCT	74	26.49	23.32	23.33	26.86
GCT	75	26.45	23.35	23.14	27.07
GCT	76	26.52	23.39	23.12	26.97
GCT	77	26.50	23.35	23.14	27.02
GCT	78	26.43	23.40	23.14	27.03
GCT	79	26.42	23.44	23.18	26.97
GCT	80	26.52	23.39	23.13	26.95
GCT	81	26.47	23.27	23.15	27.10
GCT	82	26.46	23.29	23.19	27.06
GCT	83	26.33	23.11	23.24	27.33
GCT	84	26.51	23.27	23.18	27.05
GCT	85	26.52	23.35	23.27	26.85
GCT	86	26.50	23.25	23.24	27.02
GCT	87	26.43	23.33	23.23	27.01
GCT	88	26.46	23.31	23.26	26.97
GCT	89	26.52	23.32	23.33	26.83
GCT	90	26.53	23.24	23.29	26.93
GCT	91	26.47	23.24	23.29	27.00
GCT	92	26.71	23.24	23.20	26.86
GCT	93	26.39	23.27	23.24	27.09
GCT	94	26.75	23.32	23.13	26.81
GCT	95	26.46	23.28	23.34	26.93
GCT	96	26.32	23.21	23.24	27.23
GCT	97	26.47	23.34	23.41	26.77
GCT	98	26.43	23.29	23.36	26.91
GCT	99	26.48	23.31	23.31	26.90
GCT	100	26.45	23.29	23.35	26.91
GCT	101	26.49	23.28	23.37	26.87
GCT	102	26.36	23.26	23.41	26.97
GCT	103	26.43	23.29	23.39	26.89
GCT	104	26.42	23.28	23.38	26.92
GCT	105	26.42	23.29	23.43	26.87
GCT	106	26.58	23.31	23.37	26.74
GCT	107	26.47	23.25	23.47	26.81
GCT	108	26.44	23.23	23.43	26.89
GCT	109	26.40	23.35	23.44	26.81
GCT	110	26.43	23.29	23.46	26.81
GCT	111	26.37	23.35	23.39	26.89
GCT	112	26.42	23.31	23.42	26.86
GCT	113	26.43	23.25	23.42	26.90
GCT	114	26.40	23.27	23.45	26.88
GCT	115	26.49	23.27	23.48	26.76
GCT	116	26.51	23.24	23.52	26.74
GCT	117	26.33	23.31	23.56	26.80
GCT	118	27.26	25.47	25.78	21.49
GCT	119	26.43	23.27	23.51	26.79
GCT	120	26.40	23.29	23.48	26.83
GCT	121	26.65	23.45	23.77	26.14
GCT	122	26.40	23.23	23.55	26.81
GCT	123	26.42	23.29	23.47	26.82
GCT	124	26.42	23.25	23.52	26.81
GCT	125	26.45	23.31	23.51	26.73
GCT	126	26.37	23.19	23.51	26.93
GCT	127	26.42	23.30	23.68	26.59
GCT	128	26.92	24.80	24.94	23.34
GCT	129	27.02	24.89	24.61	23.47
GCT	130	26.93	24.90	24.50	23.67
GCT	131	26.96	23.82	23.85	25.38
GCT	132	26.42	24.34	24.02	25.22
GCT	133	26.67	24.59	24.25	24.49
GCT	134	26.88	24.55	24.37	24.20
GCT	135	26.85	24.18	23.94	25.03
GCT	136	26.44	23.49	23.84	26.23
GCT	137	26.69	23.52	23.71	26.07
GCT	138	26.81	23.58	23.83	25.78
GCT	139	26.71	23.65	23.87	25.78
GCT	140	26.78	23.60	23.87	25.75
GCT	141	26.47	23.72	23.91	25.90
GCT	142	26.22	23.80	23.87	26.11
GCT	143	26.17	23.80	23.86	26.17
GCT	144	25.92	23.91	23.89	26.28
GCT	145	26.99	26.47	25.93	20.60
GCT	146	23.40	25.48	24.98	26.13
GCT	147	24.93	25.37	22.78	26.92
GCT	148	25.17	23.50	24.30	27.02
# ACGT content per cycle for first fragments. Use `grep ^FBC | cut -f 2-` to extract this part. The columns are: cycle; A,C,G,T base counts as a percentage of all A/C/G/T bases [%]; and N and O counts as a percentage of all A/C/G/T bases [%]
FBC	1	20.00	30.01	29.95	20.03	0.00	0.00
FBC	2	30.82	19.18	19.13	30.87	0.00	0.00
FBC	3	27.70	22.29	22.26	27.75	0.00	0.00
FBC	4	28.32	21.67	21.65	28.36	0.00	0.00
FBC	5	28.36	21.63	21.60	28.41	0.13	0.00
FBC	6	28.39	21.64	21.57	28.40	0.01	0.00
FBC	7	29.05	20.98	20.90	29.07	0.63	0.00
FBC	8	26.37	23.64	23.60	26.39	0.01	0.00
FBC	9	26.31	23.69	23.65	26.34	0.01	0.00
FBC	10	29.39	20.61	20.59	29.41	0.01	0.00
FBC	11	23.03	26.98	26.93	23.05	0.01	0.00
FBC	12	24.47	25.55	25.48	24.50	0.03	0.00
FBC	13	27.32	22.69	22.64	27.35	0.04	0.00
FBC	14	27.53	22.47	22.41	27.59	0.00	0.00
FBC	15	27.22	22.80	22.75	27.23	0.04	0.00
FBC	16	27.13	22.89	22.84	27.14	0.02	0.00
FBC	17	27.08	22.93	22.87	27.13	0.01	0.00
FBC	18	26.91	23.08	23.04	26.97	0.00	0.00
FBC	19	26.88	23.13	23.06	26.93	0.03	0.00
FBC	20	26.86	23.14	23.09	26.91	0.00	0.00
FBC	21	26.82	23.17	23.15	26.86	0.00	0.00
FBC	22	26.87	23.14	23.07	26.91	0.00	0.00
FBC	23	26.94	23.06	23.02	26.98	0.00	0.00
FBC	24	27.03	22.98	22.91	27.08	0.01	0.00
FBC	25	27.08	22.93	22.87	27.12	0.00	0.00
FBC	26	27.06	22.94	22.88	27.12	0.00	0.00
FBC	27	26.97	23.05	23.00	26.99	0.00	0.00
FBC	28	26.97	23.06	22.99	26.98	0.00	0.00
FBC	29	26.93	23.09	23.03	26.96	0.01	0.00
FBC	30	26.89	23.11	23.07	26.94	0.03	0.00
FBC	31	26.93	23.07	23.01	26.98	0.01	0.00
FBC	32	26.98	23.03	22.98	27.01	0.46	0.00
FBC	33	26.94	23.07	23.01	26.98	0.00	0.00
FBC	34	26.97	23.04	22.96	27.02	0.01	0.00
FBC	35	26.99	23.04	22.95	27.02	0.01	0.00
FBC	36	26.97	23.04	22.99	27.00	0.00	0.00
FBC	37	26.94	23.08	23.03	26.96	0.01	0.00
FBC	38	26.94	23.05	23.03	26.98	0.01	0.00
FBC	39	26.94	23.06	23.01	26.98	0.01	0.00
FBC	40	26.79	23.24	23.16	26.81	0.00	0.00
FBC	41	26.91	23.11	23.04	26.94	0.00	0.00
FBC	42	26.81	23.18	23.13	26.87	0.00	0.00
FBC	43	25.59	24.41	24.38	25.62	0.01	0.00
FBC	44	26.88	23.14	23.07	26.90	0.29	0.00
FBC	45	26.75	23.28	23.20	26.77	0.00	0.00
FBC	46	26.87	23.14	23.06	26.93	0.00	0.00
FBC	47	26.71	23.31	23.25	26.73	0.00	0.00
FBC	48	26.82	23.19	23.13	26.86	0.00	0.00
FBC	49	26.83	23.17	23.10	26.89	0.00	0.00
FBC	50	26.79	23.21	23.14	26.86	0.01	0.00
FBC	51	26.80	23.22	23.16	26.83	0.00	0.00
FBC	52	26.87	23.14	23.07	26.91	0.07	0.00
FBC	53	26.82	23.20	23.12	26.85	0.20	0.00
FBC	54	26.81	23.21	23.16	26.83	0.01	0.00
FBC	55	26.82	23.20	23.15	26.82	0.02	0.00
FBC	56	26.81	23.19	23.14	26.86	0.03	0.00
FBC	57	26.79	23.22	23.17	26.81	0.00	0.00
FBC	58	26.80	23.20	23.16	26.83	0.00	0.00
FBC	59	26.87	23.15	23.10	26.88	0.02	0.00
FBC	60	26.84	23.17	23.13	26.86	0.00	0.00
FBC	61	26.67	23.33	23.29	26.71	0.01	0.00
FBC	62	26.82	23.21	23.13	26.84	0.00	0.00
FBC	63	26.84	23.19	23.11	26.86	0.00	0.00
FBC	64	26.75	23.26	23.19	26.80	0.01	0.00
FBC	65	26.83	23.17	23.12	26.88	0.00	0.00
FBC	66	26.78	23.23	23.16	26.82	0.00	0.00
FBC	67	26.79	23.22	23.16	26.84	0.00	0.00
FBC	68	26.80	23.20	23.15	26.85	0.17	0.00
FBC	69	26.80	23.21	23.15	26.84	0.00	0.00
FBC	70	26.80	23.21	23.15	26.84	0.00	0.00
FBC	71	26.81	23.21	23.13	26.85	0.01	0.00
FBC	72	26.65	23.38	23.31	26.67	0.01	0.00
FBC	73	26.59	23.43	23.36	26.62	0.03	0.00
FBC	74	26.58	23.43	23.36	26.62	0.00	0.00
FBC	75	26.77	23.25	23.20	26.78	0.00	0.00
FBC	76	26.75	23.28	23.20	26.77	0.00	0.00
FBC	77	26.76	23.26	23.19	26.79	0.00	0.00
FBC	78	26.71	23.30	23.23	26.76	0.01	0.00
FBC	79	26.71	23.30	23.25	26.74	0.00	0.00
FBC	80	26.72	23.28	23.23	26.77	0.01	0.00
FBC	81	26.81	23.23	23.15	26.80	0.02	0.00
FBC	82	26.78	23.25	23.19	26.79	0.03	0.00
FBC	83	26.74	23.25	23.21	26.81	0.00	0.00
FBC	84	26.79	23.23	23.17	26.82	0.00	0.00
FBC	85	26.68	23.33	23.27	26.73	0.00	0.00
FBC	86	26.78	23.23	23.19	26.80	0.00	0.00
FBC	87	26.73	23.27	23.24	26.75	0.00	0.00
FBC	88	26.73	23.28	23.23	26.77	0.00	0.00
FBC	89	26.65	23.36	23.29	26.69	0.00	0.00
FBC	90	26.74	23.26	23.20	26.79	0.00	0.00
FBC	91	26.77	23.25	23.19	26.79	0.00	0.00
FBC	92	26.78	23.25	23.18	26.79	0.08	0.00
FBC	93	26.77	23.23	23.19	26.82	0.00	0.00
FBC	94	26.76	23.25	23.20	26.79	0.00	0.00
FBC	95	26.74	23.28	23.22	26.76	0.00	0.00
FBC	96	26.74	23.27	23.20	26.79	0.00	0.00
FBC	97	26.62	23.38	23.32	26.67	0.00	0.00
FBC	98	26.72	23.28	23.24	26.76	0.00	0.00
FBC	99	26.74	23.26	23.22	26.79	0.01	0.00
FBC	100	26.73	23.28	23.23	26.76	0.01	0.00
FBC	101	26.73	23.28	23.23	26.76	0.03	0.00
FBC	102	26.70	23.31	23.24	26.75	0.00	0.00
FBC	103	26.71	23.30	23.23	26.76	0.00	0.00
FBC	104	26.70	23.30	23.24	26.76	0.00	0.00
FBC	105	26.68	23.33	23.27	26.72	0.01	0.00
FBC	106	26.71	23.32	23.24	26.73	0.15	0.00
FBC	107	26.69	23.31	23.25	26.75	0.00	0.00
FBC	108	26.69	23.32	23.25	26.74	0.00	0.00
FBC	109	26.66	23.35	23.28	26.71	0.00	0.00
FBC	110	26.69	23.33	23.25	26.74	0.00	0.00
FBC	111	26.69	23.31	23.27	26.74	0.00	0.00
FBC	112	26.70	23.31	23.25	26.74	0.00	0.00
FBC	113	26.72	23.31	23.21	26.76	0.00	0.00
FBC	114	26.68	23.31	23.26	26.75	0.00	0.00
FBC	115	26.67	23.34	23.25	26.73	0.00	0.00
FBC	116	26.68	23.31	23.27	26.74	0.00	0.00
FBC	117	26.47	23.55	23.48	26.50	0.00	0.00
FBC	118	22.22	27.77	27.74	22.27	0.01	0.00
FBC	119	26.70	23.33	23.25	26.72	0.35	0.00
FBC	120	26.68	23.34	23.27	26.71	0.00	0.00
FBC	121	26.28	23.74	23.67	26.30	0.00	0.00
FBC	122	26.66	23.32	23.29	26.72	0.00	0.00
FBC	123	26.67	23.33	23.27	26.73	0.00	0.00
FBC	124	26.69	23.33	23.24	26.74	0.00	0.00
FBC	125	26.67	23.34	23.26	26.73	0.00	0.00
FBC	126	26.68	23.33	23.25	26.73	0.00	0.00
FBC	127	26.52	23.50	23.42	26.57	0.00	0.00
FBC	128	23.76	26.27	26.21	23.77	0.00	0.00
FBC	129	24.02	25.98	25.92	24.07	0.00	0.00
FBC	130	24.02	25.99	25.94	24.05	0.00	0.00
FBC	131	25.85	24.17	24.13	25.85	0.00	0.00
FBC	132	25.12	24.88	24.83	25.16	0.00	0.00
FBC	133	24.67	25.36	25.29	24.69	0.00	0.00
FBC	134	24.55	25.42	25.42	24.60	0.01	0.00
FBC	135	25.40	24.61	24.55	25.44	0.01	0.00
FBC	136	26.20	23.83	23.76	26.22	0.09	0.00
FBC	137	26.28	23.74	23.69	26.29	0.83	0.00
FBC	138	26.09	23.94	23.87	26.10	0.01	0.00
FBC	139	26.03	23.99	23.94	26.04	0.27	0.00
FBC	140	26.06	23.94	23.88	26.11	0.87	0.00
FBC	141	25.96	24.06	24.01	25.97	0.18	0.00
FBC	142	25.95	24.07	24.00	25.98	0.00	0.00
FBC	143	25.95	24.07	24.01	25.97	0.00	0.00
FBC	144	25.86	24.17	24.09	25.89	0.00	0.00
FBC	145	24.91	25.09	25.05	24.96	0.00	0.00
FBC	146	23.87	26.15	26.10	23.88	0.00	0.00
FBC	147	25.18	24.83	24.79	25.19	0.00	0.00
FBC	148	25.47	24.56	24.48	25.50	0.00	0.00
# ACGT raw counters for first fragments. Use `grep ^FTC | cut -f 2-` to extract this part. The columns are: A,C,G,T,N base counters
FTC	1190433084	1050254177	1047645355	1192020428	1656238
# ACGT content per cycle for last fragments. Use `grep ^LBC | cut -f 2-` to extract this part. The columns are: cycle; A,C,G,T base counts as a percentage of all A/C/G/T bases [%]; and N and O counts as a percentage of all A/C/G/T bases [%]
LBC	1	19.29	30.72	30.68	19.31	0.00	0.00
LBC	2	30.68	19.31	19.28	30.73	0.00	0.00
LBC	3	27.67	22.32	22.29	27.72	0.00	0.00
LBC	4	28.24	21.77	21.74	28.25	0.00	0.00
LBC	5	28.36	21.64	21.59	28.41	0.03	0.00
LBC	6	28.29	21.72	21.67	28.32	0.00	0.00
LBC	7	29.01	21.00	20.95	29.04	0.00	0.00
LBC	8	26.36	23.66	23.61	26.37	0.00	0.00
LBC	9	26.24	23.76	23.72	26.28	0.00	0.00
LBC	10	29.50	20.51	20.46	29.53	0.04	0.00
LBC	11	22.98	27.02	27.00	23.01	0.01	0.00
LBC	12	24.44	25.56	25.54	24.46	0.01	0.00
LBC	13	27.32	22.70	22.61	27.37	0.00	0.00
LBC	14	27.53	22.46	22.41	27.60	0.00	0.00
LBC	15	27.20	22.79	22.76	27.24	0.00	0.00
LBC	16	27.08	22.91	22.87	27.13	0.16	0.00
LBC	17	27.08	22.94	22.86	27.13	0.01	0.00
LBC	18	26.93	23.08	23.04	26.95	0.06	0.00
LBC	19	26.90	23.11	23.06	26.93	0.46	0.00
LBC	20	26.84	23.17	23.12	26.87	0.00	0.00
LBC	21	26.82	23.18	23.14	26.86	0.03	0.00
LBC	22	26.88	23.13	23.08	26.91	0.00	0.00
LBC	23	26.93	23.08	23.02	26.98	0.16	0.00
LBC	24	27.03	22.99	22.94	27.05	0.12	0.00
LBC	25	27.07	22.95	22.89	27.10	0.00	0.00
LBC	26	27.10	22.91	22.88	27.11	0.00	0.00
LBC	27	26.96	23.05	23.02	26.97	0.00	0.00
LBC	28	26.97	23.05	22.98	26.99	0.00	0.00
LBC	29	26.91	23.11	23.04	26.93	0.00	0.00
LBC	30	26.96	23.05	23.00	26.99	0.01	0.00
LBC	31	26.97	23.05	23.00	26.99	0.55	0.00
LBC	32	26.99	23.00	22.98	27.03	0.01	0.00
LBC	33	26.93	23.06	23.04	26.98	0.16	0.00
LBC	34	27.01	23.02	22.95	27.03	0.01	0.00
LBC	35	27.00	23.02	22.95	27.03	0.09	0.00
LBC	36	26.97	23.03	22.99	27.02	0.00	0.00
LBC	37	26.86	23.15	23.09	26.90	0.00	0.00
LBC	38	26.97	23.04	22.99	27.00	0.06	0.00
LBC	39	26.95	23.06	23.01	26.97	0.00	0.00
LBC	40	26.85	23.17	23.10	26.89	0.00	0.00
LBC	41	26.91	23.11	23.06	26.92	0.01	0.00
LBC	42	26.85	23.17	23.10	26.88	0.05	0.00
LBC	43	26.89	23.13	23.07	26.92	0.07	0.00
LBC	44	26.88	23.12	23.07	26.93	0.06	0.00
LBC	45	26.87	23.14	23.08	26.91	0.00	0.00
LBC	46	26.88	23.14	23.08	26.90	0.00	0.00
LBC	47	26.92	23.08	23.05	26.95	0.00	0.00
LBC	48	26.85	23.15	23.12	26.88	0.00	0.00
LBC	49	26.87	23.15	23.08	26.89	0.00	0.00
LBC	50	26.83	23.18	23.13	26.86	0.00	0.00
LBC	51	26.94	23.05	23.02	26.99	0.10	0.00
LBC	52	26.83	23.16	23.10	26.90	0.00	0.00
LBC	53	26.80	23.22	23.16	26.82	0.01	0.00
LBC	54	26.96	23.06	23.01	26.97	0.17	0.00
LBC	55	26.83	23.18	23.13	26.85	0.00	0.00
LBC	56	26.83	23.19	23.12	26.86	0.02	0.00
LBC	57	26.79	23.21	23.16	26.84	0.00	0.00
LBC	58	26.79	23.21	23.17	26.84	0.25	0.00
LBC	59	26.81	23.19	23.15	26.84	0.00	0.00
LBC	60	26.83	23.17	23.15	26.85	0.00	0.00
LBC	61	26.73	23.27	23.21	26.79	0.00	0.00
LBC	62	26.79	23.22	23.17	26.82	0.09	0.00
LBC	63	26.80	23.19	23.14	26.87	0.00	0.00
LBC	64	26.73	23.26	23.23	26.78	0.05	0.00
LBC	65	26.81	23.19	23.17	26.83	0.00	0.00
LBC	66	26.77	23.24	23.19	26.80	0.01	0.00
LBC	67	26.77	23.26	23.19	26.78	0.33	0.00
LBC	68	26.78	23.22	23.19	26.81	0.04	0.00
LBC	69	26.77	23.24	23.19	26.80	0.00	0.00
LBC	70	26.76	23.25	23.20	26.80	0.00	0.00
LBC	71	26.77	23.25	23.19	26.79	0.00	0.00
LBC	72	26.76	23.23	23.21	26.80	0.00	0.00
LBC	73	26.74	23.29	23.22	26.75	0.12	0.00
LBC	74	26.74	23.29	23.22	26.75	0.00	0.00
LBC	75	26.72	23.26	23.25	26.77	0.00	0.00
LBC	76	26.71	23.28	23.27	26.75	0.00	0.00
LBC	77	26.71	23.28	23.23	26.77	0.00	0.00
LBC	78	26.70	23.29	23.26	26.74	0.05	0.00
LBC	79	26.65	23.35	23.32	26.68	0.16	0.00
LBC	80	26.70	23.29	23.26	26.75	0.32	0.00
LBC	81	26.74	23.26	23.21	26.80	0.00	0.00
LBC	82	26.72	23.27	23.24	26.76	0.00	0.00
LBC	83	26.85	23.13	23.11	26.92	0.42	0.00
LBC	84	26.73	23.26	23.23	26.78	0.00	0.00
LBC	85	26.63	23.34	23.31	26.71	0.25	0.00
LBC	86	26.72	23.28	23.27	26.73	0.08	0.00
LBC	87	26.68	23.32	23.28	26.71	0.00	0.00
LBC	88	26.67	23.34	23.28	26.70	0.00	0.00
LBC	89	26.67	23.35	23.30	26.68	0.02	0.00
LBC	90	26.67	23.32	23.29	26.72	0.00	0.00
LBC	91	26.68	23.33	23.29	26.71	0.01	0.00
LBC	92	26.77	23.24	23.20	26.79	0.79	0.00
LBC	93	26.68	23.31	23.30	26.71	0.08	0.00
LBC	94	26.76	23.24	23.20	26.79	0.36	0.00
LBC	95	26.62	23.40	23.34	26.64	0.07	0.00
LBC	96	26.77	23.23	23.19	26.81	0.14	0.00
LBC	97	26.57	23.42	23.39	26.62	0.00	0.00
LBC	98	26.60	23.41	23.37	26.61	0.00	0.00
LBC	99	26.59	23.41	23.35	26.65	0.00	0.00
LBC	100	26.59	23.42	23.36	26.63	0.00	0.00
LBC	101	26.58	23.42	23.36	26.63	0.01	0.00
LBC	102	26.57	23.42	23.38	26.63	0.59	0.00
LBC	103	26.56	23.44	23.39	26.62	0.05	0.00
LBC	104	26.58	23.43	23.36	26.63	0.10	0.00
LBC	105	26.56	23.44	23.39	26.61	0.01	0.00
LBC	106	26.57	23.43	23.38	26.63	0.16	0.00
LBC	107	26.53	23.45	23.43	26.59	0.00	0.00
LBC	108	26.59	23.40	23.36	26.65	0.02	0.00
LBC	109	26.51	23.51	23.43	26.55	0.04	0.00
LBC	110	26.51	23.49	23.45	26.55	0.00	0.00
LBC	111	26.52	23.47	23.44	26.57	0.00	0.00
LBC	112	26.52	23.48	23.41	26.58	0.00	0.00
LBC	113	26.55	23.45	23.38	26.62	0.03	0.00
LBC	114	26.53	23.47	23.41	26.60	0.00	0.00
LBC	115	26.53	23.47	23.44	26.55	0.01	0.00
LBC	116	26.52	23.48	23.44	26.56	0.00	0.00
LBC	117	26.64	23.37	23.34	26.65	0.16	0.00
LBC	118	26.46	23.54	23.48	26.51	0.00	0.00
LBC	119	26.50	23.50	23.46	26.54	0.00	0.00
LBC	120	26.53	23.50	23.44	26.53	0.00	0.00
LBC	121	26.46	23.52	23.49	26.52	0.00	0.00
LBC	122	26.48	23.50	23.47	26.55	0.06	0.00
LBC	123	26.51	23.49	23.43	26.57	0.40	0.00
LBC	124	26.50	23.49	23.47	26.55	0.01	0.00
LBC	125	26.46	23.53	23.49	26.51	0.00	0.00
LBC	126	26.58	23.43	23.39	26.60	0.01	0.00
LBC	127	26.46	23.54	23.51	26.49	0.14	0.00
LBC	128	26.45	23.55	23.50	26.50	0.00	0.00
LBC	129	26.41	23.60	23.54	26.45	0.00	0.00
LBC	130	26.53	23.47	23.43	26.57	0.34	0.00
LBC	131	26.45	23.54	23.50	26.51	0.16	0.00
LBC	132	26.47	23.54	23.49	26.50	0.02	0.00
LBC	133	26.44	23.55	23.52	26.49	0.00	0.00
LBC	134	26.46	23.53	23.50	26.51	0.01	0.00
LBC	135	26.42	23.58	23.53	26.47	0.04	0.00
LBC	136	26.43	23.57	23.52	26.47	0.00	0.00
LBC	137	26.45	23.54	23.51	26.50	0.05	0.00
LBC	138	26.47	23.54	23.49	26.50	0.00	0.00
LBC	139	26.42	23.57	23.54	26.47	0.00	0.00
LBC	140	26.41	23.59	23.53	26.46	0.00	0.00
LBC	141	26.39	23.63	23.57	26.41	0.05	0.00
LBC	142	26.35	23.66	23.61	26.37	0.00	0.00
LBC	143	26.35	23.67	23.59	26.39	0.00	0.00
LBC	144	26.30	23.69	23.66	26.35	0.04	0.00
LBC	145	22.70	27.29	27.29	22.72	0.01	0.00
LBC	146	25.59	24.44	24.37	25.61	0.03	0.00
LBC	147	26.57	23.42	23.39	26.62	0.06	0.00
LBC	148	26.60	23.39	23.36	26.65	0.00	0.00
# ACGT raw counters for last fragments. Use `grep ^LTC | cut -f 2-` to extract this part. The columns are: A,C,G,T,N base counters
LTC	1203489113	1050843224	1048804987	1205174086	2692080
# Insert sizes. Use `grep ^IS | cut -f 2-` to extract this part. The columns are: insert size, pairs total, inward oriented pairs, outward oriented pairs, other pairs
IS	0	0	0	0	0
IS	1	0	0	0	0
IS	2	11	0	11	0
IS	3	8	0	8	0
IS	4	10	0	10	0
IS	5	18	0	18	0
IS	6	17	0	17	0
IS	7	12	0	12	0
IS	8	14	0	14	0
IS	9	13	0	13	0
IS	10	11	0	11	0
IS	11	22	0	22	0
IS	12	7	0	7	0
IS	13	15	0	15	0
IS	14	16	0	16	0
IS	15	18	0	18	0
IS	16	5	0	5	0
IS	17	10	0	10	0
IS	18	14	0	14	0
IS	19	277	123	154	0
IS	20	221	99	122	0
IS	21	134	60	74	0
IS	22	48	20	28	0
IS	23	75	21	54	0
IS	24	34	5	29	0
IS	25	28	7	21	0
IS	26	34	10	24	0
IS	27	23	5	18	0
IS	28	50	16	34	0
IS	29	37	9	28	0
IS	30	38	13	25	0
IS	31	38	11	27	0
IS	32	34	17	17	0
IS	33	71	29	42	0
IS	34	47	19	28	0
IS	35	63	19	44	0
IS	36	220	103	117	0
IS	37	118	35	83	0
IS	38	141	62	79	0
IS	39	179	77	102	0
IS	40	141	43	98	0
IS	41	178	67	111	0
IS	42	197	62	135	0
IS	43	222	58	164	0
IS	44	240	85	155	0
IS	45	258	86	172	0
IS	46	307	95	210	2
IS	47	288	102	185	1
IS	48	357	109	248	0
IS	49	400	119	281	0
IS	50	397	158	237	2
IS	51	415	129	285	1
IS	52	442	166	276	0
IS	53	510	183	325	2
IS	54	534	167	367	0
IS	55	595	214	381	0
IS	56	607	212	395	0
IS	57	650	210	440	0
IS	58	659	224	433	2
IS	59	741	276	463	2
IS	60	793	275	514	4
IS	61	847	297	547	3
IS	62	939	303	634	2
IS	63	966	327	637	2
IS	64	1053	355	697	1
IS	65	1106	375	729	2
IS	66	1150	372	776	2
IS	67	1245	421	822	2
IS	68	1304	450	852	2
IS	69	1414	534	876	4
IS	70	1404	517	883	4
IS	71	1662	595	1064	3
IS	72	1728	589	1135	4
IS	73	1801	597	1197	7
IS	74	1869	666	1197	6
IS	75	2032	692	1337	3
IS	76	2101	745	1348	8
IS	77	2206	787	1407	12
IS	78	2232	762	1463	7
IS	79	2480	842	1630	8
IS	80	2624	907	1709	8
IS	81	2825	1069	1748	8
IS	82	2935	998	1927	10
IS	83	3182	1104	2063	15
IS	84	3388	1157	2210	21
IS	85	3415	1131	2265	19
IS	86	3689	1240	2426	23
IS	87	3873	1364	2499	10
IS	88	3953	1383	2557	13
IS	89	4312	1463	2835	14
IS	90	4659	1631	3014	14
IS	91	4778	1635	3127	16
IS	92	4892	1730	3133	29
IS	93	5291	1847	3423	21
IS	94	5576	1990	3569	17
IS	95	5935	2129	3788	18
IS	96	6132	2130	3987	15
IS	97	6441	2282	4141	18
IS	98	6789	2343	4420	26
IS	99	6953	2446	4491	16
IS	100	7442	2628	4790	24
IS	101	7766	2672	5070	24
IS	102	8167	2922	5224	21
IS	103	8576	2948	5608	20
IS	104	9059	3188	5838	33
IS	105	9454	3223	6197	34
IS	106	9716	3389	6300	27
IS	107	10306	3685	6591	30
IS	108	10923	3844	7059	20
IS	109	11418	3958	7438	22
IS	110	11752	4152	7578	22
IS	111	12582	4401	8163	18
IS	112	13218	4737	8452	29
IS	113	13854	4895	8928	31
IS	114	14192	5038	9125	29
IS	115	15029	5322	9680	27
IS	116	15645	5450	10166	29
IS	117	16653	5855	10771	27
IS	118	17022	6181	10819	22
IS	119	17608	6475	11094	39
IS	120	18347	6656	11671	20
IS	121	18978	7153	11801	24
IS	122	19979	7670	12285	24
IS	123	21025	7656	13339	30
IS	124	21949	7989	13937	23
IS	125	22863	8304	14544	15
IS	126	23511	8514	14966	31
IS	127	24666	8797	15856	13
IS	128	25769	10009	15737	23
IS	129	26386	11256	15112	18
IS	130	27666	11903	15740	23
IS	131	28958	14735	14200	23
IS	132	30345	17124	13198	23
IS	133	31648	17501	14122	25
IS	134	32879	19172	13674	33
IS	135	34094	19978	14082	34
IS	136	34816	20585	14207	24
IS	137	36248	21379	14837	32
IS	138	37706	22256	15419	31
IS	139	39079	22757	16303	19
IS	140	40253	23527	16694	32
IS	141	41614	24132	17456	26
IS	142	42252	24756	17466	30
IS	143	44314	24304	19980	30
IS	144	46273	26916	19322	35
IS	145	47649	28047	19569	33
IS	146	49308	24996	24279	33
IS	147	50987	24825	26124	38
IS	148	52562	38715	13834	13
IS	149	53728	53550	149	29
IS	150	55126	55054	46	26
IS	151	57030	56959	40	31
IS	152	59383	59327	22	34
IS	153	60614	60571	18	25
IS	154	62970	62919	19	32
IS	155	64697	64657	6	34
IS	156	67070	67040	7	23
IS	157	68676	68640	10	26
IS	158	70350	70315	7	28
IS	159	71548	71510	9	29
IS	160	73656	73622	4	30
IS	161	75490	75451	7	32
IS	162	77577	77555	3	19
IS	163	79647	79614	6	27
IS	164	82554	82530	2	22
IS	165	84429	84405	4	20
IS	166	86677	86636	8	33
IS	167	88856	88812	8	36
IS	168	90179	90155	1	23
IS	169	92291	92266	1	24
IS	170	94059	94032	0	27
IS	171	95836	95798	1	37
IS	172	97510	97474	2	34
IS	173	100558	100523	3	32
IS	174	102186	102151	3	32
IS	175	104301	104281	0	20
IS	176	106350	106316	1	33
IS	177	108508	108482	1	25
IS	178	110418	110377	4	37
IS	179	112470	112432	1	37
IS	180	113963	113927	6	30
IS	181	116072	116047	1	24
IS	182	117538	117508	0	30
IS	183	119704	119673	1	30
IS	184	121917	121872	2	43
IS	185	123920	123886	1	33
IS	186	125934	125907	1	26
IS	187	127850	127820	0	30
IS	188	128499	128471	2	26
IS	189	131544	131517	1	26
IS	190	131971	131934	0	37
IS	191	133374	133336	3	35
IS	192	134853	134830	0	23
IS	193	136502	136474	0	28
IS	194	138475	138447	2	26
IS	195	139989	139963	0	26
IS	196	142354	142319	0	35
IS	197	143049	143022	1	26
IS	198	144245	144225	0	20
IS	199	145282	145258	0	24
IS	200	146325	146293	0	32
IS	201	147100	147076	1	23
IS	202	148775	148748	1	26
IS	203	150291	150262	0	29
IS	204	151548	151514	3	31
IS	205	152330	152299	0	31
IS	206	154396	154362	2	32
IS	207	154530	154496	1	33
IS	208	155673	155644	1	28
IS	209	156677	156645	0	32
IS	210	156452	156419	1	32
IS	211	156945	156915	0	30
IS	212	156987	156958	0	29
IS	213	158157	158118	1	38
IS	214	159600	159578	0	22
IS	215	159889	159860	0	29
IS	216	160359	160328	0	31
IS	217	161997	161966	1	30
IS	218	161385	161359	2	24
IS	219	161061	161036	0	25
IS	220	161857	161830	0	27
IS	221	160605	160573	1	31
IS	222	161401	161377	1	23
IS	223	161674	161646	0	28
IS	224	162712	162687	2	23
IS	225	162882	162853	2	27
IS	226	163304	163266	1	37
IS	227	163585	163565	1	19
IS	228	163297	163275	1	21
IS	229	163027	163006	1	20
IS	230	163426	163401	0	25
IS	231	162741	162715	0	26
IS	232	161816	161794	0	22
IS	233	161274	161242	0	32
IS	234	161702	161675	1	26
IS	235	162133	162109	1	23
IS	236	162860	162837	0	23
IS	237	162339	162308	1	30
IS	238	162146	162113	0	33
IS	239	160677	160649	0	28
IS	240	160462	160428	1	33
IS	241	160064	160036	0	28
IS	242	159139	159110	0	29
IS	243	158510	158484	2	24
IS	244	158892	158860	0	32
IS	245	157945	157925	2	18
IS	246	157954	157923	0	31
IS	247	157820	157799	0	21
IS	248	156888	156868	0	20
IS	249	156556	156526	0	30
IS	250	155511	155474	2	35
IS	251	154520	154501	0	19
IS	252	153762	153735	1	26
IS	253	153240	153208	0	32
IS	254	153206	153180	1	25
IS	255	152444	152429	0	15
IS	256	151567	151544	1	22
IS	257	151681	151650	2	29
IS	258	150868	150837	0	31
IS	259	150424	150404	2	18
IS	260	148969	148946	0	23
IS	261	148340	148320	1	19
IS	262	147722	147701	0	21
IS	263	146377	146355	0	22
IS	264	145163	145132	1	30
IS	265	144644	144624	0	20
IS	266	143676	143641	2	33
IS	267	143010	142991	0	19
IS	268	142913	142893	1	19
IS	269	142813	142787	0	26
IS	270	140808	140773	0	35
IS	271	139771	139738	2	31
IS	272	138670	138645	0	25
IS	273	136979	136969	0	10
IS	274	136353	136326	0	27
IS	275	136406	136385	0	21
IS	276	135167	135143	0	24
IS	277	134863	134845	0	18
IS	278	133808	133782	0	26
IS	279	132691	132671	0	20
IS	280	132125	132100	1	24
IS	281	130977	130954	2	21
IS	282	129317	129296	0	21
IS	283	127714	127682	0	32
IS	284	128053	128032	0	21
IS	285	126679	126642	0	37
IS	286	125796	125767	0	29
IS	287	125499	125485	0	14
IS	288	124570	124544	0	26
IS	289	123610	123594	0	16
IS	290	122743	122722	0	21
IS	291	121661	121641	0	20
IS	292	119450	119432	0	18
IS	293	119368	119350	0	18
IS	294	117519	117492	1	26
IS	295	116529	116501	0	28
IS	296	115919	115890	1	28
IS	297	115227	115209	0	18
IS	298	114629	114608	0	21
IS	299	113857	113842	0	15
IS	300	112986	112966	0	20
IS	301	111616	111602	0	14
IS	302	110812	110777	2	33
IS	303	109191	109170	1	20
IS	304	108204	108178	0	26
IS	305	107584	107563	1	20
IS	306	106679	106652	3	24
IS	307	105907	105876	0	31
IS	308	104605	104573	1	31
IS	309	104532	104501	1	30
IS	310	103995	103971	0	24
IS	311	102836	102814	0	22
IS	312	101725	101708	1	16
IS	313	99921	99897	0	24
IS	314	99503	99482	1	20
IS	315	98259	98235	1	23
IS	316	97433	97416	0	17
IS	317	96672	96637	0	35
IS	318	96044	96028	0	16
IS	319	95744	95722	0	22
IS	320	94573	94551	0	22
IS	321	93717	93697	0	20
IS	322	92378	92362	1	15
IS	323	91140	91113	0	27
IS	324	90352	90318	2	32
IS	325	88694	88663	0	31
IS	326	88025	88004	2	19
IS	327	87253	87219	2	32
IS	328	87072	87039	1	32
IS	329	85643	85623	0	20
IS	330	85679	85659	1	19
IS	331	84692	84666	0	26
IS	332	83479	83446	0	33
IS	333	83124	83097	0	27
IS	334	81657	81634	0	23
IS	335	80471	80445	0	26
IS	336	79748	79725	1	22
IS	337	79155	79136	0	19
IS	338	78253	78239	0	14
IS	339	77669	77636	1	32
IS	340	77141	77124	1	16
IS	341	76601	76579	0	22
IS	342	75235	75209	1	25
IS	343	75055	75028	2	25
IS	344	73640	73622	1	17
IS	345	72570	72536	1	33
IS	346	71903	71884	1	18
IS	347	70662	70638	1	23
IS	348	69693	69668	0	25
IS	349	69689	69656	0	33
IS	350	69158	69137	2	19
IS	351	68510	68490	0	20
IS	352	67110	67092	2	16
IS	353	66500	66479	1	20
IS	354	65969	65950	1	18
IS	355	65461	65441	0	20
IS	356	64499	64469	0	30
IS	357	63728	63706	0	22
IS	358	62567	62542	0	25
IS	359	62243	62207	2	34
IS	360	62285	62255	0	30
IS	361	61079	61059	1	19
IS	362	60601	60575	0	26
IS	363	59630	59602	1	27
IS	364	59119	59088	0	31
IS	365	58125	58093	1	31
IS	366	56947	56930	0	17
IS	367	56754	56740	1	13
IS	368	55802	55778	2	22
IS	369	54956	54922	1	33
IS	370	55080	55063	1	16
IS	371	54516	54496	0	20
IS	372	53638	53609	0	29
IS	373	52954	52926	1	27
IS	374	52275	52252	1	22
IS	375	51900	51878	1	21
IS	376	51221	51203	1	17
IS	377	50204	50182	2	20
IS	378	49559	49532	0	27
IS	379	48586	48570	0	16
IS	380	48092	48072	1	19
IS	381	48102	48072	1	29
IS	382	47361	47327	2	32
IS	383	47004	46973	2	29
IS	384	46623	46603	0	20
IS	385	45688	45672	0	16
IS	386	45074	45049	3	22
IS	387	44332	44314	1	17
IS	388	43589	43566	1	22
IS	389	43022	43006	0	16
IS	390	42411	42388	3	20
IS	391	42293	42274	0	19
IS	392	41897	41859	2	36
IS	393	41347	41317	2	28
IS	394	40741	40723	2	16
IS	395	40178	40146	2	30
IS	396	39780	39755	0	25
IS	397	38668	38637	1	30
IS	398	38194	38165	0	29
IS	399	38607	38586	0	21
IS	400	37225	37198	0	27
IS	401	37044	37021	1	22
IS	402	36693	36666	0	27
IS	403	36411	36391	0	20
IS	404	35728	35705	1	22
IS	405	35307	35272	1	34
IS	406	34547	34526	1	20
IS	407	34092	34075	0	17
IS	408	33708	33665	3	40
IS	409	33547	33524	0	23
IS	410	33106	33078	2	26
IS	411	32444	32421	0	23
IS	412	31929	31906	0	23
IS	413	32135	32114	1	20
IS	414	31690	31668	1	21
IS	415	31077	31050	2	25
IS	416	30424	30391	1	32
IS	417	30285	30255	2	28
IS	418	29654	29626	2	26
IS	419	29110	29083	0	27
IS	420	29069	29048	4	17
IS	421	28369	28341	6	22
IS	422	28000	27977	0	23
IS	423	27322	27294	0	28
IS	424	27370	27340	4	26
IS	425	27096	27070	1	25
IS	426	26706	26686	0	20
IS	427	26334	26316	0	18
IS	428	25762	25740	4	18
IS	429	25803	25775	3	25
IS	430	25056	25033	1	22
IS	431	24857	24827	1	29
IS	432	24317	24282	1	34
IS	433	24199	24173	1	25
IS	434	23728	23709	4	15
IS	435	23595	23569	2	24
IS	436	23017	22992	1	24
IS	437	22834	22806	2	26
IS	438	22532	22513	1	18
IS	439	22223	22198	3	22
IS	440	21531	21505	1	25
IS	441	21784	21764	0	20
IS	442	21102	21075	1	26
IS	443	20896	20865	3	28
IS	444	20599	20579	1	19
IS	445	20116	20088	1	27
IS	446	20165	20148	0	17
IS	447	19987	19960	2	25
IS	448	19817	19796	1	20
IS	449	19285	19265	3	17
IS	450	19074	19050	2	22
IS	451	18831	18811	1	19
IS	452	18535	18507	1	27
IS	453	18047	18021	2	24
IS	454	17512	17480	0	32
IS	455	17520	17500	0	20
IS	456	17246	17208	3	35
IS	457	17171	17141	0	30
IS	458	16764	16746	0	18
IS	459	16740	16715	1	24
IS	460	16455	16429	2	24
IS	461	16180	16152	4	24
IS	462	15618	15592	2	24
IS	463	15380	15358	1	21
IS	464	15313	15276	1	36
IS	465	15210	15182	3	25
IS	466	15005	14975	0	30
IS	467	14888	14864	0	24
IS	468	14566	14534	2	30
IS	469	14296	14273	0	23
IS	470	13971	13953	1	17
IS	471	14000	13981	0	19
IS	472	13455	13422	0	33
IS	473	13235	13206	4	25
IS	474	13196	13175	1	20
IS	475	13019	12993	1	25
IS	476	13018	12995	1	22
IS	477	12615	12592	2	21
IS	478	12425	12394	2	29
IS	479	12413	12376	3	34
IS	480	12065	12038	0	27
IS	481	11958	11934	1	23
IS	482	11692	11667	2	23
IS	483	11443	11419	0	24
IS	484	11309	11294	1	14
IS	485	11219	11184	4	31
IS	486	11016	10992	1	23
IS	487	10883	10860	1	22
IS	488	10712	10690	2	20
IS	489	10592	10567	1	24
IS	490	10344	10314	1	29
IS	491	10108	10077	1	30
IS	492	10204	10180	0	24
IS	493	9778	9756	1	21
IS	494	9807	9789	0	18
IS	495	9759	9737	4	18
IS	496	9560	9537	0	23
IS	497	9332	9303	1	28
IS	498	9021	8987	0	34
IS	499	9047	9032	1	14
IS	500	9006	8975	1	30
IS	501	8636	8610	2	24
IS	502	8511	8491	1	19
IS	503	8511	8482	0	29
IS	504	8134	8112	1	21
IS	505	8299	8266	1	32
IS	506	8090	8071	0	19
IS	507	7870	7841	1	28
IS	508	7659	7636	0	23
IS	509	7731	7712	0	19
IS	510	7714	7688	0	26
IS	511	7525	7505	0	20
IS	512	7211	7185	0	26
IS	513	6992	6972	0	20
IS	514	7084	7061	0	23
IS	515	7051	7023	0	28
IS	516	6938	6918	0	20
IS	517	6779	6756	0	23
IS	518	6661	6632	0	29
IS	519	6521	6494	2	25
IS	520	6394	6358	0	36
IS	521	6453	6425	0	28
IS	522	6302	6271	1	30
IS	523	6218	6193	0	25
IS	524	6104	6074	1	29
IS	525	5959	5940	0	19
IS	526	5854	5829	0	25
IS	527	5738	5720	0	18
IS	528	5711	5690	1	20
IS	529	5587	5556	0	31
IS	530	5420	5402	0	18
IS	531	5300	5278	0	22
IS	532	5314	5295	1	18
IS	533	5358	5333	0	25
IS	534	5122	5104	1	17
IS	535	5069	5050	0	19
IS	536	5024	5007	1	16
IS	537	4870	4846	1	23
# Read lengths. Use `grep ^RL | cut -f 2-` to extract this part. The columns are: read length, count
RL	36	19014
RL	37	19958
RL	38	20749
RL	39	23498
RL	40	20477
RL	41	19856
RL	42	20212
RL	43	20299
RL	44	21642
RL	45	21333
RL	46	21212
RL	47	20463
RL	48	19893
RL	49	20695
RL	50	20318
RL	51	21279
RL	52	23633
RL	53	26273
RL	54	25689
RL	55	22735
RL	56	22839
RL	57	21766
RL	58	22125
RL	59	22099
RL	60	22435
RL	61	22881
RL	62	22521
RL	63	24584
RL	64	26186
RL	65	23908
RL	66	22788
RL	67	23076
RL	68	25777
RL	69	24989
RL	70	25171
RL	71	26543
RL	72	23957
RL	73	23578
RL	74	25302
RL	75	27626
RL	76	27546
RL	77	27513
RL	78	25881
RL	79	25338
RL	80	25169
RL	81	26759
RL	82	27531
RL	83	30123
RL	84	32755
RL	85	31287
RL	86	28673
RL	87	27539
RL	88	28576
RL	89	29102
RL	90	28713
RL	91	29035
RL	92	30170
RL	93	33553
RL	94	33215
RL	95	33363
RL	96	32828
RL	97	32295
RL	98	31056
RL	99	30991
RL	100	32340
RL	101	34440
RL	102	34775
RL	103	35195
RL	104	34517
RL	105	34815
RL	106	36618
RL	107	37819
RL	108	37682
RL	109	37360
RL	110	38088
RL	111	37676
RL	112	38156
RL	113	39855
RL	114	40430
RL	115	41203
RL	116	43919
RL	117	45772
RL	118	45293
RL	119	44463
RL	120	45194
RL	121	46212
RL	122	46420
RL	123	48323
RL	124	52043
RL	125	57620
RL	126	61898
RL	127	87659
RL	128	77811
RL	129	71565
RL	130	73343
RL	131	84937
RL	132	100304
RL	133	104437
RL	134	117525
RL	135	126514
RL	136	134642
RL	137	146827
RL	138	175755
RL	139	225521
RL	140	320733
RL	141	463862
RL	142	397945
RL	143	664715
RL	144	1618539
RL	145	3275837
RL	146	1708647
RL	147	7158886
RL	148	42390678
# Read lengths - first fragments. Use `grep ^FRL | cut -f 2-` to extract this part. The columns are: read length, count
FRL	36	9566
FRL	37	10119
FRL	38	10551
FRL	39	11933
FRL	40	10417
FRL	41	10156
FRL	42	10308
FRL	43	10377
FRL	44	11016
FRL	45	10936
FRL	46	10868
FRL	47	10452
FRL	48	10177
FRL	49	10581
FRL	50	10360
FRL	51	11006
FRL	52	12182
FRL	53	13425
FRL	54	13026
FRL	55	11691
FRL	56	11638
FRL	57	11188
FRL	58	11263
FRL	59	11115
FRL	60	11661
FRL	61	11804
FRL	62	11703
FRL	63	12676
FRL	64	13556
FRL	65	12387
FRL	66	11889
FRL	67	11880
FRL	68	13448
FRL	69	13041
FRL	70	12947
FRL	71	13892
FRL	72	12667
FRL	73	12674
FRL	74	13533
FRL	75	14643
FRL	76	14764
FRL	77	14792
FRL	78	13911
FRL	79	13737
FRL	80	13739
FRL	81	14771
FRL	82	15190
FRL	83	16307
FRL	84	17848
FRL	85	16924
FRL	86	15867
FRL	87	15465
FRL	88	15944
FRL	89	16176
FRL	90	16126
FRL	91	16363
FRL	92	16859
FRL	93	18564
FRL	94	18785
FRL	95	19037
FRL	96	18852
FRL	97	18882
FRL	98	18372
FRL	99	18397
FRL	100	19201
FRL	101	20512
FRL	102	20833
FRL	103	20783
FRL	104	20881
FRL	105	21119
FRL	106	22116
FRL	107	23061
FRL	108	23166
FRL	109	22954
FRL	110	23717
FRL	111	23661
FRL	112	24096
FRL	113	25299
FRL	114	25412
FRL	115	26316
FRL	116	27755
FRL	117	29706
FRL	118	28987
FRL	119	29045
FRL	120	30107
FRL	121	30689
FRL	122	30939
FRL	123	32896
FRL	124	35550
FRL	125	40095
FRL	126	44629
FRL	127	70401
FRL	128	59691
FRL	129	53612
FRL	130	53612
FRL	131	53594
FRL	132	57868
FRL	133	63075
FRL	134	64904
FRL	135	71475
FRL	136	75343
FRL	137	82188
FRL	138	102855
FRL	139	125917
FRL	140	173205
FRL	141	257289
FRL	142	223491
FRL	143	384817
FRL	144	919532
FRL	145	1964717
FRL	146	1116682
FRL	147	3981728
FRL	148	19592654
# Read lengths - last fragments. Use `grep ^LRL | cut -f 2-` to extract this part. The columns are: read length, count
LRL	36	9448
LRL	37	9839
LRL	38	10198
LRL	39	11565
LRL	40	10060
LRL	41	9700
LRL	42	9904
LRL	43	9922
LRL	44	10626
LRL	45	10397
LRL	46	10344
LRL	47	10011
LRL	48	9716
LRL	49	10114
LRL	50	9958
LRL	51	10273
LRL	52	11451
LRL	53	12848
LRL	54	12663
LRL	55	11044
LRL	56	11201
LRL	57	10578
LRL	58	10862
LRL	59	10984
LRL	60	10774
LRL	61	11077
LRL	62	10818
LRL	63	11908
LRL	64	12630
LRL	65	11521
LRL	66	10899
LRL	67	11196
LRL	68	12329
LRL	69	11948
LRL	70	12224
LRL	71	12651
LRL	72	11290
LRL	73	10904
LRL	74	11769
LRL	75	12983
LRL	76	12782
LRL	77	12721
LRL	78	11970
LRL	79	11601
LRL	80	11430
LRL	81	11988
LRL	82	12341
LRL	83	13816
LRL	84	14907
LRL	85	14363
LRL	86	12806
LRL	87	12074
LRL	88	12632
LRL	89	12926
LRL	90	12587
LRL	91	12672
LRL	92	13311
LRL	93	14989
LRL	94	14430
LRL	95	14326
LRL	96	13976
LRL	97	13413
LRL	98	12684
LRL	99	12594
LRL	100	13139
LRL	101	13928
LRL	102	13942
LRL	103	14412
LRL	104	13636
LRL	105	13696
LRL	106	14502
LRL	107	14758
LRL	108	14516
LRL	109	14406
LRL	110	14371
LRL	111	14015
LRL	112	14060
LRL	113	14556
LRL	114	15018
LRL	115	14887
LRL	116	16164
LRL	117	16066
LRL	118	16306
LRL	119	15418
LRL	120	15087
LRL	121	15523
LRL	122	15481
LRL	123	15427
LRL	124	16493
LRL	125	17525
LRL	126	17269
LRL	127	17258
LRL	128	18120
LRL	129	17953
LRL	130	19731
LRL	131	31343
LRL	132	42436
LRL	133	41362
LRL	134	52621
LRL	135	55039
LRL	136	59299
LRL	137	64639
LRL	138	72900
LRL	139	99604
LRL	140	147528
LRL	141	206573
LRL	142	174454
LRL	143	279898
LRL	144	699007
LRL	145	1311120
LRL	146	591965
LRL	147	3177158
LRL	148	22798024
# Indel distribution. Use `grep ^ID | cut -f 2-` to extract this part. The columns are: length, number of insertions, number of deletions
ID	1	1385183	297357
ID	2	76337	100898
ID	3	32573	47977
ID	4	36020	47461
ID	5	23467	14412
ID	6	8981	12892
ID	7	2679	2972
ID	8	4800	7266
ID	9	2637	3915
ID	10	4656	4762
ID	11	921	1462
ID	12	2347	3772
ID	13	537	1337
ID	14	947	1950
ID	15	1209	1683
ID	16	653	1428
ID	17	266	538
ID	18	755	987
ID	19	186	347
ID	20	356	786
ID	21	312	679
ID	22	157	676
ID	23	146	163
ID	24	165	475
ID	25	114	229
ID	26	35	182
ID	27	139	203
ID	28	44	148
ID	29	48	66
ID	30	95	395
ID	31	23	51
ID	32	11	93
ID	33	26	22
ID	34	1	58
ID	35	22	21
ID	36	13	69
ID	37	3	15
ID	38	0	107
ID	39	2	30
ID	40	2	19
ID	41	0	6
ID	42	5	61
ID	43	0	16
ID	44	0	20
ID	45	0	17
ID	46	0	8
ID	47	0	6
ID	48	0	16
ID	49	0	13
ID	50	0	8
ID	51	0	5
ID	52	0	25
ID	53	0	1
ID	54	0	3
ID	55	0	2
ID	56	0	6
ID	57	0	11
ID	58	0	3
ID	59	0	5
ID	62	0	2
# Indels per cycle. Use `grep ^IC | cut -f 2-` to extract this part. The columns are: cycle, number of insertions (fwd), .. (rev) , number of deletions (fwd), .. (rev)
IC	1	0	0	1	2
IC	2	1	1	2	2
IC	3	0	0	494	502
IC	4	1586	469	602	577
IC	5	35719	5804	659	701
IC	6	3972	704	767	796
IC	7	161274	643	875	1001
IC	8	2550	789	1151	1249
IC	9	1441	930	1275	1398
IC	10	1434	954	1221	1546
IC	11	1842	1310	1404	1671
IC	12	8603	1125	1492	1852
IC	13	12717	1150	1389	1702
IC	14	1332	1121	1523	1823
IC	15	8505	1761	1591	1788
IC	16	1326	1277	1597	1788
IC	17	1882	1191	1638	1860
IC	18	1419	1397	1613	1904
IC	19	7966	6384	1672	1878
IC	20	1413	1848	1772	1933
IC	21	1491	10638	1901	1921
IC	22	1397	1763	1762	1913
IC	23	1433	1424	1842	1988
IC	24	1535	1588	1942	2023
IC	25	1491	1905	2036	2046
IC	26	1675	1490	1915	2081
IC	27	2085	1818	1905	2028
IC	28	1736	1591	1989	2090
IC	29	2138	1610	1920	2068
IC	30	6963	1577	2117	2265
IC	31	2528	1609	1996	2270
IC	32	2670	2435	1969	2083
IC	33	2095	1696	2041	2163
IC	34	2677	3815	2057	2124
IC	35	4460	1795	2010	2291
IC	36	2184	1625	2126	2344
IC	37	1651	1684	2116	2249
IC	38	2728	2568	2102	2242
IC	39	2481	1629	1992	2394
IC	40	1800	1654	2113	2258
IC	41	2173	1925	2038	2280
IC	42	2325	15201	2045	2325
IC	43	7823	13244	2167	2218
IC	44	75504	1718	2131	2399
IC	45	3377	1651	2161	2291
IC	46	2071	1636	2161	2345
IC	47	2179	1702	2146	2301
IC	48	1777	1558	2070	2335
IC	49	1583	1516	2196	2347
IC	50	3069	2010	2118	2300
IC	51	2570	1637	2208	2289
IC	52	21334	1585	2193	2379
IC	53	61199	1673	2189	2353
IC	54	3113	1578	2137	2317
IC	55	2399	1558	2097	2332
IC	56	9832	1653	2144	2221
IC	57	1834	1669	2106	2251
IC	58	2189	3085	2160	2329
IC	59	4557	1648	2319	2339
IC	60	1739	1753	2214	2378
IC	61	2448	2803	2160	2270
IC	62	1765	30639	2198	2342
IC	63	2363	2458	2189	2233
IC	64	2490	1803	2347	2309
IC	65	1805	1638	2223	2140
IC	66	1745	1669	2126	2279
IC	67	2547	1747	2150	2262
IC	68	47077	1590	2165	2303
IC	69	2411	2077	2178	2210
IC	70	1744	1543	2199	2266
IC	71	3747	1554	2253	2263
IC	72	5496	1555	2179	2231
IC	73	8566	1584	2142	2180
IC	74	2027	1580	2077	2223
IC	75	1660	1652	2097	2157
IC	76	1748	1768	2174	2231
IC	77	2337	2218	2242	2244
IC	78	3533	6297	2142	2128
IC	79	1712	39489	2211	2153
IC	80	1748	3095	2141	2156
IC	81	2845	1721	2186	2227
IC	82	8330	1792	2154	2181
IC	83	1793	1800	2107	2201
IC	84	1643	1946	2195	2193
IC	85	1708	4547	2091	2234
IC	86	1609	22384	2151	2209
IC	87	1626	2511	2152	2207
IC	88	1980	1645	2091	2149
IC	89	1696	1550	2116	2076
IC	90	1919	1610	2081	2161
IC	91	3983	1764	2141	2161
IC	92	20991	2932	2110	2134
IC	93	3709	7710	2019	2175
IC	94	1768	7222	2080	2133
IC	95	1588	2899	2052	2110
IC	96	1566	4176	2034	2121
IC	97	1663	1841	1979	2005
IC	98	1945	1567	2083	2023
IC	99	3995	1890	2046	1992
IC	100	4158	1431	1959	2168
IC	101	9503	1529	2039	2036
IC	102	2474	1469	1988	2131
IC	103	2320	1472	1901	2029
IC	104	2857	1673	1961	2033
IC	105	9940	2427	1904	1967
IC	106	33983	4459	1881	1930
IC	107	3435	2778	1884	1995
IC	108	1592	4338	1878	1972
IC	109	1358	8816	1855	1972
IC	110	1337	2160	1732	1949
IC	111	1501	1377	1785	1812
IC	112	1335	1331	1724	1789
IC	113	1136	1273	1764	1832
IC	114	1243	1224	1681	1853
IC	115	1247	1307	1646	1871
IC	116	1241	1349	1670	1833
IC	117	1590	1381	1582	1822
IC	118	3916	1336	1587	1760
IC	119	1455	1560	1563	1804
IC	120	1195	2135	1496	1726
IC	121	1548	6458	1479	1820
IC	122	1192	11033	1471	1615
IC	123	885	4959	1442	1686
IC	124	906	2887	1489	1694
IC	125	883	1903	1517	1718
IC	126	1152	2601	2425	1592
IC	127	2073	3196	7306	1578
IC	128	7957	2475	6057	1510
IC	129	5967	3746	3132	1514
IC	130	5235	15500	1980	1427
IC	131	4042	21032	3214	1424
IC	132	4729	12020	2592	1430
IC	133	3505	2906	3863	1377
IC	134	4215	2054	3939	1339
IC	135	7194	2493	3870	1200
IC	136	18559	5709	1510	1190
IC	137	26674	6676	1093	1144
IC	138	17842	3431	926	1030
IC	139	63663	945	837	985
IC	140	112662	818	809	871
IC	141	34127	778	725	813
IC	142	7077	804	674	782
IC	143	1240	869	735	829
IC	144	641	1229	1503	1302
IC	145	991	2540	4081	369
# Coverage distribution. Use `grep ^COV | cut -f 2-` to extract this part.
COV	[1-1]	1	275677023
COV	[2-2]	2	118256330
COV	[3-3]	3	42295971
COV	[4-4]	4	24117457
COV	[5-5]	5	13036265
COV	[6-6]	6	8969512
COV	[7-7]	7	6564819
COV	[8-8]	8	5382211
COV	[9-9]	9	4603023
COV	[10-10]	10	4090827
COV	[11-11]	11	3693964
COV	[12-12]	12	3390724
COV	[13-13]	13	3135015
COV	[14-14]	14	2914572
COV	[15-15]	15	2737715
COV	[16-16]	16	2583399
COV	[17-17]	17	2439613
COV	[18-18]	18	2327874
COV	[19-19]	19	2214766
COV	[20-20]	20	2121293
COV	[21-21]	21	2025743
COV	[22-22]	22	1945163
COV	[23-23]	23	1875141
COV	[24-24]	24	1803545
COV	[25-25]	25	1744767
COV	[26-26]	26	1685164
COV	[27-27]	27	1635068
COV	[28-28]	28	1592427
COV	[29-29]	29	1547090
COV	[30-30]	30	1498495
COV	[31-31]	31	1463026
COV	[32-32]	32	1426804
COV	[33-33]	33	1394981
COV	[34-34]	34	1365229
COV	[35-35]	35	1338334
COV	[36-36]	36	1314546
COV	[37-37]	37	1287658
COV	[38-38]	38	1265306
COV	[39-39]	39	1242838
COV	[40-40]	40	1221921
COV	[41-41]	41	1198388
COV	[42-42]	42	1180838
COV	[43-43]	43	1165474
COV	[44-44]	44	1145787
COV	[45-45]	45	1133876
COV	[46-46]	46	1115937
COV	[47-47]	47	1100827
COV	[48-48]	48	1090796
COV	[49-49]	49	1075922
COV	[50-50]	50	1064015
COV	[51-51]	51	1053157
COV	[52-52]	52	1043920
COV	[53-53]	53	1029169
COV	[54-54]	54	1022045
COV	[55-55]	55	1012873
COV	[56-56]	56	1000869
COV	[57-57]	57	989195
COV	[58-58]	58	984229
COV	[59-59]	59	976780
COV	[60-60]	60	966163
COV	[61-61]	61	958101
COV	[62-62]	62	950597
COV	[63-63]	63	941087
COV	[64-64]	64	933212
COV	[65-65]	65	923811
COV	[66-66]	66	916456
COV	[67-67]	67	904239
COV	[68-68]	68	898324
COV	[69-69]	69	889560
COV	[70-70]	70	881626
COV	[71-71]	71	871146
COV	[72-72]	72	864490
COV	[73-73]	73	852347
COV	[74-74]	74	846343
COV	[75-75]	75	835121
COV	[76-76]	76	824407
COV	[77-77]	77	818820
COV	[78-78]	78	810462
COV	[79-79]	79	796905
COV	[80-80]	80	788424
COV	[81-81]	81	777254
COV	[82-82]	82	766819
COV	[83-83]	83	758809
COV	[84-84]	84	744839
COV	[85-85]	85	733961
COV	[86-86]	86	724978
COV	[87-87]	87	710185
COV	[88-88]	88	698774
COV	[89-89]	89	688675
COV	[90-90]	90	678594
COV	[91-91]	91	665132
COV	[92-92]	92	654459
COV	[93-93]	93	642988
COV	[94-94]	94	632917
COV	[95-95]	95	620012
COV	[96-96]	96	608411
COV	[97-97]	97	597392
COV	[98-98]	98	585415
COV	[99-99]	99	576291
COV	[100-100]	100	564684
COV	[101-101]	101	553636
COV	[102-102]	102	541940
COV	[103-103]	103	531088
COV	[104-104]	104	519381
COV	[105-105]	105	510469
COV	[106-106]	106	499427
COV	[107-107]	107	487634
COV	[108-108]	108	476717
COV	[109-109]	109	465550
COV	[110-110]	110	453359
COV	[111-111]	111	444454
COV	[112-112]	112	434694
COV	[113-113]	113	424713
COV	[114-114]	114	414082
COV	[115-115]	115	404767
COV	[116-116]	116	395546
COV	[117-117]	117	384482
COV	[118-118]	118	373730
COV	[119-119]	119	365328
COV	[120-120]	120	355081
COV	[121-121]	121	347174
COV	[122-122]	122	338057
COV	[123-123]	123	327964
COV	[124-124]	124	320146
COV	[125-125]	125	310592
COV	[126-126]	126	304043
COV	[127-127]	127	296595
COV	[128-128]	128	287056
COV	[129-129]	129	280419
COV	[130-130]	130	272447
COV	[131-131]	131	265042
COV	[132-132]	132	256496
COV	[133-133]	133	249428
COV	[134-134]	134	241732
COV	[135-135]	135	234835
COV	[136-136]	136	230173
COV	[137-137]	137	222162
COV	[138-138]	138	216566
COV	[139-139]	139	210379
COV	[140-140]	140	203296
COV	[141-141]	141	196945
COV	[142-142]	142	192448
COV	[143-143]	143	185275
COV	[144-144]	144	179180
COV	[145-145]	145	173457
COV	[146-146]	146	168338
COV	[147-147]	147	163876
COV	[148-148]	148	160128
COV	[149-149]	149	156537
COV	[150-150]	150	150068
COV	[151-151]	151	146729
COV	[152-152]	152	141932
COV	[153-153]	153	138191
COV	[154-154]	154	133952
COV	[155-155]	155	129414
COV	[156-156]	156	125655
COV	[157-157]	157	121441
COV	[158-158]	158	117196
COV	[159-159]	159	113591
COV	[160-160]	160	110011
COV	[161-161]	161	106619
COV	[162-162]	162	104133
COV	[163-163]	163	100999
COV	[164-164]	164	97446
COV	[165-165]	165	94382
COV	[166-166]	166	91044
COV	[167-167]	167	87468
COV	[168-168]	168	84732
COV	[169-169]	169	81658
COV	[170-170]	170	79648
COV	[171-171]	171	77645
COV	[172-172]	172	74952
COV	[173-173]	173	72637
COV	[174-174]	174	71056
COV	[175-175]	175	68679
COV	[176-176]	176	66260
COV	[177-177]	177	64408
COV	[178-178]	178	62107
COV	[179-179]	179	59652
COV	[180-180]	180	58109
COV	[181-181]	181	56620
COV	[182-182]	182	54463
COV	[183-183]	183	52817
COV	[184-184]	184	51264
COV	[185-185]	185	49850
COV	[186-186]	186	48184
COV	[187-187]	187	46733
COV	[188-188]	188	45309
COV	[189-189]	189	43803
COV	[190-190]	190	42313
COV	[191-191]	191	41599
COV	[192-192]	192	39833
COV	[193-193]	193	38846
COV	[194-194]	194	37475
COV	[195-195]	195	36219
COV	[196-196]	196	35363
COV	[197-197]	197	34705
COV	[198-198]	198	33254
COV	[199-199]	199	31921
COV	[200-200]	200	30997
COV	[201-201]	201	30481
COV	[202-202]	202	29589
COV	[203-203]	203	28841
COV	[204-204]	204	27656
COV	[205-205]	205	26967
COV	[206-206]	206	26059
COV	[207-207]	207	25185
COV	[208-208]	208	24639
COV	[209-209]	209	23641
COV	[210-210]	210	23027
COV	[211-211]	211	22210
COV	[212-212]	212	21736
COV	[213-213]	213	21036
COV	[214-214]	214	20412
COV	[215-215]	215	20118
COV	[216-216]	216	19637
COV	[217-217]	217	18941
COV	[218-218]	218	18452
COV	[219-219]	219	17901
COV	[220-220]	220	17590
COV	[221-221]	221	16919
COV	[222-222]	222	16566
COV	[223-223]	223	16060
COV	[224-224]	224	15518
COV	[225-225]	225	15278
COV	[226-226]	226	14771
COV	[227-227]	227	14645
COV	[228-228]	228	13979
COV	[229-229]	229	13674
COV	[230-230]	230	13463
COV	[231-231]	231	12940
COV	[232-232]	232	12747
COV	[233-233]	233	12325
COV	[234-234]	234	11912
COV	[235-235]	235	11400
COV	[236-236]	236	11526
COV	[237-237]	237	10971
COV	[238-238]	238	10630
COV	[239-239]	239	10620
COV	[240-240]	240	10296
COV	[241-241]	241	10334
COV	[242-242]	242	9964
COV	[243-243]	243	9909
COV	[244-244]	244	9686
COV	[245-245]	245	9550
COV	[246-246]	246	9307
COV	[247-247]	247	9151
COV	[248-248]	248	8827
COV	[249-249]	249	8527
COV	[250-250]	250	8069
COV	[251-251]	251	8254
COV	[252-252]	252	8030
COV	[253-253]	253	7747
COV	[254-254]	254	7783
COV	[255-255]	255	7706
COV	[256-256]	256	7337
COV	[257-257]	257	7286
COV	[258-258]	258	7019
COV	[259-259]	259	7117
COV	[260-260]	260	6909
COV	[261-261]	261	6703
COV	[262-262]	262	6830
COV	[263-263]	263	6598
COV	[264-264]	264	6498
COV	[265-265]	265	6304
COV	[266-266]	266	6313
COV	[267-267]	267	6195
COV	[268-268]	268	6163
COV	[269-269]	269	6000
COV	[270-270]	270	5875
COV	[271-271]	271	5906
COV	[272-272]	272	5680
COV	[273-273]	273	5607
COV	[274-274]	274	5441
COV	[275-275]	275	5346
COV	[276-276]	276	5297
COV	[277-277]	277	5290
COV	[278-278]	278	5154
COV	[279-279]	279	5195
COV	[280-280]	280	5253
COV	[281-281]	281	5006
COV	[282-282]	282	4794
COV	[283-283]	283	4929
COV	[284-284]	284	4798
COV	[285-285]	285	4753
COV	[286-286]	286	4552
COV	[287-287]	287	4363
COV	[288-288]	288	4394
COV	[289-289]	289	4206
COV	[290-290]	290	4361
COV	[291-291]	291	4306
COV	[292-292]	292	4115
COV	[293-293]	293	4175
COV	[294-294]	294	4281
COV	[295-295]	295	4164
COV	[296-296]	296	4001
COV	[297-297]	297	4085
COV	[298-298]	298	3987
COV	[299-299]	299	3933
COV	[300-300]	300	3832
COV	[301-301]	301	3841
COV	[302-302]	302	3692
COV	[303-303]	303	3522
COV	[304-304]	304	3555
COV	[305-305]	305	3456
COV	[306-306]	306	3390
COV	[307-307]	307	3439
COV	[308-308]	308	3262
COV	[309-309]	309	3227
COV	[310-310]	310	3200
COV	[311-311]	311	3258
COV	[312-312]	312	3211
COV	[313-313]	313	2975
COV	[314-314]	314	2991
COV	[315-315]	315	2887
COV	[316-316]	316	2767
COV	[317-317]	317	2804
COV	[318-318]	318	2743
COV	[319-319]	319	2666
COV	[320-320]	320	2637
COV	[321-321]	321	2570
COV	[322-322]	322	2506
COV	[323-323]	323	2463
COV	[324-324]	324	2437
COV	[325-325]	325	2396
COV	[326-326]	326	2400
COV	[327-327]	327	2303
COV	[328-328]	328	2291
COV	[329-329]	329	2325
COV	[330-330]	330	2322
COV	[331-331]	331	2286
COV	[332-332]	332	2284
COV	[333-333]	333	2106
COV	[334-334]	334	2066
COV	[335-335]	335	2176
COV	[336-336]	336	2177
COV	[337-337]	337	2060
COV	[338-338]	338	2131
COV	[339-339]	339	2067
COV	[340-340]	340	2029
COV	[341-341]	341	2046
COV	[342-342]	342	2040
COV	[343-343]	343	1918
COV	[344-344]	344	1983
COV	[345-345]	345	1947
COV	[346-346]	346	1906
COV	[347-347]	347	1836
COV	[348-348]	348	1888
COV	[349-349]	349	1803
COV	[350-350]	350	1864
COV	[351-351]	351	1820
COV	[352-352]	352	1710
COV	[353-353]	353	1868
COV	[354-354]	354	1719
COV	[355-355]	355	1700
COV	[356-356]	356	1711
COV	[357-357]	357	1622
COV	[358-358]	358	1566
COV	[359-359]	359	1687
COV	[360-360]	360	1579
COV	[361-361]	361	1557
COV	[362-362]	362	1626
COV	[363-363]	363	1536
COV	[364-364]	364	1460
COV	[365-365]	365	1520
COV	[366-366]	366	1523
COV	[367-367]	367	1443
COV	[368-368]	368	1445
COV	[369-369]	369	1334
COV	[370-370]	370	1342
COV	[371-371]	371	1334
COV	[372-372]	372	1268
COV	[373-373]	373	1240
COV	[374-374]	374	1224
COV	[375-375]	375	1248
COV	[376-376]	376	1213
COV	[377-377]	377	1261
COV	[378-378]	378	1163
COV	[379-379]	379	1283
COV	[380-380]	380	1256
COV	[381-381]	381	1234
COV	[382-382]	382	1237
COV	[383-383]	383	1166
COV	[384-384]	384	1173
COV	[385-385]	385	1189
COV	[386-386]	386	1098
COV	[387-387]	387	1094
COV	[388-388]	388	1140
COV	[389-389]	389	1093
COV	[390-390]	390	1061
COV	[391-391]	391	1008
COV	[392-392]	392	1033
COV	[393-393]	393	968
COV	[394-394]	394	949
COV	[395-395]	395	954
COV	[396-396]	396	925
COV	[397-397]	397	877
COV	[398-398]	398	910
COV	[399-399]	399	895
COV	[400-400]	400	912
COV	[401-401]	401	916
COV	[402-402]	402	944
COV	[403-403]	403	900
COV	[404-404]	404	876
COV	[405-405]	405	851
COV	[406-406]	406	767
COV	[407-407]	407	807
COV	[408-408]	408	831
COV	[409-409]	409	744
COV	[410-410]	410	798
COV	[411-411]	411	788
COV	[412-412]	412	785
COV	[413-413]	413	734
COV	[414-414]	414	791
COV	[415-415]	415	782
COV	[416-416]	416	801
COV	[417-417]	417	806
COV	[418-418]	418	785
COV	[419-419]	419	787
COV	[420-420]	420	751
COV	[421-421]	421	771
COV	[422-422]	422	692
COV	[423-423]	423	703
COV	[424-424]	424	709
COV	[425-425]	425	661
COV	[426-426]	426	650
COV	[427-427]	427	665
COV	[428-428]	428	697
COV	[429-429]	429	676
COV	[430-430]	430	650
COV	[431-431]	431	639
COV	[432-432]	432	649
COV	[433-433]	433	641
COV	[434-434]	434	607
COV	[435-435]	435	618
COV	[436-436]	436	608
COV	[437-437]	437	589
COV	[438-438]	438	600
COV	[439-439]	439	533
COV	[440-440]	440	614
COV	[441-441]	441	605
COV	[442-442]	442	580
COV	[443-443]	443	538
COV	[444-444]	444	517
COV	[445-445]	445	561
COV	[446-446]	446	567
COV	[447-447]	447	561
COV	[448-448]	448	503
COV	[449-449]	449	498
COV	[450-450]	450	525
COV	[451-451]	451	491
COV	[452-452]	452	509
COV	[453-453]	453	516
COV	[454-454]	454	515
COV	[455-455]	455	507
COV	[456-456]	456	511
COV	[457-457]	457	450
COV	[458-458]	458	433
COV	[459-459]	459	493
COV	[460-460]	460	445
COV	[461-461]	461	502
COV	[462-462]	462	436
COV	[463-463]	463	477
COV	[464-464]	464	456
COV	[465-465]	465	486
COV	[466-466]	466	487
COV	[467-467]	467	462
COV	[468-468]	468	455
COV	[469-469]	469	439
COV	[470-470]	470	448
COV	[471-471]	471	444
COV	[472-472]	472	453
COV	[473-473]	473	403
COV	[474-474]	474	412
COV	[475-475]	475	412
COV	[476-476]	476	425
COV	[477-477]	477	382
COV	[478-478]	478	384
COV	[479-479]	479	348
COV	[480-480]	480	390
COV	[481-481]	481	381
COV	[482-482]	482	364
COV	[483-483]	483	402
COV	[484-484]	484	385
COV	[485-485]	485	358
COV	[486-486]	486	392
COV	[487-487]	487	355
COV	[488-488]	488	348
COV	[489-489]	489	348
COV	[490-490]	490	341
COV	[491-491]	491	354
COV	[492-492]	492	380
COV	[493-493]	493	340
COV	[494-494]	494	332
COV	[495-495]	495	328
COV	[496-496]	496	334
COV	[497-497]	497	330
COV	[498-498]	498	300
COV	[499-499]	499	319
COV	[500-500]	500	329
COV	[501-501]	501	309
COV	[502-502]	502	296
COV	[503-503]	503	340
COV	[504-504]	504	305
COV	[505-505]	505	296
COV	[506-506]	506	301
COV	[507-507]	507	286
COV	[508-508]	508	311
COV	[509-509]	509	277
COV	[510-510]	510	272
COV	[511-511]	511	298
COV	[512-512]	512	296
COV	[513-513]	513	284
COV	[514-514]	514	262
COV	[515-515]	515	302
COV	[516-516]	516	282
COV	[517-517]	517	294
COV	[518-518]	518	277
COV	[519-519]	519	288
COV	[520-520]	520	288
COV	[521-521]	521	292
COV	[522-522]	522	296
COV	[523-523]	523	277
COV	[524-524]	524	295
COV	[525-525]	525	298
COV	[526-526]	526	291
COV	[527-527]	527	287
COV	[528-528]	528	285
COV	[529-529]	529	284
COV	[530-530]	530	278
COV	[531-531]	531	245
COV	[532-532]	532	266
COV	[533-533]	533	247
COV	[534-534]	534	255
COV	[535-535]	535	248
COV	[536-536]	536	244
COV	[537-537]	537	240
COV	[538-538]	538	251
COV	[539-539]	539	225
COV	[540-540]	540	217
COV	[541-541]	541	190
COV	[542-542]	542	184
COV	[543-543]	543	205
COV	[544-544]	544	202
COV	[545-545]	545	191
COV	[546-546]	546	200
COV	[547-547]	547	213
COV	[548-548]	548	203
COV	[549-549]	549	178
COV	[550-550]	550	193
COV	[551-551]	551	179
COV	[552-552]	552	171
COV	[553-553]	553	191
COV	[554-554]	554	190
COV	[555-555]	555	205
COV	[556-556]	556	205
COV	[557-557]	557	191
COV	[558-558]	558	174
COV	[559-559]	559	207
COV	[560-560]	560	191
COV	[561-561]	561	173
COV	[562-562]	562	166
COV	[563-563]	563	179
COV	[564-564]	564	164
COV	[565-565]	565	152
COV	[566-566]	566	162
COV	[567-567]	567	171
COV	[568-568]	568	190
COV	[569-569]	569	195
COV	[570-570]	570	172
COV	[571-571]	571	185
COV	[572-572]	572	181
COV	[573-573]	573	165
COV	[574-574]	574	206
COV	[575-575]	575	200
COV	[576-576]	576	198
COV	[577-577]	577	196
COV	[578-578]	578	198
COV	[579-579]	579	197
COV	[580-580]	580	190
COV	[581-581]	581	176
COV	[582-582]	582	212
COV	[583-583]	583	196
COV	[584-584]	584	196
COV	[585-585]	585	205
COV	[586-586]	586	218
COV	[587-587]	587	199
COV	[588-588]	588	172
COV	[589-589]	589	164
COV	[590-590]	590	158
COV	[591-591]	591	198
COV	[592-592]	592	197
COV	[593-593]	593	186
COV	[594-594]	594	205
COV	[595-595]	595	173
COV	[596-596]	596	199
COV	[597-597]	597	191
COV	[598-598]	598	207
COV	[599-599]	599	181
COV	[600-600]	600	194
COV	[601-601]	601	189
COV	[602-602]	602	209
COV	[603-603]	603	212
COV	[604-604]	604	210
COV	[605-605]	605	217
COV	[606-606]	606	191
COV	[607-607]	607	173
COV	[608-608]	608	193
COV	[609-609]	609	176
COV	[610-610]	610	191
COV	[611-611]	611	194
COV	[612-612]	612	199
COV	[613-613]	613	194
COV	[614-614]	614	189
COV	[615-615]	615	190
COV	[616-616]	616	195
COV	[617-617]	617	189
COV	[618-618]	618	183
COV	[619-619]	619	179
COV	[620-620]	620	214
COV	[621-621]	621	216
COV	[622-622]	622	162
COV	[623-623]	623	200
COV	[624-624]	624	182
COV	[625-625]	625	197
COV	[626-626]	626	176
COV	[627-627]	627	188
COV	[628-628]	628	201
COV	[629-629]	629	195
COV	[630-630]	630	206
COV	[631-631]	631	202
COV	[632-632]	632	179
COV	[633-633]	633	208
COV	[634-634]	634	186
COV	[635-635]	635	180
COV	[636-636]	636	191
COV	[637-637]	637	200
COV	[638-638]	638	188
COV	[639-639]	639	220
COV	[640-640]	640	205
COV	[641-641]	641	180
COV	[642-642]	642	210
COV	[643-643]	643	201
COV	[644-644]	644	238
COV	[645-645]	645	209
COV	[646-646]	646	183
COV	[647-647]	647	165
COV	[648-648]	648	165
COV	[649-649]	649	143
COV	[650-650]	650	183
COV	[651-651]	651	152
COV	[652-652]	652	142
COV	[653-653]	653	140
COV	[654-654]	654	144
COV	[655-655]	655	148
COV	[656-656]	656	159
COV	[657-657]	657	171
COV	[658-658]	658	179
COV	[659-659]	659	178
COV	[660-660]	660	179
COV	[661-661]	661	133
COV	[662-662]	662	174
COV	[663-663]	663	142
COV	[664-664]	664	141
COV	[665-665]	665	140
COV	[666-666]	666	153
COV	[667-667]	667	159
COV	[668-668]	668	154
COV	[669-669]	669	125
COV	[670-670]	670	141
COV	[671-671]	671	132
COV	[672-672]	672	144
COV	[673-673]	673	137
COV	[674-674]	674	136
COV	[675-675]	675	159
COV	[676-676]	676	142
COV	[677-677]	677	143
COV	[678-678]	678	127
COV	[679-679]	679	148
COV	[680-680]	680	134
COV	[681-681]	681	142
COV	[682-682]	682	134
COV	[683-683]	683	153
COV	[684-684]	684	126
COV	[685-685]	685	136
COV	[686-686]	686	141
COV	[687-687]	687	151
COV	[688-688]	688	142
COV	[689-689]	689	112
COV	[690-690]	690	135
COV	[691-691]	691	154
COV	[692-692]	692	139
COV	[693-693]	693	127
COV	[694-694]	694	139
COV	[695-695]	695	108
COV	[696-696]	696	119
COV	[697-697]	697	109
COV	[698-698]	698	132
COV	[699-699]	699	137
COV	[700-700]	700	131
COV	[701-701]	701	125
COV	[702-702]	702	128
COV	[703-703]	703	111
COV	[704-704]	704	126
COV	[705-705]	705	116
COV	[706-706]	706	126
COV	[707-707]	707	111
COV	[708-708]	708	120
COV	[709-709]	709	130
COV	[710-710]	710	116
COV	[711-711]	711	130
COV	[712-712]	712	105
COV	[713-713]	713	108
COV	[714-714]	714	105
COV	[715-715]	715	102
COV	[716-716]	716	119
COV	[717-717]	717	108
COV	[718-718]	718	111
COV	[719-719]	719	112
COV	[720-720]	720	115
COV	[721-721]	721	91
COV	[722-722]	722	121
COV	[723-723]	723	117
COV	[724-724]	724	94
COV	[725-725]	725	105
COV	[726-726]	726	89
COV	[727-727]	727	100
COV	[728-728]	728	95
COV	[729-729]	729	93
COV	[730-730]	730	117
COV	[731-731]	731	99
COV	[732-732]	732	98
COV	[733-733]	733	86
COV	[734-734]	734	110
COV	[735-735]	735	123
COV	[736-736]	736	87
COV	[737-737]	737	110
COV	[738-738]	738	99
COV	[739-739]	739	113
COV	[740-740]	740	107
COV	[741-741]	741	99
COV	[742-742]	742	106
COV	[743-743]	743	95
COV	[744-744]	744	86
COV	[745-745]	745	97
COV	[746-746]	746	92
COV	[747-747]	747	99
COV	[748-748]	748	104
COV	[749-749]	749	83
COV	[750-750]	750	97
COV	[751-751]	751	83
COV	[752-752]	752	94
COV	[753-753]	753	85
COV	[754-754]	754	79
COV	[755-755]	755	90
COV	[756-756]	756	82
COV	[757-757]	757	89
COV	[758-758]	758	87
COV	[759-759]	759	99
COV	[760-760]	760	89
COV	[761-761]	761	91
COV	[762-762]	762	95
COV	[763-763]	763	97
COV	[764-764]	764	104
COV	[765-765]	765	84
COV	[766-766]	766	94
COV	[767-767]	767	104
COV	[768-768]	768	87
COV	[769-769]	769	97
COV	[770-770]	770	99
COV	[771-771]	771	98
COV	[772-772]	772	103
COV	[773-773]	773	83
COV	[774-774]	774	82
COV	[775-775]	775	103
COV	[776-776]	776	116
COV	[777-777]	777	102
COV	[778-778]	778	88
COV	[779-779]	779	103
COV	[780-780]	780	90
COV	[781-781]	781	90
COV	[782-782]	782	91
COV	[783-783]	783	112
COV	[784-784]	784	130
COV	[785-785]	785	103
COV	[786-786]	786	86
COV	[787-787]	787	107
COV	[788-788]	788	98
COV	[789-789]	789	104
COV	[790-790]	790	99
COV	[791-791]	791	99
COV	[792-792]	792	91
COV	[793-793]	793	113
COV	[794-794]	794	99
COV	[795-795]	795	85
COV	[796-796]	796	111
COV	[797-797]	797	125
COV	[798-798]	798	101
COV	[799-799]	799	91
COV	[800-800]	800	94
COV	[801-801]	801	100
COV	[802-802]	802	95
COV	[803-803]	803	81
COV	[804-804]	804	95
COV	[805-805]	805	109
COV	[806-806]	806	97
COV	[807-807]	807	88
COV	[808-808]	808	100
COV	[809-809]	809	94
COV	[810-810]	810	111
COV	[811-811]	811	104
COV	[812-812]	812	116
COV	[813-813]	813	89
COV	[814-814]	814	109
COV	[815-815]	815	82
COV	[816-816]	816	105
COV	[817-817]	817	91
COV	[818-818]	818	102
COV	[819-819]	819	91
COV	[820-820]	820	99
COV	[821-821]	821	87
COV	[822-822]	822	98
COV	[823-823]	823	94
COV	[824-824]	824	89
COV	[825-825]	825	84
COV	[826-826]	826	96
COV	[827-827]	827	95
COV	[828-828]	828	72
COV	[829-829]	829	103
COV	[830-830]	830	114
COV	[831-831]	831	106
COV	[832-832]	832	88
COV	[833-833]	833	88
COV	[834-834]	834	91
COV	[835-835]	835	96
COV	[836-836]	836	94
COV	[837-837]	837	92
COV	[838-838]	838	93
COV	[839-839]	839	81
COV	[840-840]	840	93
COV	[841-841]	841	95
COV	[842-842]	842	82
COV	[843-843]	843	71
COV	[844-844]	844	71
COV	[845-845]	845	79
COV	[846-846]	846	74
COV	[847-847]	847	68
COV	[848-848]	848	88
COV	[849-849]	849	61
COV	[850-850]	850	79
COV	[851-851]	851	69
COV	[852-852]	852	76
COV	[853-853]	853	79
COV	[854-854]	854	87
COV	[855-855]	855	92
COV	[856-856]	856	87
COV	[857-857]	857	70
COV	[858-858]	858	79
COV	[859-859]	859	72
COV	[860-860]	860	76
COV	[861-861]	861	84
COV	[862-862]	862	97
COV	[863-863]	863	71
COV	[864-864]	864	75
COV	[865-865]	865	85
COV	[866-866]	866	77
COV	[867-867]	867	87
COV	[868-868]	868	79
COV	[869-869]	869	95
COV	[870-870]	870	86
COV	[871-871]	871	93
COV	[872-872]	872	113
COV	[873-873]	873	76
COV	[874-874]	874	74
COV	[875-875]	875	68
COV	[876-876]	876	66
COV	[877-877]	877	69
COV	[878-878]	878	88
COV	[879-879]	879	94
COV	[880-880]	880	67
COV	[881-881]	881	74
COV	[882-882]	882	61
COV	[883-883]	883	72
COV	[884-884]	884	70
COV	[885-885]	885	83
COV	[886-886]	886	61
COV	[887-887]	887	74
COV	[888-888]	888	68
COV	[889-889]	889	73
COV	[890-890]	890	61
COV	[891-891]	891	51
COV	[892-892]	892	73
COV	[893-893]	893	82
COV	[894-894]	894	75
COV	[895-895]	895	76
COV	[896-896]	896	73
COV	[897-897]	897	81
COV	[898-898]	898	73
COV	[899-899]	899	84
COV	[900-900]	900	84
COV	[901-901]	901	83
COV	[902-902]	902	68
COV	[903-903]	903	83
COV	[904-904]	904	72
COV	[905-905]	905	68
COV	[906-906]	906	68
COV	[907-907]	907	77
COV	[908-908]	908	81
COV	[909-909]	909	65
COV	[910-910]	910	74
COV	[911-911]	911	72
COV	[912-912]	912	87
COV	[913-913]	913	75
COV	[914-914]	914	70
COV	[915-915]	915	77
COV	[916-916]	916	74
COV	[917-917]	917	68
COV	[918-918]	918	64
COV	[919-919]	919	77
COV	[920-920]	920	81
COV	[921-921]	921	57
COV	[922-922]	922	63
COV	[923-923]	923	82
COV	[924-924]	924	68
COV	[925-925]	925	59
COV	[926-926]	926	67
COV	[927-927]	927	67
COV	[928-928]	928	61
COV	[929-929]	929	70
COV	[930-930]	930	57
COV	[931-931]	931	73
COV	[932-932]	932	62
COV	[933-933]	933	53
COV	[934-934]	934	64
COV	[935-935]	935	51
COV	[936-936]	936	41
COV	[937-937]	937	55
COV	[938-938]	938	49
COV	[939-939]	939	61
COV	[940-940]	940	50
COV	[941-941]	941	55
COV	[942-942]	942	55
COV	[943-943]	943	59
COV	[944-944]	944	50
COV	[945-945]	945	56
COV	[946-946]	946	56
COV	[947-947]	947	45
COV	[948-948]	948	56
COV	[949-949]	949	71
COV	[950-950]	950	65
COV	[951-951]	951	48
COV	[952-952]	952	62
COV	[953-953]	953	68
COV	[954-954]	954	60
COV	[955-955]	955	58
COV	[956-956]	956	58
COV	[957-957]	957	55
COV	[958-958]	958	55
COV	[959-959]	959	48
COV	[960-960]	960	53
COV	[961-961]	961	54
COV	[962-962]	962	50
COV	[963-963]	963	43
COV	[964-964]	964	43
COV	[965-965]	965	51
COV	[966-966]	966	48
COV	[967-967]	967	46
COV	[968-968]	968	43
COV	[969-969]	969	47
COV	[970-970]	970	55
COV	[971-971]	971	52
COV	[972-972]	972	38
COV	[973-973]	973	41
COV	[974-974]	974	41
COV	[975-975]	975	43
COV	[976-976]	976	27
COV	[977-977]	977	36
COV	[978-978]	978	46
COV	[979-979]	979	29
COV	[980-980]	980	35
COV	[981-981]	981	51
COV	[982-982]	982	34
COV	[983-983]	983	26
COV	[984-984]	984	43
COV	[985-985]	985	22
COV	[986-986]	986	21
COV	[987-987]	987	38
COV	[988-988]	988	29
COV	[989-989]	989	27
COV	[990-990]	990	23
COV	[991-991]	991	27
COV	[992-992]	992	30
COV	[993-993]	993	25
COV	[994-994]	994	30
COV	[995-995]	995	29
COV	[996-996]	996	23
COV	[997-997]	997	30
COV	[998-998]	998	33
COV	[999-999]	999	32
COV	[1000-1000]	1000	34
COV	[1000<]	1000	19836
# GC-depth. Use `grep ^GCD | cut -f 2-` to extract this part. The columns are: GC%, unique sequence percentiles, 10th, 25th, 50th, 75th and 90th depth percentile
GCD	0.0	0.011	0.004	0.007	0.007	0.014	0.073
GCD	0.9	0.012	0.014	0.014	0.014	0.014	0.014
GCD	2.0	0.014	3.391	3.391	5.861	8.330	8.330
GCD	3.0	0.016	0.245	0.245	0.274	4.954	4.954
GCD	4.0	0.019	0.122	0.173	0.554	1.930	2.254
GCD	5.0	0.021	1.080	1.080	1.732	2.383	2.383
GCD	6.0	0.023	0.166	0.220	0.511	0.932	1.030
GCD	7.0	0.026	0.209	0.209	0.266	0.475	0.475
GCD	8.0	0.028	0.101	0.130	0.378	0.891	1.008
GCD	9.0	0.034	0.058	0.304	0.644	1.876	2.592
GCD	10.0	0.036	0.374	0.374	0.576	0.742	0.742
GCD	11.0	0.042	0.158	0.238	0.284	0.565	0.806
GCD	12.0	0.044	0.043	0.043	0.151	1.915	1.915
GCD	13.0	0.048	0.050	0.202	0.803	1.431	1.598
GCD	14.0	0.053	0.022	0.103	0.194	0.360	0.662
GCD	15.0	0.058	0.151	0.202	0.324	0.569	0.641
GCD	16.0	0.061	0.130	0.162	0.374	0.670	0.763
GCD	17.0	0.066	0.029	0.194	0.367	1.066	7.344
GCD	18.0	0.070	0.029	0.029	0.148	0.949	1.246
GCD	19.0	0.073	0.216	0.230	0.526	1.015	1.094
GCD	20.0	0.086	0.014	0.077	0.191	0.513	1.012
GCD	21.0	0.092	0.014	0.032	0.094	0.382	0.547
GCD	22.0	0.109	0.056	0.202	0.346	0.706	1.623
GCD	23.0	0.125	0.024	0.058	0.234	0.605	1.158
GCD	24.0	0.142	0.022	0.090	0.212	0.626	1.447
GCD	25.0	0.157	0.022	0.092	0.202	0.635	6.843
GCD	26.0	0.186	0.022	0.045	0.169	0.315	0.696
GCD	27.0	0.216	0.022	0.043	0.173	0.648	1.748
GCD	28.0	0.259	0.022	0.045	0.133	1.186	2.920
GCD	29.0	0.332	0.029	0.072	0.727	2.765	4.912
GCD	30.0	0.446	0.037	0.079	0.353	2.984	6.795
GCD	31.0	0.699	0.050	0.122	2.268	5.515	10.699
GCD	32.0	1.114	0.058	0.151	2.894	8.152	14.641
GCD	33.0	1.815	0.086	1.325	4.550	9.785	15.716
GCD	34.0	2.973	0.086	0.391	4.324	9.848	15.691
GCD	35.0	4.570	0.090	0.295	4.367	10.373	16.452
GCD	36.0	6.665	0.094	0.187	3.658	9.220	15.303
GCD	37.0	9.381	0.086	0.151	2.470	8.303	14.086
GCD	38.0	12.767	0.079	0.130	1.051	6.133	12.593
GCD	39.0	16.820	0.079	0.130	0.230	4.478	10.678
GCD	40.0	21.655	0.086	0.130	0.230	3.649	9.919
GCD	41.0	27.269	0.101	0.144	0.230	2.419	8.417
GCD	42.0	33.493	0.108	0.158	0.245	1.951	7.682
GCD	43.0	40.510	0.115	0.173	0.252	1.339	6.300
GCD	44.0	47.737	0.122	0.180	0.266	0.936	5.846
GCD	45.0	55.058	0.130	0.187	0.288	0.792	5.656
GCD	46.0	61.998	0.137	0.202	0.317	0.770	5.040
GCD	47.0	68.459	0.151	0.223	0.360	0.922	5.047
GCD	48.0	73.968	0.158	0.245	0.418	1.188	5.422
GCD	49.0	78.594	0.173	0.274	0.504	1.706	6.192
GCD	50.0	82.176	0.180	0.302	0.641	2.621	7.801
GCD	51.0	84.942	0.180	0.346	0.850	3.593	9.067
GCD	52.0	87.136	0.209	0.418	1.469	4.730	10.890
GCD	53.0	89.012	0.223	0.518	1.901	5.756	11.955
GCD	54.0	90.571	0.274	0.742	2.563	6.683	13.040
GCD	55.0	91.975	0.346	1.141	3.190	7.715	14.380
GCD	56.0	93.338	0.425	1.361	3.841	8.894	15.576
GCD	57.0	94.592	0.625	1.598	4.126	9.216	16.102
GCD	58.0	95.739	0.706	1.721	4.766	10.476	16.908
GCD	59.0	96.788	0.922	1.937	5.040	11.203	17.806
GCD	60.0	97.726	1.001	2.347	5.681	11.066	17.950
GCD	61.0	98.520	1.115	2.455	6.588	12.341	20.196
GCD	62.0	99.091	1.054	2.239	5.998	12.974	21.324
GCD	63.0	99.501	1.049	2.572	5.994	13.028	20.097
GCD	64.0	99.769	1.014	2.272	6.034	13.100	20.056
GCD	65.0	99.910	1.268	3.067	9.752	16.796	26.482
GCD	66.0	99.974	1.196	2.884	7.088	17.701	26.381
GCD	67.0	99.996	1.518	3.478	9.317	17.719	31.706
GCD	68.0	100.000	0.194	0.653	1.314	14.364	19.483
