# This file was produced by samtools stats (1.16.1+htslib-1.16) and can be plotted using plot-bamstats
# This file contains statistics for all reads.
# The command line was:  stats /data/WES_260526/align/1WES_trimmed_sort.bam
# CHK, Checksum	[2]Read Names	[3]Sequences	[4]Qualities
# CHK, CRC32 of reads which passed filtering followed by addition (32bit overflow)
CHK	097c1aa7	1506ead9	83f60acf
# Summary Numbers. Use `grep ^SN | cut -f 2-` to extract this part.
SN	raw total sequences:	57480344	# excluding supplementary and secondary reads
SN	filtered sequences:	0
SN	sequences:	57480344
SN	is sorted:	1
SN	1st fragments:	28740172
SN	last fragments:	28740172
SN	reads mapped:	57441015
SN	reads mapped and paired:	57408864	# paired-end technology bit set + both mates mapped
SN	reads unmapped:	39329
SN	reads properly paired:	57185284	# proper-pair bit set
SN	reads paired:	57480344	# paired-end technology bit set
SN	reads duplicated:	0	# PCR or optical duplicate bit set
SN	reads MQ0:	4230853	# mapped and MQ=0
SN	reads QC failed:	0
SN	non-primary alignments:	0
SN	supplementary alignments:	120915
SN	total length:	8300317917	# ignores clipping
SN	total first fragment length:	4136603873	# ignores clipping
SN	total last fragment length:	4163714044	# ignores clipping
SN	bases mapped:	8295210501	# ignores clipping
SN	bases mapped (cigar):	8173285645	# more accurate
SN	bases trimmed:	0
SN	bases duplicated:	0
SN	mismatches:	62833711	# from NM fields
SN	error rate:	7.687693e-03	# mismatches / bases mapped (cigar)
SN	average length:	144
SN	average first fragment length:	144
SN	average last fragment length:	145
SN	maximum length:	148
SN	maximum first fragment length:	148
SN	maximum last fragment length:	148
SN	average quality:	36.8
SN	insert size average:	298.4
SN	insert size standard deviation:	108.1
SN	inward oriented pairs:	27904800
SN	outward oriented pairs:	699720
SN	pairs with other orientation:	32048
SN	pairs on different chromosomes:	67864
SN	percentage of properly paired reads (%):	99.5
# First Fragment Qualities. Use `grep ^FFQ | cut -f 2-` to extract this part.
# Columns correspond to qualities and rows to cycles. First column is the cycle number.
FFQ	1	0	0	0	0	0	0	0	0	0	0	0	0	0	0	0	0	0	0	0	0	0	0	134068	317645	88520	0	0	0	0	0	17762727	0	0	0	0	0	0	0	0	0	10437212	0
FFQ	2	234	0	0	0	0	0	0	0	0	0	0	0	0	10970	13029	0	0	0	32476	15252	0	0	10361	92198	23502	0	0	0	0	0	6286910	0	0	0	0	0	0	0	0	0	22255240	0
FFQ	3	438	0	0	0	0	0	0	0	0	0	0	0	0	8188	11767	0	0	0	15733	22013	0	0	18843	52568	17548	0	0	0	0	0	3500938	0	0	0	0	0	0	0	0	0	25092136	0
FFQ	4	892	0	0	0	0	0	0	0	0	0	0	0	0	16035	13322	0	0	0	13395	36408	0	0	33642	64452	13135	0	0	0	0	0	2187314	0	0	0	0	0	0	0	0	0	26361577	0
FFQ	5	37220	0	0	0	0	0	0	0	0	0	0	0	0	15785	12656	0	0	0	12151	33147	0	0	29805	121277	9928	0	0	0	0	0	1160509	0	0	0	0	0	0	0	0	0	27307694	0
FFQ	6	2425	0	0	0	0	0	0	0	0	0	0	0	0	17007	13431	0	0	0	14174	35852	0	0	32963	131182	12297	0	0	0	0	0	1429366	0	0	0	0	0	0	0	0	0	27051475	0
FFQ	7	179753	0	0	0	0	0	0	0	0	0	0	0	0	20277	16363	0	0	0	21893	47868	0	0	42221	69483	21979	0	0	0	0	0	1216593	0	0	0	0	0	0	0	0	0	27103742	0
FFQ	8	1431	0	0	0	0	0	0	0	0	0	0	0	0	19403	16271	0	0	0	17442	40757	0	0	36314	117208	13393	0	0	0	0	0	1305973	0	0	0	0	0	0	0	0	0	27171980	0
FFQ	9	1716	0	0	0	0	0	0	0	0	0	0	0	0	20777	18663	0	0	0	16281	44291	0	0	39384	139051	13714	0	0	0	0	0	866356	0	0	0	0	0	0	0	0	0	27579939	0
FFQ	10	2150	0	0	0	0	0	0	0	0	0	0	0	0	23947	17782	0	0	0	22231	54116	0	0	49305	68886	22584	0	0	0	0	0	995729	0	0	0	0	0	0	0	0	0	27483442	0
FFQ	11	1863	0	0	0	0	0	0	0	0	0	0	0	0	31544	23725	0	0	0	21481	71044	0	0	64942	97642	21200	0	0	0	0	0	1128267	0	0	0	0	0	0	0	0	0	27278464	0
FFQ	12	7805	0	0	0	0	0	0	0	0	0	0	0	0	29876	25645	0	0	0	19781	66213	0	0	57971	89524	17619	0	0	0	0	0	967255	0	0	0	0	0	0	0	0	0	27458483	0
FFQ	13	12511	0	0	0	0	0	0	0	0	0	0	0	0	30910	26189	0	0	0	23643	65679	0	0	55961	88879	19963	0	0	0	0	0	973305	0	0	0	0	0	0	0	0	0	27443132	0
FFQ	14	1253	0	0	0	0	0	0	0	0	0	0	0	0	34186	28800	0	0	0	27968	68550	0	0	57080	100219	21990	0	0	0	0	0	975718	0	0	0	0	0	0	0	0	0	27424408	0
FFQ	15	10314	0	0	0	0	0	0	0	0	0	0	0	0	46638	40348	0	0	0	39475	90660	0	0	75024	116022	29026	0	0	0	0	0	1119068	0	0	0	0	0	0	0	0	0	27173597	0
FFQ	16	4489	0	0	0	0	0	0	0	0	0	0	0	0	54325	47572	0	0	0	46491	94173	0	0	72652	121733	30637	0	0	0	0	0	1081190	0	0	0	0	0	0	0	0	0	27186910	0
FFQ	17	1602	0	0	0	0	0	0	0	0	0	0	0	0	67477	55403	0	0	0	60767	104941	0	0	78870	142639	39134	0	0	0	0	0	1146585	0	0	0	0	0	0	0	0	0	27042754	0
FFQ	18	1325	0	0	0	0	0	0	0	0	0	0	0	0	79606	67704	0	0	0	72964	120477	0	0	89425	155067	45814	0	0	0	0	0	1212587	0	0	0	0	0	0	0	0	0	26895203	0
FFQ	19	7434	0	0	0	0	0	0	0	0	0	0	0	0	88013	73686	0	0	0	81165	132924	0	0	98346	158002	51355	0	0	0	0	0	1254939	0	0	0	0	0	0	0	0	0	26794308	0
FFQ	20	1184	0	0	0	0	0	0	0	0	0	0	0	0	83251	68994	0	0	0	73229	121288	0	0	88542	157718	44215	0	0	0	0	0	1200628	0	0	0	0	0	0	0	0	0	26901123	0
FFQ	21	1100	0	0	0	0	0	0	0	0	0	0	0	0	69377	59097	0	0	0	57445	97649	0	0	69750	150309	32512	0	0	0	0	0	1103950	0	0	0	0	0	0	0	0	0	27098983	0
FFQ	22	1122	0	0	0	0	0	0	0	0	0	0	0	0	73143	63166	0	0	0	65186	112217	0	0	83587	151602	40616	0	0	0	0	0	1185435	0	0	0	0	0	0	0	0	0	26964098	0
FFQ	23	1006	0	0	0	0	0	0	0	0	0	0	0	0	72108	61359	0	0	0	64381	109004	0	0	80556	147118	40439	0	0	0	0	0	1156464	0	0	0	0	0	0	0	0	0	27007737	0
FFQ	24	2239	0	0	0	0	0	0	0	0	0	0	0	0	76164	66174	0	0	0	71122	111184	0	0	80792	155275	41879	0	0	0	0	0	1159016	0	0	0	0	0	0	0	0	0	26976327	0
FFQ	25	1229	0	0	0	0	0	0	0	0	0	0	0	0	78973	67813	0	0	0	71506	112679	0	0	80472	163042	40482	0	0	0	0	0	1167222	0	0	0	0	0	0	0	0	0	26956754	0
FFQ	26	711	0	0	0	0	0	0	0	0	0	0	0	0	90019	77847	0	0	0	85412	132419	0	0	95934	173659	49822	0	0	0	0	0	1237954	0	0	0	0	0	0	0	0	0	26796395	0
FFQ	27	1174	0	0	0	0	0	0	0	0	0	0	0	0	89814	78117	0	0	0	82624	130182	0	0	93960	174419	47444	0	0	0	0	0	1225568	0	0	0	0	0	0	0	0	0	26816870	0
FFQ	28	1185	0	0	0	0	0	0	0	0	0	0	0	0	91793	78992	0	0	0	85117	127398	0	0	90119	185647	45555	0	0	0	0	0	1220409	0	0	0	0	0	0	0	0	0	26813957	0
FFQ	29	1660	0	0	0	0	0	0	0	0	0	0	0	0	86761	74029	0	0	0	80038	120101	0	0	85131	188779	42500	0	0	0	0	0	1208959	0	0	0	0	0	0	0	0	0	26852214	0
FFQ	30	9525	0	0	0	0	0	0	0	0	0	0	0	0	108642	90816	0	0	0	132760	151464	0	0	109018	231370	64468	0	0	0	0	0	1312803	0	0	0	0	0	0	0	0	0	26529306	0
FFQ	31	2342	0	0	0	0	0	0	0	0	0	0	0	0	95296	74456	0	0	0	91108	123387	0	0	89681	230937	44405	0	0	0	0	0	1258075	0	0	0	0	0	0	0	0	0	26730485	0
FFQ	32	128636	0	0	0	0	0	0	0	0	0	0	0	0	101547	75095	0	0	0	91815	123045	0	0	87725	219878	46168	0	0	0	0	0	1258558	0	0	0	0	0	0	0	0	0	26607705	0
FFQ	33	904	0	0	0	0	0	0	0	0	0	0	0	0	104946	78664	0	0	0	103556	117345	0	0	80732	288411	45674	0	0	0	0	0	1344425	0	0	0	0	0	0	0	0	0	26575515	0
FFQ	34	1593	0	0	0	0	0	0	0	0	0	0	0	0	188097	141385	0	0	0	255347	231752	0	0	162023	319634	120827	0	0	0	0	0	1625800	0	0	0	0	0	0	0	0	0	25693714	0
FFQ	35	3122	0	0	0	0	0	0	0	0	0	0	0	0	166861	141267	0	0	0	184128	201425	0	0	138014	344659	80392	0	0	0	0	0	1665801	0	0	0	0	0	0	0	0	0	25814503	0
FFQ	36	1078	0	0	0	0	0	0	0	0	0	0	0	0	181635	147809	0	0	0	198224	200135	0	0	133009	349884	79486	0	0	0	0	0	1593792	0	0	0	0	0	0	0	0	0	25855120	0
FFQ	37	2126	0	0	0	0	0	0	0	0	0	0	0	0	192557	115578	0	0	0	144867	202631	0	0	135794	265302	48797	0	0	0	0	0	1414925	0	0	0	0	0	0	0	0	0	26208957	0
FFQ	38	3432	0	0	0	0	0	0	0	0	0	0	0	0	158381	109874	0	0	0	134588	149388	0	0	101136	327271	56425	0	0	0	0	0	1473698	0	0	0	0	0	0	0	0	0	26208287	0
FFQ	39	4724	0	0	0	0	0	0	0	0	0	0	0	0	135249	101434	0	0	0	125643	132685	0	0	87596	358557	49795	0	0	0	0	0	1454979	0	0	0	0	0	0	0	0	0	26262426	0
FFQ	40	1103	0	0	0	0	0	0	0	0	0	0	0	0	239769	155392	0	0	0	293924	296944	0	0	208399	334724	153520	0	0	0	0	0	1756915	0	0	0	0	0	0	0	0	0	25261797	0
FFQ	41	1138	0	0	0	0	0	0	0	0	0	0	0	0	224151	174309	0	0	0	226455	167546	0	0	97850	670071	61915	0	0	0	0	0	1855721	0	0	0	0	0	0	0	0	0	25213873	0
FFQ	42	645	0	0	0	0	0	0	0	0	0	0	0	0	230743	174560	0	0	0	198880	158097	0	0	89066	813793	51627	0	0	0	0	0	1964023	0	0	0	0	0	0	0	0	0	25002045	0
FFQ	43	1398	0	0	0	0	0	0	0	0	0	0	0	0	1108221	633267	0	0	0	981917	949853	0	0	547901	653900	430272	0	0	0	0	0	2467777	0	0	0	0	0	0	0	0	0	20899488	0
FFQ	44	82859	0	0	0	0	0	0	0	0	0	0	0	0	241144	183264	0	0	0	222866	140552	0	0	76718	871737	45154	0	0	0	0	0	1938433	0	0	0	0	0	0	0	0	0	24861716	0
FFQ	45	958	0	0	0	0	0	0	0	0	0	0	0	0	618149	472264	0	0	0	675819	342542	0	0	178345	832532	130407	0	0	0	0	0	2188482	0	0	0	0	0	0	0	0	0	23214726	0
FFQ	46	828	0	0	0	0	0	0	0	0	0	0	0	0	350097	304055	0	0	0	394576	233672	0	0	126137	774282	89567	0	0	0	0	0	2197621	0	0	0	0	0	0	0	0	0	24173281	0
FFQ	47	905	0	0	0	0	0	0	0	0	0	0	0	0	621748	483502	0	0	0	627530	436108	0	0	233623	778326	173334	0	0	0	0	0	2362918	0	0	0	0	0	0	0	0	0	22916278	0
FFQ	48	435	0	0	0	0	0	0	0	0	0	0	0	0	500915	458329	0	0	0	557670	354949	0	0	191645	721777	132389	0	0	0	0	0	2319049	0	0	0	0	0	0	0	0	0	23387787	0
FFQ	49	703	0	0	0	0	0	0	0	0	0	0	0	0	470563	420732	0	0	0	520321	298440	0	0	154818	766420	110948	0	0	0	0	0	2242672	0	0	0	0	0	0	0	0	0	23630074	0
FFQ	50	2018	0	0	0	0	0	0	0	0	0	0	0	0	427245	390964	0	0	0	477351	318601	0	0	173028	692921	117534	0	0	0	0	0	2215914	0	0	0	0	0	0	0	0	0	23790635	0
FFQ	51	1387	0	0	0	0	0	0	0	0	0	0	0	0	387309	342476	0	0	0	437634	330363	0	0	188963	604073	128410	0	0	0	0	0	2183777	0	0	0	0	0	0	0	0	0	23992378	0
FFQ	52	19663	0	0	0	0	0	0	0	0	0	0	0	0	286330	210428	0	0	0	252160	234862	0	0	137010	523261	68401	0	0	0	0	0	1923182	0	0	0	0	0	0	0	0	0	24931751	0
FFQ	53	58373	0	0	0	0	0	0	0	0	0	0	0	0	216108	161320	0	0	0	186855	199884	0	0	122888	455031	62648	0	0	0	0	0	1834794	0	0	0	0	0	0	0	0	0	25278270	0
FFQ	54	3027	0	0	0	0	0	0	0	0	0	0	0	0	215575	162971	0	0	0	221491	207649	0	0	132338	468310	79237	0	0	0	0	0	1868295	0	0	0	0	0	0	0	0	0	25205514	0
FFQ	55	4777	0	0	0	0	0	0	0	0	0	0	0	0	214591	161740	0	0	0	211168	185698	0	0	112275	495604	64209	0	0	0	0	0	1855551	0	0	0	0	0	0	0	0	0	25247302	0
FFQ	56	9103	0	0	0	0	0	0	0	0	0	0	0	0	308115	244435	0	0	0	342305	277593	0	0	165861	458510	105112	0	0	0	0	0	1953652	0	0	0	0	0	0	0	0	0	24677590	0
FFQ	57	358	0	0	0	0	0	0	0	0	0	0	0	0	326138	277479	0	0	0	383025	291457	0	0	175250	542100	116886	0	0	0	0	0	2073231	0	0	0	0	0	0	0	0	0	24345680	0
FFQ	58	814	0	0	0	0	0	0	0	0	0	0	0	0	309566	256749	0	0	0	333913	256158	0	0	148411	585782	91806	0	0	0	0	0	2019630	0	0	0	0	0	0	0	0	0	24518602	0
FFQ	59	4148	0	0	0	0	0	0	0	0	0	0	0	0	386656	235901	0	0	0	260129	307911	0	0	177214	528833	75915	0	0	0	0	0	2022819	0	0	0	0	0	0	0	0	0	24511262	0
FFQ	60	469	0	0	0	0	0	0	0	0	0	0	0	0	284681	217432	0	0	0	267592	260855	0	0	159587	514040	91380	0	0	0	0	0	2081658	0	0	0	0	0	0	0	0	0	24622516	0
FFQ	61	1805	0	0	0	0	0	0	0	0	0	0	0	0	309653	225412	0	0	0	273059	290131	0	0	175580	463290	95487	0	0	0	0	0	1963057	0	0	0	0	0	0	0	0	0	24692070	0
FFQ	62	532	0	0	0	0	0	0	0	0	0	0	0	0	199236	148082	0	0	0	180647	186169	0	0	116773	387115	66309	0	0	0	0	0	1787823	0	0	0	0	0	0	0	0	0	25406177	0
FFQ	63	1444	0	0	0	0	0	0	0	0	0	0	0	0	172343	131120	0	0	0	166676	174791	0	0	114024	339427	65609	0	0	0	0	0	1674089	0	0	0	0	0	0	0	0	0	25628517	0
FFQ	64	3112	0	0	0	0	0	0	0	0	0	0	0	0	157317	119553	0	0	0	156128	170588	0	0	114137	288091	63778	0	0	0	0	0	1629793	0	0	0	0	0	0	0	0	0	25754294	0
FFQ	65	849	0	0	0	0	0	0	0	0	0	0	0	0	140815	106893	0	0	0	142859	154321	0	0	104808	277872	57341	0	0	0	0	0	1565903	0	0	0	0	0	0	0	0	0	25893081	0
FFQ	66	614	0	0	0	0	0	0	0	0	0	0	0	0	137057	101908	0	0	0	139670	157186	0	0	109454	283630	57232	0	0	0	0	0	1557361	0	0	0	0	0	0	0	0	0	25889015	0
FFQ	67	752	0	0	0	0	0	0	0	0	0	0	0	0	137100	104766	0	0	0	145990	153594	0	0	106618	262888	55882	0	0	0	0	0	1518210	0	0	0	0	0	0	0	0	0	25936415	0
FFQ	68	48157	0	0	0	0	0	0	0	0	0	0	0	0	129661	97855	0	0	0	133288	151101	0	0	103688	245333	55263	0	0	0	0	0	1493302	0	0	0	0	0	0	0	0	0	25953577	0
FFQ	69	750	0	0	0	0	0	0	0	0	0	0	0	0	134391	103272	0	0	0	142138	153797	0	0	108061	258890	56402	0	0	0	0	0	1518363	0	0	0	0	0	0	0	0	0	25922781	0
FFQ	70	431	0	0	0	0	0	0	0	0	0	0	0	0	143517	105822	0	0	0	145380	153810	0	0	103161	316216	55307	0	0	0	0	0	1600508	0	0	0	0	0	0	0	0	0	25762541	0
FFQ	71	2024	0	0	0	0	0	0	0	0	0	0	0	0	185187	134285	0	0	0	181437	159707	0	0	96052	492532	57366	0	0	0	0	0	1891135	0	0	0	0	0	0	0	0	0	25174861	0
FFQ	72	3700	0	0	0	0	0	0	0	0	0	0	0	0	347601	250724	0	0	0	317415	287869	0	0	159611	659211	101320	0	0	0	0	0	2225269	0	0	0	0	0	0	0	0	0	24009066	0
FFQ	73	7199	0	0	0	0	0	0	0	0	0	0	0	0	660916	461004	0	0	0	748618	519554	0	0	287604	673692	242242	0	0	0	0	0	2585324	0	0	0	0	0	0	0	0	0	22164067	0
FFQ	74	320	0	0	0	0	0	0	0	0	0	0	0	0	610417	501520	0	0	0	613340	423506	0	0	222203	785439	163480	0	0	0	0	0	2611171	0	0	0	0	0	0	0	0	0	22407267	0
FFQ	75	460	0	0	0	0	0	0	0	0	0	0	0	0	550281	470632	0	0	0	611170	367014	0	0	189529	841310	148235	0	0	0	0	0	2622952	0	0	0	0	0	0	0	0	0	22524744	0
FFQ	76	325	0	0	0	0	0	0	0	0	0	0	0	0	452999	374251	0	0	0	489953	294955	0	0	151242	851896	115170	0	0	0	0	0	2598020	0	0	0	0	0	0	0	0	0	22984352	0
FFQ	77	684	0	0	0	0	0	0	0	0	0	0	0	0	469490	394760	0	0	0	504557	325266	0	0	170770	804709	126733	0	0	0	0	0	2631639	0	0	0	0	0	0	0	0	0	22871258	0
FFQ	78	2692	0	0	0	0	0	0	0	0	0	0	0	0	499325	432397	0	0	0	560113	376094	0	0	200433	745281	153972	0	0	0	0	0	2647856	0	0	0	0	0	0	0	0	0	22668379	0
FFQ	79	967	0	0	0	0	0	0	0	0	0	0	0	0	484279	418994	0	0	0	535220	354890	0	0	188918	746231	141479	0	0	0	0	0	2608302	0	0	0	0	0	0	0	0	0	22794134	0
FFQ	80	2544	0	0	0	0	0	0	0	0	0	0	0	0	444340	378684	0	0	0	485653	321007	0	0	171858	749728	125458	0	0	0	0	0	2580369	0	0	0	0	0	0	0	0	0	23001324	0
FFQ	81	6676	0	0	0	0	0	0	0	0	0	0	0	0	422108	352957	0	0	0	465864	318339	0	0	171982	699089	127136	0	0	0	0	0	2567937	0	0	0	0	0	0	0	0	0	23116341	0
FFQ	82	7534	0	0	0	0	0	0	0	0	0	0	0	0	387462	324549	0	0	0	415752	310208	0	0	171617	659489	122696	0	0	0	0	0	2546631	0	0	0	0	0	0	0	0	0	23289058	0
FFQ	83	483	0	0	0	0	0	0	0	0	0	0	0	0	371560	309938	0	0	0	394641	307807	0	0	173062	630445	120082	0	0	0	0	0	2509780	0	0	0	0	0	0	0	0	0	23403531	0
FFQ	84	367	0	0	0	0	0	0	0	0	0	0	0	0	344219	284103	0	0	0	361565	287823	0	0	162864	601786	113228	0	0	0	0	0	2469057	0	0	0	0	0	0	0	0	0	23581704	0
FFQ	85	193	0	0	0	0	0	0	0	0	0	0	0	0	346407	284021	0	0	0	360468	281372	0	0	156344	617745	109366	0	0	0	0	0	2486676	0	0	0	0	0	0	0	0	0	23548209	0
FFQ	86	419	0	0	0	0	0	0	0	0	0	0	0	0	356506	293057	0	0	0	374965	286527	0	0	159357	622641	113926	0	0	0	0	0	2522353	0	0	0	0	0	0	0	0	0	23445432	0
FFQ	87	226	0	0	0	0	0	0	0	0	0	0	0	0	398485	342999	0	0	0	432943	341715	0	0	192332	620465	138122	0	0	0	0	0	2607083	0	0	0	0	0	0	0	0	0	23086370	0
FFQ	88	563	0	0	0	0	0	0	0	0	0	0	0	0	391285	327086	0	0	0	416885	320979	0	0	179362	623569	130094	0	0	0	0	0	2604866	0	0	0	0	0	0	0	0	0	23151912	0
FFQ	89	197	0	0	0	0	0	0	0	0	0	0	0	0	389662	333794	0	0	0	394692	311238	0	0	169034	632427	118304	0	0	0	0	0	2587262	0	0	0	0	0	0	0	0	0	23195347	0
FFQ	90	376	0	0	0	0	0	0	0	0	0	0	0	0	368272	301895	0	0	0	382219	302352	0	0	169267	624872	119775	0	0	0	0	0	2622546	0	0	0	0	0	0	0	0	0	23225390	0
FFQ	91	441	0	0	0	0	0	0	0	0	0	0	0	0	364995	293348	0	0	0	380870	303415	0	0	171699	589323	121120	0	0	0	0	0	2613346	0	0	0	0	0	0	0	0	0	23263621	0
FFQ	92	23831	0	0	0	0	0	0	0	0	0	0	0	0	344337	276105	0	0	0	352764	297851	0	0	169770	568860	118915	0	0	0	0	0	2604659	0	0	0	0	0	0	0	0	0	23330304	0
FFQ	93	812	0	0	0	0	0	0	0	0	0	0	0	0	334434	267306	0	0	0	349270	289374	0	0	166484	550983	117464	0	0	0	0	0	2595541	0	0	0	0	0	0	0	0	0	23399833	0
FFQ	94	773	0	0	0	0	0	0	0	0	0	0	0	0	319162	249700	0	0	0	325836	274834	0	0	159162	548789	113449	0	0	0	0	0	2591761	0	0	0	0	0	0	0	0	0	23470939	0
FFQ	95	157	0	0	0	0	0	0	0	0	0	0	0	0	322781	249604	0	0	0	327735	278086	0	0	161454	546700	113962	0	0	0	0	0	2624289	0	0	0	0	0	0	0	0	0	23412128	0
FFQ	96	177	0	0	0	0	0	0	0	0	0	0	0	0	327840	258832	0	0	0	335942	283821	0	0	162685	556924	116516	0	0	0	0	0	2660848	0	0	0	0	0	0	0	0	0	23315750	0
FFQ	97	132	0	0	0	0	0	0	0	0	0	0	0	0	353570	298805	0	0	0	346615	308832	0	0	174373	563405	118042	0	0	0	0	0	2698738	0	0	0	0	0	0	0	0	0	23139510	0
FFQ	98	165	0	0	0	0	0	0	0	0	0	0	0	0	360882	290454	0	0	0	372420	310872	0	0	177789	572260	127939	0	0	0	0	0	2758251	0	0	0	0	0	0	0	0	0	23013618	0
FFQ	99	2798	0	0	0	0	0	0	0	0	0	0	0	0	361154	288856	0	0	0	367813	303995	0	0	171624	591613	124171	0	0	0	0	0	2789530	0	0	0	0	0	0	0	0	0	22966026	0
FFQ	100	2026	0	0	0	0	0	0	0	0	0	0	0	0	365354	284658	0	0	0	370993	296131	0	0	166040	590196	122573	0	0	0	0	0	2827061	0	0	0	0	0	0	0	0	0	22925318	0
FFQ	101	9209	0	0	0	0	0	0	0	0	0	0	0	0	370446	295337	0	0	0	378044	319727	0	0	180347	574376	128876	0	0	0	0	0	2848206	0	0	0	0	0	0	0	0	0	22828157	0
FFQ	102	295	0	0	0	0	0	0	0	0	0	0	0	0	382734	282641	0	0	0	375056	327559	0	0	187608	555516	137951	0	0	0	0	0	2856891	0	0	0	0	0	0	0	0	0	22807617	0
FFQ	103	1167	0	0	0	0	0	0	0	0	0	0	0	0	327882	251816	0	0	0	324990	273245	0	0	156529	563683	114443	0	0	0	0	0	2833531	0	0	0	0	0	0	0	0	0	23047391	0
FFQ	104	367	0	0	0	0	0	0	0	0	0	0	0	0	323592	244143	0	0	0	325745	272643	0	0	157487	558996	119806	0	0	0	0	0	2863565	0	0	0	0	0	0	0	0	0	23008644	0
FFQ	105	2305	0	0	0	0	0	0	0	0	0	0	0	0	338266	256724	0	0	0	343910	288338	0	0	165626	524769	124534	0	0	0	0	0	2855788	0	0	0	0	0	0	0	0	0	22955184	0
FFQ	106	40310	0	0	0	0	0	0	0	0	0	0	0	0	317401	243517	0	0	0	323176	279767	0	0	164594	513960	120714	0	0	0	0	0	2878267	0	0	0	0	0	0	0	0	0	22953731	0
FFQ	107	247	0	0	0	0	0	0	0	0	0	0	0	0	327304	248628	0	0	0	334536	279408	0	0	162965	523893	119238	0	0	0	0	0	2910877	0	0	0	0	0	0	0	0	0	22907187	0
FFQ	108	204	0	0	0	0	0	0	0	0	0	0	0	0	326110	246394	0	0	0	326159	277863	0	0	160111	544774	118592	0	0	0	0	0	2960200	0	0	0	0	0	0	0	0	0	22831821	0
FFQ	109	259	0	0	0	0	0	0	0	0	0	0	0	0	341027	262085	0	0	0	339888	293359	0	0	167863	540920	124114	0	0	0	0	0	3024084	0	0	0	0	0	0	0	0	0	22676913	0
FFQ	110	225	0	0	0	0	0	0	0	0	0	0	0	0	357127	276692	0	0	0	356323	312310	0	0	178711	545544	130550	0	0	0	0	0	3087208	0	0	0	0	0	0	0	0	0	22503940	0
FFQ	111	556	0	0	0	0	0	0	0	0	0	0	0	0	363096	278939	0	0	0	359635	302472	0	0	170654	566776	127780	0	0	0	0	0	3128628	0	0	0	0	0	0	0	0	0	22427705	0
FFQ	112	173	0	0	0	0	0	0	0	0	0	0	0	0	375032	284342	0	0	0	367728	303473	0	0	170152	591402	127623	0	0	0	0	0	3205540	0	0	0	0	0	0	0	0	0	22278109	0
FFQ	113	89	0	0	0	0	0	0	0	0	0	0	0	0	398567	307714	0	0	0	390320	323929	0	0	180042	605321	134963	0	0	0	0	0	3286270	0	0	0	0	0	0	0	0	0	22053387	0
FFQ	114	89	0	0	0	0	0	0	0	0	0	0	0	0	415954	324298	0	8	0	409712	335104	0	3	184889	630481	141306	0	0	0	0	0	3370323	0	0	0	0	0	0	0	0	0	21844465	0
FFQ	115	118	0	0	0	0	0	0	0	0	0	0	0	0	443307	344206	0	16	0	436844	339429	0	1	185040	688987	144472	0	0	0	0	0	3492080	0	0	0	0	0	0	0	0	0	21557598	0
FFQ	116	178	0	0	0	0	0	0	0	0	0	0	0	0	605833	461964	0	109	0	583847	274545	0	6	126870	1612519	113480	0	0	0	0	0	4407315	0	0	0	0	0	0	0	0	0	19419997	0
FFQ	117	157	0	0	0	0	0	0	0	0	0	0	0	0	704166	566677	0	1199	0	721965	341668	0	57	152868	1816832	136909	0	0	0	0	0	5036717	0	0	0	0	0	0	0	0	0	18100466	0
FFQ	118	1607	0	0	0	0	0	0	0	0	0	0	0	0	2163922	2249635	0	30596	0	1406184	1645263	0	1841	708727	962831	432650	0	0	0	0	0	3851311	0	0	0	0	0	0	0	0	0	14096494	0
FFQ	119	96132	0	0	0	0	0	0	0	0	0	0	0	0	692512	537244	0	688875	0	0	301336	0	44614	137884	2056410	26687	0	0	0	0	0	4548402	0	0	0	0	0	0	0	0	0	18392879	0
FFQ	120	150	0	0	0	0	0	0	0	0	0	0	0	0	681514	518760	0	664129	0	0	273966	0	40533	124231	1886274	24870	0	0	0	0	0	4242156	0	0	0	0	0	0	0	0	0	19038398	0
FFQ	121	757	0	0	0	0	0	0	0	0	0	0	0	0	773407	611489	0	641173	0	0	533942	0	100263	264852	1079950	72533	0	0	0	0	0	4210855	0	0	0	0	0	0	0	0	0	19176656	0
FFQ	122	657	0	0	0	0	0	0	0	0	0	0	0	0	539699	408208	0	511692	0	0	363798	0	55783	189387	1183744	40105	0	0	0	0	0	4286728	0	0	0	0	0	0	0	0	0	19856329	0
FFQ	123	85	0	0	0	0	0	0	0	0	0	0	0	0	533031	405124	0	509283	0	0	362214	0	59025	189219	1099903	42732	0	0	0	0	0	4104945	0	0	0	0	0	0	0	0	0	20100950	0
FFQ	124	238	0	0	0	0	0	0	0	0	0	0	0	0	514767	387336	0	481203	0	0	365976	0	58911	192218	1011496	44236	0	0	0	0	0	4209335	0	0	0	0	0	0	0	0	0	20108813	0
FFQ	125	112	0	0	0	0	0	0	0	0	0	0	0	0	544190	410890	0	508683	0	0	377074	0	62931	196930	1074422	47070	0	0	0	0	0	4299837	0	0	0	0	0	0	0	0	0	19817864	0
FFQ	126	69	0	0	0	0	0	0	0	0	0	0	0	0	709629	538782	0	647188	0	0	330531	0	55556	150964	1759328	36452	0	0	0	0	0	4774154	0	0	0	0	0	0	0	0	0	18298813	0
FFQ	127	1128	0	0	0	0	0	0	0	0	0	0	0	0	888891	710830	0	859266	0	0	294321	0	50942	121052	2977121	28906	0	0	0	0	0	5420782	0	0	0	0	0	0	0	0	0	15905424	0
FFQ	128	110	0	0	0	0	0	0	0	0	0	0	0	0	2283549	2632331	0	1925008	0	0	736465	0	126477	275850	2661075	65082	0	0	0	0	0	4831028	0	0	0	0	0	0	0	0	0	11656508	0
FFQ	129	1139	0	0	0	0	0	0	0	0	0	0	0	0	2252425	2855555	0	2085688	0	0	524454	0	108687	188797	3527457	51733	0	0	0	0	0	5119176	0	0	0	0	0	0	0	0	0	10422156	0
FFQ	130	78	0	0	0	0	0	0	0	0	0	0	0	0	2224972	3083259	0	2334091	0	0	434310	0	101796	154466	4242909	47148	0	0	0	0	0	5072570	0	0	0	0	0	0	0	0	0	9390566	0
FFQ	131	154	0	0	0	0	0	0	0	0	0	0	0	0	1978652	2584754	0	2605382	0	0	466011	0	167284	170731	4121475	83193	0	0	0	0	0	5701180	0	0	0	0	0	0	0	0	0	9156412	0
FFQ	132	229	0	0	0	0	0	0	0	0	0	0	0	0	1680523	2271777	0	2111275	0	0	394501	0	130484	148585	5042963	72804	0	0	0	0	0	6120974	0	0	0	0	0	0	0	0	0	9010145	0
FFQ	133	1212	0	0	0	0	0	0	0	0	0	0	0	0	1667786	2382877	0	1913143	0	0	441016	0	156977	169768	4679822	89991	0	0	0	0	0	5939633	0	0	0	0	0	0	0	0	0	9486976	0
FFQ	134	2781	0	0	0	0	0	0	0	0	0	0	0	0	1741917	2347414	0	1846038	0	0	485155	0	156861	190853	3849167	86849	0	0	0	0	0	5410653	0	0	0	0	0	0	0	0	0	10751252	0
FFQ	135	1523	0	0	0	0	0	0	0	0	0	0	0	0	1475466	2076082	0	1777606	0	0	496018	0	124812	198012	3269161	67819	0	0	0	0	0	4938374	0	0	0	0	0	0	0	0	0	12382074	0
FFQ	136	24791	0	0	0	0	0	0	0	0	0	0	0	0	1575791	1409468	0	1668058	0	0	405055	0	90465	167566	2564671	51180	0	0	0	0	0	4904014	0	0	0	0	0	0	0	0	0	13878038	0
FFQ	137	219958	0	0	0	0	0	0	0	0	0	0	0	0	1140861	1173484	0	1274818	0	0	390617	0	73565	173841	2414746	44583	0	0	0	0	0	4981855	0	0	0	0	0	0	0	0	0	14779306	0
FFQ	138	2164	0	0	0	0	0	0	0	0	0	0	0	0	992743	1006005	0	1061444	0	0	380080	0	68299	177710	2337126	44367	0	0	0	0	0	5025850	0	0	0	0	0	0	0	0	0	15493069	0
FFQ	139	71299	0	0	0	0	0	0	0	0	0	0	0	0	849154	887066	0	916559	0	0	380746	0	73872	182317	2121524	48010	0	0	0	0	0	4997633	0	0	0	0	0	0	0	0	0	15964079	0
FFQ	140	228393	0	0	0	0	0	0	0	0	0	0	0	0	776330	825962	0	892175	0	0	411721	0	85635	199794	1784473	57483	0	0	0	0	0	5034904	0	0	0	0	0	0	0	0	0	16077580	0
FFQ	141	47384	0	0	0	0	0	0	0	0	0	0	0	0	767221	763400	0	841795	0	0	395081	0	85158	192433	1707526	58130	0	0	0	0	0	5094005	0	0	0	0	0	0	0	0	0	16260914	0
FFQ	142	266	0	0	0	0	0	0	0	0	0	0	0	0	699467	711160	0	861946	0	0	389064	0	86588	189690	1768925	58525	0	0	0	0	0	5165323	0	0	0	0	0	0	0	0	0	16044899	0
FFQ	143	113	0	0	0	0	0	0	0	0	0	0	0	0	707238	735472	0	825446	0	0	359270	0	83377	167794	1915732	54456	0	0	0	0	0	5306923	0	0	0	0	0	0	0	0	0	15610895	0
FFQ	144	62	0	0	0	0	0	0	0	0	0	0	0	0	772077	795742	0	875072	0	0	348411	0	83887	152958	2236461	52350	0	0	0	0	0	5541420	0	0	0	0	0	0	0	0	0	14550333	0
FFQ	145	25	0	0	0	0	0	0	0	0	0	0	0	0	1095156	1235236	0	1162392	0	0	530372	0	117263	220268	2298717	69444	0	0	0	0	0	5360063	0	0	0	0	0	0	0	0	0	12469024	0
FFQ	146	163	0	0	0	0	0	0	0	0	0	0	0	0	1016457	1372834	0	1078997	0	0	512518	0	98385	210484	2407010	52774	0	0	0	0	0	5058312	0	0	0	0	0	0	0	0	0	10937526	0
FFQ	147	112	0	0	0	0	0	0	0	0	0	0	0	0	800477	1277266	0	925890	0	0	403730	0	121182	401687	2206275	68309	0	0	0	0	0	5242977	0	0	0	0	0	0	0	0	0	10255131	0
FFQ	148	0	0	0	0	0	0	0	0	0	0	0	0	0	0	0	0	0	0	0	0	0	72258	6142268	68625	0	0	0	0	0	0	3064554	0	0	0	0	0	0	0	0	0	8631605	0
# Last Fragment Qualities. Use `grep ^LFQ | cut -f 2-` to extract this part.
# Columns correspond to qualities and rows to cycles. First column is the cycle number.
LFQ	1	0	0	0	0	0	0	0	0	0	0	0	0	0	0	0	0	0	0	0	0	0	0	117208	297328	65531	0	0	0	0	0	18167801	0	0	0	0	0	0	0	0	0	10092304	0
LFQ	2	139	0	0	0	0	0	0	0	0	0	0	0	0	12661	14203	0	0	0	34121	19653	0	0	13395	63583	29980	0	0	0	0	0	6226628	0	0	0	0	0	0	0	0	0	22325809	0
LFQ	3	345	0	0	0	0	0	0	0	0	0	0	0	0	10909	14850	0	0	0	21165	29299	0	0	24249	46514	23717	0	0	0	0	0	3746396	0	0	0	0	0	0	0	0	0	24822728	0
LFQ	4	779	0	0	0	0	0	0	0	0	0	0	0	0	23363	19849	0	0	0	20715	51461	0	0	45156	68614	17909	0	0	0	0	0	2338727	0	0	0	0	0	0	0	0	0	26153599	0
LFQ	5	8656	0	0	0	0	0	0	0	0	0	0	0	0	22163	18314	0	0	0	16821	48295	0	0	42488	61421	15555	0	0	0	0	0	1223315	0	0	0	0	0	0	0	0	0	27283144	0
LFQ	6	446	0	0	0	0	0	0	0	0	0	0	0	0	24926	20169	0	0	0	20036	52471	0	0	45884	66631	18259	0	0	0	0	0	1493697	0	0	0	0	0	0	0	0	0	26997653	0
LFQ	7	567	0	0	0	0	0	0	0	0	0	0	0	0	20261	19296	0	0	0	20510	49297	0	0	43680	66082	21011	0	0	0	0	0	1281110	0	0	0	0	0	0	0	0	0	27218358	0
LFQ	8	416	0	0	0	0	0	0	0	0	0	0	0	0	23764	20732	0	0	0	18392	54075	0	0	48112	76544	18448	0	0	0	0	0	1351254	0	0	0	0	0	0	0	0	0	27128435	0
LFQ	9	579	0	0	0	0	0	0	0	0	0	0	0	0	23147	22418	0	0	0	17638	55508	0	0	48951	77174	16919	0	0	0	0	0	885913	0	0	0	0	0	0	0	0	0	27591925	0
LFQ	10	12358	0	0	0	0	0	0	0	0	0	0	0	0	29173	22700	0	0	0	24525	63311	0	0	54878	73448	23134	0	0	0	0	0	892051	0	0	0	0	0	0	0	0	0	27544594	0
LFQ	11	1952	0	0	0	0	0	0	0	0	0	0	0	0	33668	25566	0	0	0	18879	67203	0	0	57357	92970	14721	0	0	0	0	0	1038117	0	0	0	0	0	0	0	0	0	27389739	0
LFQ	12	2722	0	0	0	0	0	0	0	0	0	0	0	0	37368	30666	0	0	0	26869	82203	0	0	71203	108666	24390	0	0	0	0	0	1098619	0	0	0	0	0	0	0	0	0	27257466	0
LFQ	13	453	0	0	0	0	0	0	0	0	0	0	0	0	39874	31939	0	0	0	31556	82681	0	0	71733	101482	27267	0	0	0	0	0	1095854	0	0	0	0	0	0	0	0	0	27257333	0
LFQ	14	1381	0	0	0	0	0	0	0	0	0	0	0	0	43333	35434	0	0	0	38182	86957	0	0	72668	129500	28885	0	0	0	0	0	1102202	0	0	0	0	0	0	0	0	0	27201630	0
LFQ	15	1441	0	0	0	0	0	0	0	0	0	0	0	0	52567	42684	0	0	0	42402	91624	0	0	73550	141411	27532	0	0	0	0	0	1122115	0	0	0	0	0	0	0	0	0	27144846	0
LFQ	16	46343	0	0	0	0	0	0	0	0	0	0	0	0	65958	53916	0	0	0	56061	104928	0	0	78895	145433	30978	0	0	0	0	0	1120033	0	0	0	0	0	0	0	0	0	27037627	0
LFQ	17	2648	0	0	0	0	0	0	0	0	0	0	0	0	81003	64992	0	0	0	75236	126580	0	0	97691	234415	45144	0	0	0	0	0	1357690	0	0	0	0	0	0	0	0	0	26654773	0
LFQ	18	17065	0	0	0	0	0	0	0	0	0	0	0	0	98451	80174	0	0	0	90432	143453	0	0	105935	247857	49254	0	0	0	0	0	1389761	0	0	0	0	0	0	0	0	0	26517790	0
LFQ	19	130169	0	0	0	0	0	0	0	0	0	0	0	0	99365	78523	0	0	0	82839	133301	0	0	95435	195551	45085	0	0	0	0	0	1327394	0	0	0	0	0	0	0	0	0	26552510	0
LFQ	20	712	0	0	0	0	0	0	0	0	0	0	0	0	112202	84401	0	0	0	96664	139249	0	0	94741	246815	49913	0	0	0	0	0	1354155	0	0	0	0	0	0	0	0	0	26561320	0
LFQ	21	10088	0	0	0	0	0	0	0	0	0	0	0	0	111613	93669	0	0	0	100499	150947	0	0	107839	281298	51994	0	0	0	0	0	1451975	0	0	0	0	0	0	0	0	0	26380250	0
LFQ	22	1270	0	0	0	0	0	0	0	0	0	0	0	0	117600	96814	0	0	0	110794	153008	0	0	107635	262615	57062	0	0	0	0	0	1545018	0	0	0	0	0	0	0	0	0	26288356	0
LFQ	23	47160	0	0	0	0	0	0	0	0	0	0	0	0	122515	102660	0	0	0	116749	156396	0	0	108215	241301	56860	0	0	0	0	0	1444333	0	0	0	0	0	0	0	0	0	26343983	0
LFQ	24	39333	0	0	0	0	0	0	0	0	0	0	0	0	134435	105838	0	0	0	134611	172071	0	0	116982	237701	69751	0	0	0	0	0	1437035	0	0	0	0	0	0	0	0	0	26292415	0
LFQ	25	712	0	0	0	0	0	0	0	0	0	0	0	0	119897	99728	0	0	0	113702	152862	0	0	105490	254036	54942	0	0	0	0	0	1409424	0	0	0	0	0	0	0	0	0	26429379	0
LFQ	26	234	0	0	0	0	0	0	0	0	0	0	0	0	119868	100159	0	0	0	111796	153669	0	0	106038	248125	53376	0	0	0	0	0	1435913	0	0	0	0	0	0	0	0	0	26410994	0
LFQ	27	840	0	0	0	0	0	0	0	0	0	0	0	0	116376	96656	0	0	0	111245	150774	0	0	103557	227769	54002	0	0	0	0	0	1428780	0	0	0	0	0	0	0	0	0	26450173	0
LFQ	28	1030	0	0	0	0	0	0	0	0	0	0	0	0	122015	105944	0	0	0	135726	161412	0	0	111013	224053	60422	0	0	0	0	0	1403657	0	0	0	0	0	0	0	0	0	26414900	0
LFQ	29	373	0	0	0	0	0	0	0	0	0	0	0	0	124798	99630	0	0	0	122215	148097	0	0	100833	328141	53170	0	0	0	0	0	1485467	0	0	0	0	0	0	0	0	0	26277448	0
LFQ	30	1985	0	0	0	0	0	0	0	0	0	0	0	0	135558	110996	0	0	0	141856	150760	0	0	101089	332844	53626	0	0	0	0	0	1475057	0	0	0	0	0	0	0	0	0	26236401	0
LFQ	31	154763	0	0	0	0	0	0	0	0	0	0	0	0	163019	140965	0	0	0	199581	204631	0	0	132016	294002	70034	0	0	0	0	0	1501197	0	0	0	0	0	0	0	0	0	25879964	0
LFQ	32	1710	0	0	0	0	0	0	0	0	0	0	0	0	168183	140761	0	0	0	177680	187538	0	0	125875	358262	66121	0	0	0	0	0	1591544	0	0	0	0	0	0	0	0	0	25922498	0
LFQ	33	50133	0	0	0	0	0	0	0	0	0	0	0	0	172652	145923	0	0	0	180130	193140	0	0	128201	390300	68428	0	0	0	0	0	1605165	0	0	0	0	0	0	0	0	0	25806100	0
LFQ	34	2353	0	0	0	0	0	0	0	0	0	0	0	0	170812	144412	0	0	0	175606	186055	0	0	121785	337156	67349	0	0	0	0	0	1663265	0	0	0	0	0	0	0	0	0	25871379	0
LFQ	35	30984	0	0	0	0	0	0	0	0	0	0	0	0	170632	143254	0	0	0	176166	183014	0	0	119648	343219	66341	0	0	0	0	0	1602679	0	0	0	0	0	0	0	0	0	25904235	0
LFQ	36	190	0	0	0	0	0	0	0	0	0	0	0	0	188559	157357	0	0	0	201875	206369	0	0	135163	342483	70929	0	0	0	0	0	1635496	0	0	0	0	0	0	0	0	0	25801751	0
LFQ	37	539	0	0	0	0	0	0	0	0	0	0	0	0	197417	161258	0	0	0	193122	204664	0	0	129485	351696	71117	0	0	0	0	0	1591542	0	0	0	0	0	0	0	0	0	25830919	0
LFQ	38	16122	0	0	0	0	0	0	0	0	0	0	0	0	191541	160478	0	0	0	208915	203016	0	0	130150	325706	73199	0	0	0	0	0	1591196	0	0	0	0	0	0	0	0	0	25822330	0
LFQ	39	143	0	0	0	0	0	0	0	0	0	0	0	0	179434	147520	0	0	0	182074	185450	0	0	120000	339301	66041	0	0	0	0	0	1589948	0	0	0	0	0	0	0	0	0	25903497	0
LFQ	40	315	0	0	0	0	0	0	0	0	0	0	0	0	192580	159386	0	0	0	193214	195060	0	0	127662	344629	67414	0	0	0	0	0	1578744	0	0	0	0	0	0	0	0	0	25844259	0
LFQ	41	2182	0	0	0	0	0	0	0	0	0	0	0	0	193490	155499	0	0	0	197908	196803	0	0	126521	360512	67353	0	0	0	0	0	1603680	0	0	0	0	0	0	0	0	0	25790111	0
LFQ	42	13449	0	0	0	0	0	0	0	0	0	0	0	0	214187	172960	0	0	0	209626	213927	0	0	133234	377028	71472	0	0	0	0	0	1614710	0	0	0	0	0	0	0	0	0	25664303	0
LFQ	43	20765	0	0	0	0	0	0	0	0	0	0	0	0	216973	183246	0	0	0	228128	225227	0	0	142863	372915	78130	0	0	0	0	0	1667771	0	0	0	0	0	0	0	0	0	25539649	0
LFQ	44	23824	0	0	0	0	0	0	0	0	0	0	0	0	213588	178398	0	0	0	214333	219583	0	0	140980	386518	73630	0	0	0	0	0	1665481	0	0	0	0	0	0	0	0	0	25550208	0
LFQ	45	158	0	0	0	0	0	0	0	0	0	0	0	0	208616	171423	0	0	0	210521	206699	0	0	131711	386916	70795	0	0	0	0	0	1659621	0	0	0	0	0	0	0	0	0	25610280	0
LFQ	46	125	0	0	0	0	0	0	0	0	0	0	0	0	220101	179116	0	0	0	217878	219460	0	0	136177	373023	75226	0	0	0	0	0	1653039	0	0	0	0	0	0	0	0	0	25572919	0
LFQ	47	399	0	0	0	0	0	0	0	0	0	0	0	0	210981	172289	0	0	0	213622	206283	0	0	129059	383584	71466	0	0	0	0	0	1674275	0	0	0	0	0	0	0	0	0	25575609	0
LFQ	48	376	0	0	0	0	0	0	0	0	0	0	0	0	222730	183927	0	0	0	225331	214660	0	0	133357	401961	73177	0	0	0	0	0	1702631	0	0	0	0	0	0	0	0	0	25470357	0
LFQ	49	392	0	0	0	0	0	0	0	0	0	0	0	0	245523	206691	0	0	0	254780	241778	0	0	151168	478443	83544	0	0	0	0	0	1833357	0	0	0	0	0	0	0	0	0	25123952	0
LFQ	50	852	0	0	0	0	0	0	0	0	0	0	0	0	261278	229073	0	0	0	281243	246380	0	0	153785	477358	83358	0	0	0	0	0	1833667	0	0	0	0	0	0	0	0	0	25043454	0
LFQ	51	29438	0	0	0	0	0	0	0	0	0	0	0	0	255189	212917	0	0	0	388759	243581	0	0	147649	422212	81506	0	0	0	0	0	1787768	0	0	0	0	0	0	0	0	0	25032537	0
LFQ	52	356	0	0	0	0	0	0	0	0	0	0	0	0	252294	203056	0	0	0	270153	218348	0	0	134839	517627	72828	0	0	0	0	0	1837177	0	0	0	0	0	0	0	0	0	25085557	0
LFQ	53	2146	0	0	0	0	0	0	0	0	0	0	0	0	252595	210654	0	0	0	270617	213098	0	0	131652	542556	72423	0	0	0	0	0	1851698	0	0	0	0	0	0	0	0	0	25034596	0
LFQ	54	49163	0	0	0	0	0	0	0	0	0	0	0	0	259184	207161	0	0	0	328551	236325	0	0	142553	451760	80225	0	0	0	0	0	1850811	0	0	0	0	0	0	0	0	0	24965248	0
LFQ	55	108	0	0	0	0	0	0	0	0	0	0	0	0	279856	236238	0	0	0	314953	264519	0	0	162890	479253	84771	0	0	0	0	0	1896842	0	0	0	0	0	0	0	0	0	24840474	0
LFQ	56	5769	0	0	0	0	0	0	0	0	0	0	0	0	256077	208594	0	0	0	272829	227019	0	0	140387	534729	77483	0	0	0	0	0	1888780	0	0	0	0	0	0	0	0	0	24938202	0
LFQ	57	783	0	0	0	0	0	0	0	0	0	0	0	0	259086	211213	0	0	0	281959	227686	0	0	138900	480709	79692	0	0	0	0	0	1894633	0	0	0	0	0	0	0	0	0	24964979	0
LFQ	58	69287	0	0	0	0	0	0	0	0	0	0	0	0	261234	212124	0	0	0	273451	237750	0	0	142427	456160	80874	0	0	0	0	0	1889298	0	0	0	0	0	0	0	0	0	24907254	0
LFQ	59	94	0	0	0	0	0	0	0	0	0	0	0	0	282294	235679	0	0	0	301302	250299	0	0	150212	503838	87315	0	0	0	0	0	1963695	0	0	0	0	0	0	0	0	0	24745039	0
LFQ	60	153	0	0	0	0	0	0	0	0	0	0	0	0	298078	248956	0	0	0	313932	272428	0	0	162770	537221	93971	0	0	0	0	0	2016968	0	0	0	0	0	0	0	0	0	24565276	0
LFQ	61	507	0	0	0	0	0	0	0	0	0	0	0	0	311019	262053	0	0	0	331377	280899	0	0	167898	514219	98717	0	0	0	0	0	2060180	0	0	0	0	0	0	0	0	0	24472854	0
LFQ	62	26709	0	0	0	0	0	0	0	0	0	0	0	0	299256	249587	0	0	0	317484	266240	0	0	156934	518837	93504	0	0	0	0	0	2050100	0	0	0	0	0	0	0	0	0	24511082	0
LFQ	63	200	0	0	0	0	0	0	0	0	0	0	0	0	299741	248605	0	0	0	318534	256237	0	0	150841	524248	89689	0	0	0	0	0	2020238	0	0	0	0	0	0	0	0	0	24571423	0
LFQ	64	13864	0	0	0	0	0	0	0	0	0	0	0	0	303390	247176	0	0	0	320645	262342	0	0	153519	540138	91780	0	0	0	0	0	2055697	0	0	0	0	0	0	0	0	0	24480793	0
LFQ	65	140	0	0	0	0	0	0	0	0	0	0	0	0	325085	267052	0	0	0	345454	268860	0	0	158029	622640	95691	0	0	0	0	0	2171700	0	0	0	0	0	0	0	0	0	24203379	0
LFQ	66	4174	0	0	0	0	0	0	0	0	0	0	0	0	350574	299038	0	0	0	396692	278262	0	0	160049	624864	100330	0	0	0	0	0	2197926	0	0	0	0	0	0	0	0	0	24035496	0
LFQ	67	92313	0	0	0	0	0	0	0	0	0	0	0	0	369692	349220	0	0	0	445934	323757	0	0	183279	557588	122524	0	0	0	0	0	2176503	0	0	0	0	0	0	0	0	0	23816431	0
LFQ	68	11356	0	0	0	0	0	0	0	0	0	0	0	0	360404	295438	0	0	0	388321	278735	0	0	159165	612474	101802	0	0	0	0	0	2197803	0	0	0	0	0	0	0	0	0	24021426	0
LFQ	69	739	0	0	0	0	0	0	0	0	0	0	0	0	340572	278712	0	0	0	368314	269710	0	0	156186	636608	98096	0	0	0	0	0	2215142	0	0	0	0	0	0	0	0	0	24051503	0
LFQ	70	78	0	0	0	0	0	0	0	0	0	0	0	0	337611	278582	0	0	0	364947	280731	0	0	162042	586800	103305	0	0	0	0	0	2270574	0	0	0	0	0	0	0	0	0	24019756	0
LFQ	71	78	0	0	0	0	0	0	0	0	0	0	0	0	344115	278283	0	0	0	370657	281699	0	0	162933	594918	104675	0	0	0	0	0	2270945	0	0	0	0	0	0	0	0	0	23984877	0
LFQ	72	1054	0	0	0	0	0	0	0	0	0	0	0	0	356510	291370	0	0	0	395961	281730	0	0	162699	598650	105562	0	0	0	0	0	2276174	0	0	0	0	0	0	0	0	0	23911680	0
LFQ	73	32981	0	0	0	0	0	0	0	0	0	0	0	0	364580	300349	0	0	0	404030	297406	0	0	171856	588706	110892	0	0	0	0	0	2270497	0	0	0	0	0	0	0	0	0	23829687	0
LFQ	74	135	0	0	0	0	0	0	0	0	0	0	0	0	378515	302055	0	0	0	415896	293892	0	0	167720	598706	113739	0	0	0	0	0	2280486	0	0	0	0	0	0	0	0	0	23809932	0
LFQ	75	43	0	0	0	0	0	0	0	0	0	0	0	0	367147	301410	0	0	0	399542	290938	0	0	167191	626613	109300	0	0	0	0	0	2334792	0	0	0	0	0	0	0	0	0	23753414	0
LFQ	76	62	0	0	0	0	0	0	0	0	0	0	0	0	367156	303997	0	0	0	403032	289123	0	0	165085	624152	109903	0	0	0	0	0	2359918	0	0	0	0	0	0	0	0	0	23716513	0
LFQ	77	414	0	0	0	0	0	0	0	0	0	0	0	0	381926	314282	0	0	0	431868	297101	0	0	168949	650440	113570	0	0	0	0	0	2409929	0	0	0	0	0	0	0	0	0	23559107	0
LFQ	78	16390	0	0	0	0	0	0	0	0	0	0	0	0	395196	325963	0	0	0	447629	290258	0	0	163218	729310	110570	0	0	0	0	0	2481394	0	0	0	0	0	0	0	0	0	23356116	0
LFQ	79	44668	0	0	0	0	0	0	0	0	0	0	0	0	440280	362887	0	0	0	502497	312341	0	0	174348	715190	125105	0	0	0	0	0	2501128	0	0	0	0	0	0	0	0	0	23126475	0
LFQ	80	91901	0	0	0	0	0	0	0	0	0	0	0	0	464841	395519	0	0	0	557658	347787	0	0	191738	696600	138131	0	0	0	0	0	2545945	0	0	0	0	0	0	0	0	0	22864177	0
LFQ	81	254	0	0	0	0	0	0	0	0	0	0	0	0	452551	374792	0	0	0	510220	300040	0	0	165302	895480	114111	0	0	0	0	0	2702431	0	0	0	0	0	0	0	0	0	22768659	0
LFQ	82	1393	0	0	0	0	0	0	0	0	0	0	0	0	505651	414219	0	0	0	633562	310769	0	0	170655	829720	118450	0	0	0	0	0	2702070	0	0	0	0	0	0	0	0	0	22586372	0
LFQ	83	118686	0	0	0	0	0	0	0	0	0	0	0	0	483405	384036	0	0	0	692086	340276	0	0	185888	759329	128535	0	0	0	0	0	2769104	0	0	0	0	0	0	0	0	0	22400431	0
LFQ	84	920	0	0	0	0	0	0	0	0	0	0	0	0	495754	408573	0	0	0	588436	308777	0	0	170546	815938	123067	0	0	0	0	0	2782150	0	0	0	0	0	0	0	0	0	22555427	0
LFQ	85	71283	0	0	0	0	0	0	0	0	0	0	0	0	474387	402410	0	0	0	558331	334404	0	0	183596	843752	135802	0	0	0	0	0	2757034	0	0	0	0	0	0	0	0	0	22475335	0
LFQ	86	23924	0	0	0	0	0	0	0	0	0	0	0	0	453928	371938	0	0	0	517412	315000	0	0	174728	746894	127956	0	0	0	0	0	2808011	0	0	0	0	0	0	0	0	0	22683686	0
LFQ	87	89	0	0	0	0	0	0	0	0	0	0	0	0	440715	364575	0	0	0	495660	310716	0	0	172116	747854	126096	0	0	0	0	0	2783732	0	0	0	0	0	0	0	0	0	22770210	0
LFQ	88	202	0	0	0	0	0	0	0	0	0	0	0	0	434548	355765	0	0	0	487385	310569	0	0	173733	710153	127058	0	0	0	0	0	2789945	0	0	0	0	0	0	0	0	0	22811550	0
LFQ	89	8206	0	0	0	0	0	0	0	0	0	0	0	0	437853	359350	0	0	0	494487	309908	0	0	172037	714502	126023	0	0	0	0	0	2774914	0	0	0	0	0	0	0	0	0	22792484	0
LFQ	90	291	0	0	0	0	0	0	0	0	0	0	0	0	459657	379390	0	0	0	523733	309768	0	0	170097	872594	125500	0	0	0	0	0	2934552	0	0	0	0	0	0	0	0	0	22402773	0
LFQ	91	2654	0	0	0	0	0	0	0	0	0	0	0	0	510491	431700	0	0	0	612169	311814	0	0	168334	866563	127184	0	0	0	0	0	2972425	0	0	0	0	0	0	0	0	0	22163532	0
LFQ	92	217864	0	0	0	0	0	0	0	0	0	0	0	0	549032	484598	0	0	0	694199	367442	0	0	196118	872586	152792	0	0	0	0	0	3026508	0	0	0	0	0	0	0	0	0	21594008	0
LFQ	93	22228	0	0	0	0	0	0	0	0	0	0	0	0	591020	509434	0	0	0	723077	330183	0	0	175325	957209	134891	0	0	0	0	0	3115570	0	0	0	0	0	0	0	0	0	21584213	0
LFQ	94	101420	0	0	0	0	0	0	0	0	0	0	0	0	580266	531233	0	0	0	784199	371174	0	0	194412	973341	155574	0	0	0	0	0	3160555	0	0	0	0	0	0	0	0	0	21277433	0
LFQ	95	19536	0	0	0	0	0	0	0	0	0	0	0	0	612271	497982	0	0	0	724835	325139	0	0	173866	898193	137842	0	0	0	0	0	3175985	0	0	0	0	0	0	0	0	0	21550891	0
LFQ	96	40109	0	0	0	0	0	0	0	0	0	0	0	0	535734	433393	0	0	0	756131	322225	0	0	171123	879011	133447	0	0	0	0	0	3179704	0	0	0	0	0	0	0	0	0	21652850	0
LFQ	97	49	0	0	0	0	0	0	0	0	0	0	0	0	546270	453726	0	0	0	626512	322604	0	0	173707	882585	134856	0	0	0	0	0	3224674	0	0	0	0	0	0	0	0	0	21725920	0
LFQ	98	1312	0	0	0	0	0	0	0	0	0	0	0	0	542080	442876	0	0	0	604249	344033	0	0	186485	907035	146674	0	0	0	0	0	3215181	0	0	0	0	0	0	0	0	0	21688492	0
LFQ	99	654	0	0	0	0	0	0	0	0	0	0	0	0	556135	456012	0	0	0	625328	348570	0	0	185189	842549	149991	0	0	0	0	0	3216180	0	0	0	0	0	0	0	0	0	21686072	0
LFQ	100	595	0	0	0	0	0	0	0	0	0	0	0	0	551004	454512	0	0	0	618407	330702	0	0	174399	953032	140709	0	0	0	0	0	3321420	0	0	0	0	0	0	0	0	0	21510516	0
LFQ	101	1839	0	0	0	0	0	0	0	0	0	0	0	0	601128	506138	0	0	0	698420	339509	0	0	178152	930412	142438	0	0	0	0	0	3303130	0	0	0	0	0	0	0	0	0	21342448	0
LFQ	102	161858	0	0	0	0	0	0	0	0	0	0	0	0	616926	535889	0	0	0	732244	387887	0	0	197967	882564	152989	0	0	0	0	0	3328918	0	0	0	0	0	0	0	0	0	21033682	0
LFQ	103	13127	0	0	0	0	0	0	0	0	0	0	0	0	638430	538584	0	0	0	726549	356075	0	0	183304	960821	151221	0	0	0	0	0	3431819	0	0	0	0	0	0	0	0	0	21018079	0
LFQ	104	26439	0	0	0	0	0	0	0	0	0	0	0	0	646284	547068	0	0	0	718854	373093	0	0	192364	1076601	151298	0	0	0	0	0	3530544	0	0	0	0	0	0	0	0	0	20742397	0
LFQ	105	2851	0	0	0	0	0	0	0	0	0	0	0	0	652214	555555	0	0	0	743106	361838	0	0	184575	1009177	158036	0	0	0	0	0	3614372	0	0	0	0	0	0	0	0	0	20710851	0
LFQ	106	42488	0	0	0	0	0	0	0	0	0	0	0	0	677363	582773	0	0	0	786104	397971	0	0	203119	971591	171216	0	0	0	0	0	3611606	0	0	0	0	0	0	0	0	0	20535930	0
LFQ	107	884	0	0	0	0	0	0	0	0	0	0	0	0	666064	560857	0	0	0	742285	362310	0	0	185025	1007884	154754	0	0	0	0	0	3614295	0	0	0	0	0	0	0	0	0	20672530	0
LFQ	108	6620	0	0	0	0	0	0	0	0	0	0	0	0	666092	548600	0	0	0	770876	371594	0	0	187921	1003621	158288	0	0	0	0	0	3645402	0	0	0	0	0	0	0	0	0	20594536	0
LFQ	109	9991	0	0	0	0	0	0	0	0	0	0	0	0	670986	563467	0	0	0	737601	376227	0	0	190891	983559	161205	0	0	0	0	0	3688366	0	0	0	0	0	0	0	0	0	20558295	0
LFQ	110	54	0	0	0	0	0	0	0	0	0	0	0	0	696274	571467	0	0	0	755356	384664	0	0	193637	1012798	165536	0	0	0	0	0	3746883	0	0	0	0	0	0	0	0	0	20400841	0
LFQ	111	22	0	0	0	0	0	0	0	0	0	0	0	0	685763	576880	0	0	0	740829	377536	0	0	188008	1050515	159439	0	0	0	0	0	3801262	0	0	0	0	0	0	0	0	0	20334247	0
LFQ	112	123	0	0	0	0	0	0	0	0	0	0	0	0	728980	612422	0	1	0	791997	393083	0	0	195083	1065451	169069	0	0	0	0	0	3895016	0	0	0	0	0	0	0	0	0	20050572	0
LFQ	113	8044	0	0	0	0	0	0	0	0	0	0	0	0	754721	638930	0	2	0	822392	409978	0	0	202047	1074749	175719	0	0	0	0	0	3963402	0	0	0	0	0	0	0	0	0	19839044	0
LFQ	114	35	0	0	0	0	0	0	0	0	0	0	0	0	775995	660579	0	5	0	862954	415636	0	0	202443	1106055	177620	0	0	0	0	0	4040563	0	0	0	0	0	0	0	0	0	19634022	0
LFQ	115	2693	0	0	0	0	0	0	0	0	0	0	0	0	785885	660034	0	16	0	847737	407055	0	0	198463	1172011	173064	0	0	0	0	0	4110632	0	0	0	0	0	0	0	0	0	19505025	0
LFQ	116	579	0	0	0	0	0	0	0	0	0	0	0	0	825488	682018	0	100	0	927027	402257	0	6	194514	1141038	173282	0	0	0	0	0	4112013	0	0	0	0	0	0	0	0	0	19390780	0
LFQ	117	43109	0	0	0	0	0	0	0	0	0	0	0	0	799056	657280	0	1138	0	930225	403497	0	59	193142	1155010	171978	0	0	0	0	0	4219352	0	0	0	0	0	0	0	0	0	19260603	0
LFQ	118	136	0	0	0	0	0	0	0	0	0	0	0	0	856566	722279	0	31878	0	888952	430907	0	2146	206724	1187082	179249	0	0	0	0	0	4300066	0	0	0	0	0	0	0	0	0	19013752	0
LFQ	119	46	0	0	0	0	0	0	0	0	0	0	0	0	863946	724715	0	908962	0	0	437344	0	76675	209371	1478004	50666	0	0	0	0	0	4275250	0	0	0	0	0	0	0	0	0	18779399	0
LFQ	120	264	0	0	0	0	0	0	0	0	0	0	0	0	864223	721911	0	904677	0	0	423925	0	74340	200408	1498806	48655	0	0	0	0	0	4361357	0	0	0	0	0	0	0	0	0	18691684	0
LFQ	121	276	0	0	0	0	0	0	0	0	0	0	0	0	900018	750773	0	937843	0	0	432139	0	75368	203197	1566257	49745	0	0	0	0	0	4409964	0	0	0	0	0	0	0	0	0	18450842	0
LFQ	122	17158	0	0	0	0	0	0	0	0	0	0	0	0	922915	764264	0	981738	0	0	439249	0	76874	205800	1543030	51239	0	0	0	0	0	4487681	0	0	0	0	0	0	0	0	0	18272442	0
LFQ	123	107659	0	0	0	0	0	0	0	0	0	0	0	0	946284	789069	0	1001138	0	0	470075	0	84757	221054	1499726	55766	0	0	0	0	0	4503157	0	0	0	0	0	0	0	0	0	18069756	0
LFQ	124	2750	0	0	0	0	0	0	0	0	0	0	0	0	908886	751190	0	947919	0	0	425736	0	73805	200781	1634218	49354	0	0	0	0	0	4625115	0	0	0	0	0	0	0	0	0	18114484	0
LFQ	125	50	0	0	0	0	0	0	0	0	0	0	0	0	917239	769463	0	963764	0	0	432739	0	75861	203404	1707316	50624	0	0	0	0	0	4702951	0	0	0	0	0	0	0	0	0	17895810	0
LFQ	126	2812	0	0	0	0	0	0	0	0	0	0	0	0	921722	755177	0	1028364	0	0	443525	0	78989	209636	1656859	52885	0	0	0	0	0	4864413	0	0	0	0	0	0	0	0	0	17688957	0
LFQ	127	38457	0	0	0	0	0	0	0	0	0	0	0	0	964038	793049	0	990195	0	0	453411	0	81025	213254	1740437	53548	0	0	0	0	0	5035794	0	0	0	0	0	0	0	0	0	17324411	0
LFQ	128	133	0	0	0	0	0	0	0	0	0	0	0	0	991358	820663	0	1033915	0	0	472657	0	85729	224382	1902344	57638	0	0	0	0	0	5312328	0	0	0	0	0	0	0	0	0	16770578	0
LFQ	129	1359	0	0	0	0	0	0	0	0	0	0	0	0	1042017	855729	0	1132559	0	0	476147	0	87999	224775	2015051	57358	0	0	0	0	0	5742458	0	0	0	0	0	0	0	0	0	16019793	0
LFQ	130	92004	0	0	0	0	0	0	0	0	0	0	0	0	1014821	835387	0	1193743	0	0	493405	0	103961	234795	2119667	67219	0	0	0	0	0	6498578	0	0	0	0	0	0	0	0	0	14984524	0
LFQ	131	43335	0	0	0	0	0	0	0	0	0	0	0	0	1047258	870270	0	1248416	0	0	506441	0	134467	243145	2405297	89895	0	0	0	0	0	7456214	0	0	0	0	0	0	0	0	0	13574945	0
LFQ	132	5184	0	0	0	0	0	0	0	0	0	0	0	0	998771	836665	0	1264872	0	0	496801	0	171656	239132	2724611	120719	0	0	0	0	0	8193700	0	0	0	0	0	0	0	0	0	12537358	0
LFQ	133	393	0	0	0	0	0	0	0	0	0	0	0	0	998234	850052	0	1289552	0	0	498745	0	191851	238086	2606041	135321	0	0	0	0	0	7785081	0	0	0	0	0	0	0	0	0	12954308	0
LFQ	134	2773	0	0	0	0	0	0	0	0	0	0	0	0	966669	817068	0	1173817	0	0	479337	0	155331	226675	2198843	106130	0	0	0	0	0	6391379	0	0	0	0	0	0	0	0	0	14989145	0
LFQ	135	10226	0	0	0	0	0	0	0	0	0	0	0	0	967979	807554	0	1067575	0	0	468203	0	111740	219910	1854878	74276	0	0	0	0	0	5465062	0	0	0	0	0	0	0	0	0	16408432	0
LFQ	136	166	0	0	0	0	0	0	0	0	0	0	0	0	933233	781609	0	967567	0	0	444847	0	89819	209924	1718261	59230	0	0	0	0	0	5228942	0	0	0	0	0	0	0	0	0	16967955	0
LFQ	137	13060	0	0	0	0	0	0	0	0	0	0	0	0	934991	778431	0	950339	0	0	443321	0	86753	207873	1652140	58478	0	0	0	0	0	5205105	0	0	0	0	0	0	0	0	0	17012112	0
LFQ	138	2925	0	0	0	0	0	0	0	0	0	0	0	0	942141	787939	0	955473	0	0	447726	0	89634	209618	1626139	60794	0	0	0	0	0	5252910	0	0	0	0	0	0	0	0	0	16903461	0
LFQ	139	95	0	0	0	0	0	0	0	0	0	0	0	0	956602	803337	0	964862	0	0	451741	0	91643	210332	1636289	62306	0	0	0	0	0	5298676	0	0	0	0	0	0	0	0	0	16730740	0
LFQ	140	669	0	0	0	0	0	0	0	0	0	0	0	0	953905	789759	0	968466	0	0	441523	0	91074	203252	1676942	61534	0	0	0	0	0	5378817	0	0	0	0	0	0	0	0	0	16543544	0
LFQ	141	12101	0	0	0	0	0	0	0	0	0	0	0	0	948405	788944	0	974297	0	0	431855	0	90464	198643	1702739	60991	0	0	0	0	0	5454421	0	0	0	0	0	0	0	0	0	16303323	0
LFQ	142	1246	0	0	0	0	0	0	0	0	0	0	0	0	990365	823874	0	1031964	0	0	450960	0	97764	205018	1758793	64415	0	0	0	0	0	5559429	0	0	0	0	0	0	0	0	0	15785694	0
LFQ	143	191	0	0	0	0	0	0	0	0	0	0	0	0	1091509	901293	0	1138808	0	0	357412	0	80164	147609	2563297	47363	0	0	0	0	0	5777300	0	0	0	0	0	0	0	0	0	14490516	0
LFQ	144	11135	0	0	0	0	0	0	0	0	0	0	0	0	1139965	938105	0	1277233	0	0	380810	0	93445	156920	2627784	54535	0	0	0	0	0	5969456	0	0	0	0	0	0	0	0	0	13666787	0
LFQ	145	2406	0	0	0	0	0	0	0	0	0	0	0	0	1978130	2400242	0	1723016	0	0	1023350	0	259042	395282	1808676	148664	0	0	0	0	0	5001887	0	0	0	0	0	0	0	0	0	10896576	0
LFQ	146	7723	0	0	0	0	0	0	0	0	0	0	0	0	998619	843147	0	1041281	0	0	361475	0	68993	151535	2555959	37871	0	0	0	0	0	5764815	0	0	0	0	0	0	0	0	0	12573539	0
LFQ	147	14614	0	0	0	0	0	0	0	0	0	0	0	0	780233	695739	0	939557	0	0	305875	0	92039	278308	2256924	53442	0	0	0	0	0	5885466	0	0	0	0	0	0	0	0	0	12493082	0
LFQ	148	0	0	0	0	0	0	0	0	0	0	0	0	0	0	0	0	0	0	0	0	0	68653	6041554	91728	0	0	0	0	0	0	3705349	0	0	0	0	0	0	0	0	0	10789837	0
# GC Content of first fragments. Use `grep ^GCF | cut -f 2-` to extract this part.
GCF	0.25	34
GCF	0.75	38
GCF	1.26	29
GCF	1.76	28
GCF	2.26	34
GCF	2.76	29
GCF	3.52	28
GCF	4.27	24
GCF	4.77	22
GCF	5.28	28
GCF	5.78	36
GCF	6.28	49
GCF	6.78	52
GCF	7.29	62
GCF	7.79	86
GCF	8.54	102
GCF	9.30	121
GCF	9.80	141
GCF	10.30	167
GCF	10.80	179
GCF	11.31	203
GCF	11.81	225
GCF	12.31	275
GCF	12.81	375
GCF	13.32	492
GCF	13.82	649
GCF	14.32	783
GCF	14.82	1021
GCF	15.33	1278
GCF	15.83	1550
GCF	16.33	1973
GCF	16.83	2569
GCF	17.34	3222
GCF	17.84	3733
GCF	18.34	4781
GCF	18.84	6564
GCF	19.35	8783
GCF	19.85	10027
GCF	20.35	13579
GCF	20.85	17992
GCF	21.36	19616
GCF	21.86	25882
GCF	22.36	33830
GCF	22.86	42426
GCF	23.37	46565
GCF	23.87	58297
GCF	24.37	73847
GCF	24.87	89982
GCF	25.38	96747
GCF	25.88	117324
GCF	26.38	140756
GCF	26.88	163662
GCF	27.39	172667
GCF	27.89	200203
GCF	28.39	231133
GCF	28.89	258047
GCF	29.40	267887
GCF	29.90	301613
GCF	30.40	334904
GCF	30.90	362942
GCF	31.41	373140
GCF	31.91	403503
GCF	32.41	435013
GCF	32.91	460265
GCF	33.42	469763
GCF	33.92	495620
GCF	34.42	518282
GCF	34.92	541492
GCF	35.43	548387
GCF	35.93	570891
GCF	36.43	586639
GCF	36.93	603117
GCF	37.44	609219
GCF	37.94	622031
GCF	38.44	631981
GCF	38.94	639119
GCF	39.45	640224
GCF	39.95	646321
GCF	40.45	646992
GCF	40.95	645839
GCF	41.46	643028
GCF	41.96	637933
GCF	42.46	631511
GCF	42.96	628764
GCF	43.47	621310
GCF	43.97	614640
GCF	44.47	606606
GCF	44.97	602869
GCF	45.48	597259
GCF	45.98	589831
GCF	46.48	584759
GCF	46.98	582286
GCF	47.49	575745
GCF	47.99	572488
GCF	48.49	571185
GCF	48.99	571490
GCF	49.50	573129
GCF	50.00	573993
GCF	50.50	573048
GCF	51.01	574375
GCF	51.51	572657
GCF	52.01	568928
GCF	52.51	562069
GCF	53.02	560903
GCF	53.52	552177
GCF	54.02	542972
GCF	54.52	532017
GCF	55.03	530332
GCF	55.53	520624
GCF	56.03	510103
GCF	56.53	499186
GCF	57.04	495320
GCF	57.54	486359
GCF	58.04	475995
GCF	58.54	463929
GCF	59.05	459370
GCF	59.55	447330
GCF	60.05	432936
GCF	60.55	425625
GCF	61.06	409377
GCF	61.56	392947
GCF	62.06	375701
GCF	62.56	367306
GCF	63.07	346079
GCF	63.57	326158
GCF	64.07	301853
GCF	64.57	292467
GCF	65.08	266438
GCF	65.58	243812
GCF	66.08	217657
GCF	66.58	208277
GCF	67.09	185517
GCF	67.59	157397
GCF	68.09	132655
GCF	68.59	124961
GCF	69.10	103717
GCF	69.60	82926
GCF	70.10	62907
GCF	70.60	57270
GCF	71.11	44095
GCF	71.61	31326
GCF	72.11	22014
GCF	72.61	18979
GCF	73.12	13387
GCF	73.62	9090
GCF	74.12	6042
GCF	74.62	4989
GCF	75.13	3508
GCF	75.63	2377
GCF	76.13	1632
GCF	76.63	1383
GCF	77.14	982
GCF	77.64	714
GCF	78.14	532
GCF	78.64	459
GCF	79.15	324
GCF	79.65	253
GCF	80.15	197
GCF	80.65	146
GCF	81.16	148
GCF	81.66	125
GCF	82.16	90
GCF	82.66	71
GCF	83.17	52
GCF	83.67	41
GCF	84.17	32
GCF	84.67	24
GCF	85.18	23
GCF	85.93	20
GCF	86.68	15
GCF	87.19	6
GCF	87.94	5
GCF	88.69	3
GCF	89.20	2
GCF	89.95	1
GCF	90.95	2
GCF	91.71	1
GCF	92.21	3
GCF	92.71	4
GCF	93.22	3
GCF	93.97	4
GCF	94.72	2
GCF	95.23	3
GCF	95.73	7
GCF	96.23	9
GCF	96.98	4
GCF	97.99	8
GCF	98.74	9
GCF	99.50	5
# GC Content of last fragments. Use `grep ^GCL | cut -f 2-` to extract this part.
GCL	0.25	26
GCL	0.75	36
GCL	1.26	35
GCL	1.76	30
GCL	2.26	26
GCL	3.02	21
GCL	3.77	23
GCL	4.52	31
GCL	5.53	38
GCL	6.28	53
GCL	6.78	69
GCL	7.29	102
GCL	7.79	103
GCL	8.29	117
GCL	8.79	124
GCL	9.30	142
GCL	9.80	162
GCL	10.30	191
GCL	10.80	215
GCL	11.31	299
GCL	11.81	344
GCL	12.31	421
GCL	12.81	490
GCL	13.32	602
GCL	13.82	732
GCL	14.32	926
GCL	14.82	1249
GCL	15.33	1505
GCL	15.83	1769
GCL	16.33	2243
GCL	16.83	3018
GCL	17.34	3845
GCL	17.84	4386
GCL	18.34	5914
GCL	18.84	7918
GCL	19.35	10614
GCL	19.85	11828
GCL	20.35	15901
GCL	20.85	21498
GCL	21.36	23208
GCL	21.86	30292
GCL	22.36	39025
GCL	22.86	49975
GCL	23.37	54042
GCL	23.87	67461
GCL	24.37	84379
GCL	24.87	103823
GCL	25.38	109466
GCL	25.88	131210
GCL	26.38	157118
GCL	26.88	181171
GCL	27.39	188349
GCL	27.89	217923
GCL	28.39	250044
GCL	28.89	278663
GCL	29.40	286468
GCL	29.90	319249
GCL	30.40	353137
GCL	30.90	379650
GCL	31.41	387620
GCL	31.91	417597
GCL	32.41	447700
GCL	32.91	470916
GCL	33.42	477307
GCL	33.92	502392
GCL	34.42	522176
GCL	34.92	545975
GCL	35.43	551158
GCL	35.93	568581
GCL	36.43	583999
GCL	36.93	598467
GCL	37.44	602270
GCL	37.94	615578
GCL	38.44	622124
GCL	38.94	628992
GCL	39.45	630592
GCL	39.95	633047
GCL	40.45	631989
GCL	40.95	630561
GCL	41.46	628534
GCL	41.96	623647
GCL	42.46	616972
GCL	42.96	614890
GCL	43.47	607495
GCL	43.97	601000
GCL	44.47	595261
GCL	44.97	592298
GCL	45.48	586514
GCL	45.98	579678
GCL	46.48	573131
GCL	46.98	570944
GCL	47.49	566358
GCL	47.99	563833
GCL	48.49	564582
GCL	48.99	564728
GCL	49.50	566161
GCL	50.00	567419
GCL	50.50	567618
GCL	51.01	568545
GCL	51.51	568234
GCL	52.01	561992
GCL	52.51	554174
GCL	53.02	553445
GCL	53.52	544141
GCL	54.02	532435
GCL	54.52	521521
GCL	55.03	519858
GCL	55.53	509625
GCL	56.03	497752
GCL	56.53	489319
GCL	57.04	486956
GCL	57.54	477025
GCL	58.04	465863
GCL	58.54	453691
GCL	59.05	450163
GCL	59.55	435721
GCL	60.05	421798
GCL	60.55	415207
GCL	61.06	398580
GCL	61.56	381773
GCL	62.06	362136
GCL	62.56	355194
GCL	63.07	334995
GCL	63.57	314844
GCL	64.07	289373
GCL	64.57	282521
GCL	65.08	256999
GCL	65.58	233371
GCL	66.08	206175
GCL	66.58	199276
GCL	67.09	175842
GCL	67.59	148103
GCL	68.09	122348
GCL	68.59	116507
GCL	69.10	95744
GCL	69.60	75005
GCL	70.10	55678
GCL	70.60	51751
GCL	71.11	38780
GCL	71.61	26823
GCL	72.11	17881
GCL	72.61	15848
GCL	73.12	10810
GCL	73.62	6696
GCL	74.12	4344
GCL	74.62	3770
GCL	75.13	2498
GCL	75.63	1734
GCL	76.13	1250
GCL	76.63	1124
GCL	77.14	868
GCL	77.64	751
GCL	78.14	607
GCL	78.64	576
GCL	79.15	461
GCL	79.65	404
GCL	80.15	364
GCL	80.65	363
GCL	81.16	301
GCL	81.66	272
GCL	82.16	257
GCL	82.66	243
GCL	83.17	274
GCL	83.67	228
GCL	84.17	209
GCL	84.67	167
GCL	85.18	201
GCL	85.68	180
GCL	86.18	170
GCL	86.68	165
GCL	87.19	139
GCL	87.69	136
GCL	88.44	140
GCL	89.20	112
GCL	89.70	107
GCL	90.20	111
GCL	90.70	122
GCL	91.21	103
GCL	91.71	81
GCL	92.21	82
GCL	92.71	70
GCL	93.22	80
GCL	93.72	72
GCL	94.22	67
GCL	94.72	68
GCL	95.23	65
GCL	95.73	90
GCL	96.23	88
GCL	96.73	72
GCL	97.24	83
GCL	97.74	109
GCL	98.24	111
GCL	98.74	196
GCL	99.50	381
# ACGT content per cycle. Use `grep ^GCC | cut -f 2-` to extract this part. The columns are: cycle; A,C,G,T base counts as a percentage of all A/C/G/T bases [%]; and N and O counts as a percentage of all A/C/G/T bases [%]
GCC	1	18.98	31.02	30.98	19.01	0.00	0.00
GCC	2	30.03	19.97	19.92	30.08	0.00	0.00
GCC	3	27.74	22.26	22.21	27.79	0.00	0.00
GCC	4	28.25	21.74	21.71	28.30	0.00	0.00
GCC	5	28.31	21.68	21.63	28.38	0.08	0.00
GCC	6	28.42	21.59	21.52	28.48	0.00	0.00
GCC	7	29.26	20.74	20.68	29.32	0.31	0.00
GCC	8	26.66	23.34	23.28	26.72	0.00	0.00
GCC	9	26.47	23.53	23.46	26.53	0.00	0.00
GCC	10	29.52	20.49	20.44	29.55	0.03	0.00
GCC	11	23.56	26.45	26.40	23.60	0.01	0.00
GCC	12	24.59	25.41	25.38	24.62	0.02	0.00
GCC	13	27.25	22.76	22.70	27.29	0.02	0.00
GCC	14	27.54	22.49	22.41	27.56	0.00	0.00
GCC	15	27.27	22.73	22.67	27.34	0.02	0.00
GCC	16	27.16	22.83	22.79	27.21	0.09	0.00
GCC	17	27.17	22.84	22.77	27.22	0.01	0.00
GCC	18	27.03	22.97	22.91	27.08	0.03	0.00
GCC	19	26.99	23.02	22.96	27.03	0.24	0.00
GCC	20	26.96	23.05	22.99	27.00	0.00	0.00
GCC	21	26.92	23.09	23.05	26.94	0.02	0.00
GCC	22	26.93	23.07	23.01	26.99	0.00	0.00
GCC	23	27.01	23.00	22.94	27.06	0.08	0.00
GCC	24	27.09	22.92	22.87	27.13	0.07	0.00
GCC	25	27.09	22.93	22.86	27.12	0.00	0.00
GCC	26	27.11	22.90	22.85	27.15	0.00	0.00
GCC	27	27.02	23.00	22.93	27.05	0.00	0.00
GCC	28	27.01	23.01	22.93	27.05	0.00	0.00
GCC	29	26.97	23.04	22.99	27.00	0.00	0.00
GCC	30	26.97	23.02	22.97	27.03	0.02	0.00
GCC	31	27.00	23.01	22.95	27.04	0.27	0.00
GCC	32	27.03	22.98	22.93	27.07	0.23	0.00
GCC	33	26.99	23.03	22.96	27.03	0.09	0.00
GCC	34	27.03	22.99	22.91	27.06	0.01	0.00
GCC	35	27.03	22.98	22.91	27.08	0.06	0.00
GCC	36	27.02	22.98	22.92	27.08	0.00	0.00
GCC	37	26.94	23.06	23.01	26.99	0.00	0.00
GCC	38	27.00	23.01	22.95	27.04	0.03	0.00
GCC	39	27.00	23.01	22.95	27.05	0.01	0.00
GCC	40	26.86	23.15	23.09	26.90	0.00	0.00
GCC	41	26.94	23.07	23.01	26.98	0.01	0.00
GCC	42	26.89	23.12	23.05	26.95	0.02	0.00
GCC	43	26.29	23.72	23.66	26.33	0.04	0.00
GCC	44	26.92	23.08	23.03	26.98	0.19	0.00
GCC	45	26.87	23.14	23.07	26.92	0.00	0.00
GCC	46	26.93	23.07	23.02	26.97	0.00	0.00
GCC	47	26.86	23.16	23.08	26.90	0.00	0.00
GCC	48	26.91	23.10	23.05	26.95	0.00	0.00
GCC	49	26.90	23.10	23.03	26.96	0.00	0.00
GCC	50	26.87	23.14	23.07	26.92	0.01	0.00
GCC	51	26.93	23.07	23.01	26.99	0.05	0.00
GCC	52	26.91	23.08	23.03	26.97	0.04	0.00
GCC	53	26.87	23.14	23.07	26.92	0.11	0.00
GCC	54	26.95	23.05	23.00	27.00	0.09	0.00
GCC	55	26.90	23.11	23.08	26.92	0.01	0.00
GCC	56	26.89	23.11	23.06	26.94	0.03	0.00
GCC	57	26.88	23.12	23.06	26.93	0.00	0.00
GCC	58	26.86	23.15	23.08	26.91	0.12	0.00
GCC	59	26.90	23.11	23.04	26.95	0.01	0.00
GCC	60	26.90	23.10	23.06	26.94	0.00	0.00
GCC	61	26.76	23.24	23.18	26.82	0.00	0.00
GCC	62	26.85	23.14	23.08	26.92	0.05	0.00
GCC	63	26.89	23.11	23.07	26.93	0.00	0.00
GCC	64	26.81	23.19	23.14	26.86	0.03	0.00
GCC	65	26.90	23.11	23.04	26.95	0.00	0.00
GCC	66	26.85	23.16	23.10	26.90	0.01	0.00
GCC	67	26.85	23.16	23.10	26.89	0.16	0.00
GCC	68	26.86	23.14	23.08	26.92	0.10	0.00
GCC	69	26.85	23.16	23.08	26.91	0.00	0.00
GCC	70	26.84	23.15	23.12	26.90	0.00	0.00
GCC	71	26.86	23.14	23.10	26.91	0.00	0.00
GCC	72	26.78	23.22	23.17	26.82	0.01	0.00
GCC	73	26.72	23.29	23.22	26.77	0.07	0.00
GCC	74	26.73	23.28	23.20	26.78	0.00	0.00
GCC	75	26.81	23.18	23.12	26.89	0.00	0.00
GCC	76	26.80	23.19	23.15	26.86	0.00	0.00
GCC	77	26.83	23.19	23.12	26.86	0.00	0.00
GCC	78	26.80	23.20	23.16	26.84	0.03	0.00
GCC	79	26.75	23.26	23.20	26.80	0.08	0.00
GCC	80	26.80	23.21	23.16	26.84	0.17	0.00
GCC	81	26.84	23.15	23.13	26.88	0.01	0.00
GCC	82	26.80	23.20	23.15	26.85	0.02	0.00
GCC	83	26.86	23.13	23.08	26.94	0.21	0.00
GCC	84	26.84	23.17	23.10	26.89	0.00	0.00
GCC	85	26.74	23.27	23.22	26.77	0.13	0.00
GCC	86	26.83	23.17	23.14	26.86	0.04	0.00
GCC	87	26.77	23.21	23.17	26.84	0.00	0.00
GCC	88	26.77	23.23	23.17	26.83	0.00	0.00
GCC	89	26.74	23.27	23.21	26.79	0.01	0.00
GCC	90	26.79	23.21	23.16	26.84	0.00	0.00
GCC	91	26.78	23.22	23.17	26.83	0.01	0.00
GCC	92	26.82	23.18	23.12	26.88	0.43	0.00
GCC	93	26.79	23.21	23.15	26.86	0.04	0.00
GCC	94	26.81	23.18	23.14	26.87	0.18	0.00
GCC	95	26.74	23.25	23.20	26.80	0.04	0.00
GCC	96	26.84	23.17	23.10	26.89	0.07	0.00
GCC	97	26.68	23.32	23.26	26.74	0.00	0.00
GCC	98	26.74	23.26	23.20	26.80	0.00	0.00
GCC	99	26.75	23.25	23.17	26.82	0.01	0.00
GCC	100	26.74	23.25	23.21	26.80	0.00	0.00
GCC	101	26.74	23.26	23.20	26.79	0.02	0.00
GCC	102	26.73	23.28	23.22	26.77	0.29	0.00
GCC	103	26.73	23.29	23.22	26.76	0.03	0.00
GCC	104	26.72	23.28	23.22	26.78	0.05	0.00
GCC	105	26.72	23.29	23.23	26.76	0.01	0.00
GCC	106	26.73	23.30	23.23	26.75	0.15	0.00
GCC	107	26.71	23.28	23.25	26.76	0.00	0.00
GCC	108	26.73	23.26	23.22	26.79	0.01	0.00
GCC	109	26.67	23.33	23.27	26.73	0.02	0.00
GCC	110	26.69	23.30	23.26	26.74	0.00	0.00
GCC	111	26.68	23.30	23.27	26.74	0.00	0.00
GCC	112	26.68	23.31	23.27	26.74	0.00	0.00
GCC	113	26.70	23.30	23.24	26.76	0.01	0.00
GCC	114	26.69	23.30	23.25	26.76	0.00	0.00
GCC	115	26.68	23.31	23.27	26.74	0.01	0.00
GCC	116	26.68	23.32	23.28	26.73	0.00	0.00
GCC	117	26.64	23.36	23.30	26.69	0.08	0.00
GCC	118	24.45	25.56	25.49	24.50	0.00	0.00
GCC	119	26.69	23.32	23.27	26.72	0.17	0.00
GCC	120	26.68	23.32	23.28	26.73	0.00	0.00
GCC	121	26.44	23.56	23.50	26.50	0.00	0.00
GCC	122	26.65	23.34	23.29	26.71	0.03	0.00
GCC	123	26.66	23.32	23.28	26.74	0.20	0.00
GCC	124	26.64	23.35	23.30	26.71	0.01	0.00
GCC	125	26.64	23.36	23.30	26.70	0.00	0.00
GCC	126	26.70	23.30	23.25	26.76	0.01	0.00
GCC	127	26.56	23.44	23.39	26.61	0.07	0.00
GCC	128	25.21	24.79	24.73	25.27	0.00	0.00
GCC	129	25.34	24.65	24.62	25.39	0.00	0.00
GCC	130	25.39	24.61	24.58	25.43	0.17	0.00
GCC	131	26.23	23.76	23.72	26.29	0.08	0.00
GCC	132	25.86	24.13	24.09	25.91	0.01	0.00
GCC	133	25.62	24.37	24.34	25.67	0.00	0.00
GCC	134	25.58	24.40	24.37	25.64	0.01	0.00
GCC	135	25.98	24.02	23.97	26.03	0.02	0.00
GCC	136	26.37	23.63	23.58	26.42	0.05	0.00
GCC	137	26.42	23.56	23.53	26.48	0.43	0.00
GCC	138	26.35	23.65	23.60	26.40	0.01	0.00
GCC	139	26.28	23.72	23.66	26.34	0.13	0.00
GCC	140	26.31	23.68	23.63	26.38	0.43	0.00
GCC	141	26.27	23.75	23.71	26.28	0.11	0.00
GCC	142	26.21	23.79	23.74	26.26	0.00	0.00
GCC	143	26.21	23.77	23.75	26.27	0.00	0.00
GCC	144	26.14	23.85	23.81	26.20	0.02	0.00
GCC	145	23.91	26.09	26.06	23.95	0.00	0.00
GCC	146	24.88	25.13	25.08	24.92	0.02	0.00
GCC	147	26.05	23.95	23.90	26.10	0.03	0.00
GCC	148	26.25	23.74	23.69	26.31	0.00	0.00
# ACGT content per cycle, read oriented. Use `grep ^GCT | cut -f 2-` to extract this part. The columns are: cycle; A,C,G,T base counts as a percentage of all A/C/G/T bases [%]
GCT	1	19.10	33.05	28.95	18.89
GCT	2	24.49	20.26	19.63	35.62
GCT	3	27.88	22.20	22.27	27.65
GCT	4	34.24	21.10	22.35	22.31
GCT	5	33.15	20.71	22.60	23.54
GCT	6	33.66	20.34	22.76	23.24
GCT	7	22.74	21.76	19.65	35.84
GCT	8	23.82	24.43	22.20	29.55
GCT	9	22.56	25.55	21.44	30.44
GCT	10	31.63	19.71	21.21	27.44
GCT	11	26.08	25.58	27.26	21.08
GCT	12	23.41	26.46	24.33	25.80
GCT	13	26.11	23.20	22.25	28.43
GCT	14	26.61	22.57	22.33	28.49
GCT	15	26.74	22.98	22.42	27.86
GCT	16	26.84	23.25	22.37	27.54
GCT	17	27.34	23.13	22.48	27.05
GCT	18	27.21	23.22	22.67	26.91
GCT	19	27.19	23.05	22.93	26.83
GCT	20	26.94	23.11	22.92	27.03
GCT	21	26.58	23.45	22.69	27.28
GCT	22	26.57	23.41	22.67	27.34
GCT	23	26.55	23.21	22.73	27.52
GCT	24	26.64	23.20	22.59	27.57
GCT	25	26.72	23.18	22.61	27.49
GCT	26	26.71	23.09	22.66	27.55
GCT	27	26.62	23.21	22.72	27.45
GCT	28	26.70	23.16	22.78	27.36
GCT	29	26.69	23.12	22.91	27.28
GCT	30	26.75	23.25	22.75	27.25
GCT	31	26.60	23.23	22.72	27.44
GCT	32	26.63	23.18	22.72	27.47
GCT	33	26.58	23.28	22.71	27.43
GCT	34	26.72	23.18	22.73	27.38
GCT	35	26.79	23.10	22.79	27.31
GCT	36	26.78	23.09	22.81	27.32
GCT	37	26.64	23.25	22.82	27.29
GCT	38	26.61	23.20	22.76	27.43
GCT	39	26.59	23.24	22.72	27.45
GCT	40	26.53	23.31	22.93	27.23
GCT	41	26.68	23.19	22.89	27.24
GCT	42	26.66	23.29	22.88	27.17
GCT	43	26.65	23.55	23.83	25.97
GCT	44	26.68	23.18	22.93	27.22
GCT	45	26.58	23.28	22.93	27.21
GCT	46	26.66	23.25	22.85	27.24
GCT	47	26.59	23.22	23.02	27.17
GCT	48	26.45	23.32	22.83	27.41
GCT	49	26.61	23.19	22.94	27.25
GCT	50	26.57	23.31	22.90	27.22
GCT	51	26.40	23.26	22.83	27.52
GCT	52	26.66	23.19	22.92	27.22
GCT	53	26.63	23.18	23.03	27.16
GCT	54	26.53	23.13	22.92	27.42
GCT	55	26.58	23.26	22.92	27.24
GCT	56	26.52	23.22	22.94	27.31
GCT	57	26.51	23.33	22.86	27.30
GCT	58	26.59	23.27	22.96	27.18
GCT	59	26.69	23.12	23.04	27.16
GCT	60	26.70	23.12	23.04	27.14
GCT	61	26.57	23.27	23.15	27.01
GCT	62	26.59	23.21	23.02	27.18
GCT	63	26.53	23.25	22.93	27.29
GCT	64	26.51	23.30	23.03	27.16
GCT	65	26.68	23.15	23.01	27.17
GCT	66	26.64	23.24	23.01	27.11
GCT	67	26.80	23.32	22.94	26.95
GCT	68	26.66	23.20	23.03	27.12
GCT	69	26.55	23.32	22.91	27.22
GCT	70	26.53	23.26	23.01	27.21
GCT	71	26.58	23.17	23.07	27.18
GCT	72	26.58	23.25	23.15	27.02
GCT	73	26.58	23.26	23.25	26.91
GCT	74	26.58	23.23	23.26	26.94
GCT	75	26.53	23.25	23.05	27.17
GCT	76	26.60	23.29	23.05	27.06
GCT	77	26.59	23.23	23.08	27.11
GCT	78	26.52	23.32	23.04	27.12
GCT	79	26.48	23.36	23.10	27.06
GCT	80	26.60	23.30	23.06	27.03
GCT	81	26.53	23.22	23.06	27.19
GCT	82	26.52	23.23	23.12	27.12
GCT	83	26.39	23.05	23.15	27.41
GCT	84	26.58	23.21	23.06	27.15
GCT	85	26.58	23.31	23.18	26.93
GCT	86	26.60	23.15	23.16	27.09
GCT	87	26.52	23.25	23.14	27.10
GCT	88	26.53	23.22	23.18	27.07
GCT	89	26.60	23.22	23.25	26.93
GCT	90	26.61	23.19	23.18	27.02
GCT	91	26.54	23.19	23.20	27.07
GCT	92	26.79	23.16	23.13	26.92
GCT	93	26.45	23.20	23.16	27.19
GCT	94	26.80	23.26	23.05	26.89
GCT	95	26.53	23.20	23.26	27.02
GCT	96	26.41	23.13	23.14	27.32
GCT	97	26.57	23.26	23.33	26.84
GCT	98	26.54	23.20	23.26	27.00
GCT	99	26.58	23.21	23.21	27.00
GCT	100	26.55	23.19	23.27	26.99
GCT	101	26.58	23.18	23.29	26.95
GCT	102	26.44	23.18	23.32	27.05
GCT	103	26.50	23.22	23.29	26.98
GCT	104	26.49	23.20	23.30	27.01
GCT	105	26.49	23.20	23.32	26.99
GCT	106	26.65	23.22	23.30	26.83
GCT	107	26.57	23.15	23.38	26.90
GCT	108	26.54	23.15	23.33	26.98
GCT	109	26.51	23.24	23.36	26.89
GCT	110	26.55	23.19	23.38	26.89
GCT	111	26.47	23.27	23.30	26.95
GCT	112	26.50	23.22	23.35	26.93
GCT	113	26.50	23.17	23.37	26.96
GCT	114	26.47	23.20	23.35	26.98
GCT	115	26.56	23.19	23.40	26.86
GCT	116	26.59	23.15	23.45	26.81
GCT	117	26.44	23.20	23.47	26.89
GCT	118	27.39	25.35	25.71	21.55
GCT	119	26.53	23.16	23.43	26.88
GCT	120	26.51	23.20	23.40	26.90
GCT	121	26.74	23.36	23.70	26.20
GCT	122	26.51	23.14	23.49	26.86
GCT	123	26.51	23.20	23.40	26.88
GCT	124	26.50	23.19	23.46	26.86
GCT	125	26.57	23.20	23.46	26.78
GCT	126	26.45	23.11	23.44	27.01
GCT	127	26.52	23.22	23.61	26.65
GCT	128	27.04	24.65	24.87	23.44
GCT	129	27.13	24.73	24.55	23.60
GCT	130	27.04	24.74	24.45	23.77
GCT	131	27.06	23.68	23.80	25.46
GCT	132	26.52	24.24	23.98	25.26
GCT	133	26.76	24.48	24.22	24.53
GCT	134	26.99	24.44	24.33	24.23
GCT	135	26.95	24.09	23.90	25.06
GCT	136	26.54	23.41	23.80	26.25
GCT	137	26.80	23.43	23.66	26.10
GCT	138	26.91	23.47	23.78	25.84
GCT	139	26.79	23.54	23.83	25.83
GCT	140	26.89	23.49	23.82	25.80
GCT	141	26.58	23.59	23.87	25.96
GCT	142	26.31	23.69	23.84	26.16
GCT	143	26.25	23.69	23.82	26.23
GCT	144	26.01	23.81	23.85	26.33
GCT	145	27.07	26.29	25.85	20.79
GCT	146	23.52	25.34	24.87	26.27
GCT	147	25.06	25.18	22.67	27.09
GCT	148	25.36	23.28	24.16	27.20
# ACGT content per cycle for first fragments. Use `grep ^FBC | cut -f 2-` to extract this part. The columns are: cycle; A,C,G,T base counts as a percentage of all A/C/G/T bases [%]; and N and O counts as a percentage of all A/C/G/T bases [%]
FBC	1	19.38	30.62	30.59	19.41	0.00	0.00
FBC	2	30.11	19.90	19.84	30.15	0.00	0.00
FBC	3	27.76	22.24	22.18	27.82	0.00	0.00
FBC	4	28.31	21.68	21.65	28.36	0.00	0.00
FBC	5	28.32	21.69	21.63	28.36	0.13	0.00
FBC	6	28.47	21.56	21.47	28.51	0.01	0.00
FBC	7	29.27	20.73	20.66	29.34	0.63	0.00
FBC	8	26.67	23.34	23.27	26.73	0.00	0.00
FBC	9	26.51	23.50	23.42	26.58	0.01	0.00
FBC	10	29.49	20.53	20.48	29.50	0.01	0.00
FBC	11	23.59	26.42	26.37	23.62	0.01	0.00
FBC	12	24.61	25.39	25.36	24.64	0.03	0.00
FBC	13	27.25	22.76	22.69	27.29	0.04	0.00
FBC	14	27.54	22.49	22.41	27.57	0.00	0.00
FBC	15	27.26	22.73	22.67	27.35	0.04	0.00
FBC	16	27.18	22.81	22.77	27.23	0.02	0.00
FBC	17	27.17	22.84	22.77	27.22	0.01	0.00
FBC	18	27.03	22.97	22.91	27.09	0.00	0.00
FBC	19	27.00	23.02	22.96	27.03	0.03	0.00
FBC	20	26.98	23.03	22.97	27.02	0.00	0.00
FBC	21	26.92	23.08	23.05	26.95	0.00	0.00
FBC	22	26.95	23.06	23.00	26.99	0.00	0.00
FBC	23	27.01	23.00	22.95	27.05	0.00	0.00
FBC	24	27.09	22.92	22.86	27.13	0.01	0.00
FBC	25	27.08	22.93	22.86	27.14	0.00	0.00
FBC	26	27.11	22.91	22.84	27.15	0.00	0.00
FBC	27	27.03	22.98	22.93	27.06	0.00	0.00
FBC	28	27.03	23.00	22.93	27.05	0.00	0.00
FBC	29	26.97	23.05	22.97	27.01	0.01	0.00
FBC	30	26.94	23.06	23.00	27.00	0.03	0.00
FBC	31	26.99	23.02	22.96	27.03	0.01	0.00
FBC	32	27.02	22.98	22.93	27.07	0.45	0.00
FBC	33	26.97	23.03	22.96	27.04	0.00	0.00
FBC	34	27.02	23.00	22.91	27.06	0.01	0.00
FBC	35	27.03	23.00	22.90	27.07	0.01	0.00
FBC	36	27.02	22.99	22.93	27.06	0.00	0.00
FBC	37	26.97	23.02	22.97	27.04	0.01	0.00
FBC	38	26.99	23.03	22.97	27.01	0.01	0.00
FBC	39	27.00	23.01	22.94	27.05	0.02	0.00
FBC	40	26.83	23.18	23.12	26.87	0.00	0.00
FBC	41	26.93	23.08	23.00	26.98	0.00	0.00
FBC	42	26.88	23.13	23.05	26.94	0.00	0.00
FBC	43	25.66	24.36	24.28	25.70	0.00	0.00
FBC	44	26.92	23.10	23.02	26.96	0.29	0.00
FBC	45	26.81	23.19	23.13	26.86	0.00	0.00
FBC	46	26.94	23.06	23.02	26.98	0.00	0.00
FBC	47	26.76	23.27	23.18	26.80	0.00	0.00
FBC	48	26.89	23.11	23.06	26.94	0.00	0.00
FBC	49	26.90	23.12	23.03	26.95	0.00	0.00
FBC	50	26.85	23.16	23.07	26.92	0.01	0.00
FBC	51	26.84	23.16	23.09	26.92	0.00	0.00
FBC	52	26.92	23.08	23.01	26.99	0.07	0.00
FBC	53	26.88	23.14	23.05	26.93	0.20	0.00
FBC	54	26.88	23.12	23.07	26.92	0.01	0.00
FBC	55	26.90	23.11	23.07	26.92	0.02	0.00
FBC	56	26.87	23.14	23.07	26.92	0.03	0.00
FBC	57	26.88	23.13	23.05	26.93	0.00	0.00
FBC	58	26.85	23.16	23.08	26.92	0.00	0.00
FBC	59	26.92	23.09	23.01	26.98	0.01	0.00
FBC	60	26.91	23.10	23.05	26.94	0.00	0.00
FBC	61	26.74	23.27	23.21	26.78	0.01	0.00
FBC	62	26.86	23.14	23.07	26.93	0.00	0.00
FBC	63	26.91	23.10	23.04	26.95	0.01	0.00
FBC	64	26.81	23.18	23.12	26.89	0.01	0.00
FBC	65	26.91	23.11	23.03	26.95	0.00	0.00
FBC	66	26.85	23.16	23.08	26.91	0.00	0.00
FBC	67	26.86	23.16	23.08	26.91	0.00	0.00
FBC	68	26.89	23.13	23.06	26.93	0.17	0.00
FBC	69	26.87	23.14	23.06	26.93	0.00	0.00
FBC	70	26.86	23.13	23.09	26.93	0.00	0.00
FBC	71	26.87	23.13	23.07	26.93	0.01	0.00
FBC	72	26.71	23.30	23.23	26.77	0.01	0.00
FBC	73	26.64	23.37	23.28	26.71	0.03	0.00
FBC	74	26.65	23.37	23.27	26.71	0.00	0.00
FBC	75	26.81	23.18	23.12	26.89	0.00	0.00
FBC	76	26.81	23.19	23.13	26.88	0.00	0.00
FBC	77	26.85	23.17	23.09	26.89	0.00	0.00
FBC	78	26.81	23.20	23.14	26.84	0.01	0.00
FBC	79	26.77	23.24	23.16	26.83	0.00	0.00
FBC	80	26.81	23.21	23.14	26.84	0.01	0.00
FBC	81	26.86	23.14	23.10	26.91	0.02	0.00
FBC	82	26.82	23.18	23.13	26.87	0.03	0.00
FBC	83	26.79	23.19	23.12	26.89	0.00	0.00
FBC	84	26.86	23.15	23.06	26.93	0.00	0.00
FBC	85	26.77	23.25	23.19	26.78	0.00	0.00
FBC	86	26.86	23.16	23.09	26.90	0.00	0.00
FBC	87	26.80	23.19	23.14	26.87	0.00	0.00
FBC	88	26.80	23.20	23.14	26.87	0.00	0.00
FBC	89	26.74	23.28	23.20	26.77	0.00	0.00
FBC	90	26.82	23.19	23.12	26.87	0.00	0.00
FBC	91	26.82	23.18	23.14	26.86	0.00	0.00
FBC	92	26.84	23.18	23.10	26.88	0.08	0.00
FBC	93	26.82	23.17	23.12	26.89	0.00	0.00
FBC	94	26.81	23.20	23.12	26.87	0.00	0.00
FBC	95	26.80	23.20	23.13	26.87	0.00	0.00
FBC	96	26.82	23.19	23.11	26.88	0.00	0.00
FBC	97	26.70	23.31	23.23	26.76	0.00	0.00
FBC	98	26.81	23.19	23.12	26.88	0.00	0.00
FBC	99	26.82	23.19	23.10	26.89	0.01	0.00
FBC	100	26.80	23.20	23.13	26.86	0.01	0.00
FBC	101	26.81	23.20	23.13	26.86	0.03	0.00
FBC	102	26.79	23.22	23.15	26.83	0.00	0.00
FBC	103	26.81	23.23	23.14	26.83	0.00	0.00
FBC	104	26.79	23.23	23.14	26.84	0.00	0.00
FBC	105	26.78	23.25	23.15	26.82	0.01	0.00
FBC	106	26.79	23.24	23.15	26.82	0.15	0.00
FBC	107	26.80	23.20	23.17	26.83	0.00	0.00
FBC	108	26.78	23.22	23.15	26.84	0.00	0.00
FBC	109	26.76	23.26	23.18	26.80	0.00	0.00
FBC	110	26.79	23.22	23.16	26.83	0.00	0.00
FBC	111	26.76	23.23	23.19	26.82	0.00	0.00
FBC	112	26.77	23.23	23.17	26.83	0.00	0.00
FBC	113	26.77	23.22	23.16	26.84	0.00	0.00
FBC	114	26.77	23.23	23.17	26.84	0.00	0.00
FBC	115	26.77	23.23	23.17	26.83	0.00	0.00
FBC	116	26.76	23.25	23.18	26.81	0.00	0.00
FBC	117	26.57	23.45	23.37	26.61	0.00	0.00
FBC	118	22.32	27.68	27.63	22.37	0.01	0.00
FBC	119	26.78	23.24	23.16	26.82	0.35	0.00
FBC	120	26.78	23.23	23.16	26.83	0.00	0.00
FBC	121	26.35	23.66	23.59	26.40	0.00	0.00
FBC	122	26.75	23.25	23.20	26.80	0.00	0.00
FBC	123	26.75	23.25	23.18	26.82	0.00	0.00
FBC	124	26.74	23.26	23.19	26.81	0.00	0.00
FBC	125	26.75	23.25	23.17	26.83	0.00	0.00
FBC	126	26.76	23.25	23.17	26.82	0.00	0.00
FBC	127	26.61	23.41	23.32	26.66	0.00	0.00
FBC	128	23.88	26.13	26.06	23.93	0.00	0.00
FBC	129	24.17	25.81	25.80	24.23	0.00	0.00
FBC	130	24.16	25.84	25.80	24.20	0.00	0.00
FBC	131	25.94	24.06	24.01	26.00	0.00	0.00
FBC	132	25.19	24.80	24.77	25.24	0.00	0.00
FBC	133	24.73	25.26	25.22	24.79	0.00	0.00
FBC	134	24.63	25.36	25.32	24.69	0.01	0.00
FBC	135	25.47	24.53	24.48	25.52	0.01	0.00
FBC	136	26.26	23.74	23.68	26.32	0.09	0.00
FBC	137	26.34	23.65	23.59	26.42	0.83	0.00
FBC	138	26.17	23.84	23.78	26.21	0.01	0.00
FBC	139	26.10	23.91	23.84	26.15	0.27	0.00
FBC	140	26.15	23.86	23.79	26.21	0.87	0.00
FBC	141	26.07	23.95	23.91	26.07	0.18	0.00
FBC	142	26.04	23.97	23.93	26.07	0.00	0.00
FBC	143	26.02	23.98	23.94	26.07	0.00	0.00
FBC	144	25.93	24.07	24.01	25.99	0.00	0.00
FBC	145	25.05	24.96	24.90	25.09	0.00	0.00
FBC	146	24.04	25.98	25.92	24.07	0.00	0.00
FBC	147	25.36	24.65	24.59	25.40	0.00	0.00
FBC	148	25.68	24.33	24.26	25.72	0.00	0.00
# ACGT raw counters for first fragments. Use `grep ^FTC | cut -f 2-` to extract this part. The columns are: A,C,G,T,N base counters
FTC	1101503556	966343962	963669691	1103560062	1526602
# ACGT content per cycle for last fragments. Use `grep ^LBC | cut -f 2-` to extract this part. The columns are: cycle; A,C,G,T base counts as a percentage of all A/C/G/T bases [%]; and N and O counts as a percentage of all A/C/G/T bases [%]
LBC	1	18.58	31.43	31.37	18.62	0.00	0.00
LBC	2	29.96	20.05	19.99	30.00	0.00	0.00
LBC	3	27.72	22.27	22.24	27.77	0.00	0.00
LBC	4	28.19	21.79	21.77	28.24	0.00	0.00
LBC	5	28.30	21.67	21.63	28.40	0.03	0.00
LBC	6	28.37	21.62	21.57	28.44	0.00	0.00
LBC	7	29.25	20.75	20.69	29.31	0.00	0.00
LBC	8	26.65	23.35	23.30	26.70	0.00	0.00
LBC	9	26.44	23.57	23.50	26.49	0.00	0.00
LBC	10	29.55	20.45	20.40	29.60	0.04	0.00
LBC	11	23.52	26.48	26.43	23.57	0.01	0.00
LBC	12	24.56	25.44	25.39	24.61	0.01	0.00
LBC	13	27.26	22.76	22.70	27.29	0.00	0.00
LBC	14	27.54	22.50	22.41	27.55	0.00	0.00
LBC	15	27.27	22.73	22.67	27.33	0.01	0.00
LBC	16	27.14	22.85	22.81	27.19	0.16	0.00
LBC	17	27.17	22.85	22.77	27.21	0.01	0.00
LBC	18	27.03	22.98	22.92	27.07	0.06	0.00
LBC	19	26.98	23.02	22.96	27.04	0.45	0.00
LBC	20	26.95	23.06	23.00	26.98	0.00	0.00
LBC	21	26.91	23.10	23.05	26.94	0.04	0.00
LBC	22	26.92	23.07	23.03	26.98	0.00	0.00
LBC	23	27.01	22.99	22.93	27.07	0.16	0.00
LBC	24	27.09	22.92	22.87	27.12	0.14	0.00
LBC	25	27.09	22.93	22.87	27.11	0.00	0.00
LBC	26	27.12	22.88	22.85	27.15	0.00	0.00
LBC	27	27.00	23.01	22.94	27.05	0.00	0.00
LBC	28	27.00	23.02	22.93	27.05	0.00	0.00
LBC	29	26.97	23.04	23.00	26.99	0.00	0.00
LBC	30	27.00	22.99	22.94	27.06	0.01	0.00
LBC	31	27.01	23.00	22.94	27.06	0.54	0.00
LBC	32	27.03	22.97	22.92	27.08	0.01	0.00
LBC	33	27.00	23.02	22.95	27.02	0.17	0.00
LBC	34	27.05	22.98	22.92	27.06	0.01	0.00
LBC	35	27.03	22.97	22.92	27.08	0.11	0.00
LBC	36	27.02	22.97	22.92	27.09	0.00	0.00
LBC	37	26.90	23.09	23.05	26.95	0.00	0.00
LBC	38	27.01	22.99	22.94	27.07	0.06	0.00
LBC	39	26.99	23.01	22.96	27.04	0.00	0.00
LBC	40	26.89	23.11	23.06	26.94	0.00	0.00
LBC	41	26.94	23.06	23.01	26.99	0.01	0.00
LBC	42	26.90	23.10	23.04	26.96	0.05	0.00
LBC	43	26.92	23.09	23.03	26.96	0.07	0.00
LBC	44	26.92	23.06	23.03	26.99	0.08	0.00
LBC	45	26.92	23.08	23.01	26.99	0.00	0.00
LBC	46	26.92	23.08	23.03	26.97	0.00	0.00
LBC	47	26.97	23.05	22.99	27.00	0.00	0.00
LBC	48	26.92	23.09	23.04	26.95	0.00	0.00
LBC	49	26.90	23.09	23.04	26.97	0.00	0.00
LBC	50	26.88	23.12	23.07	26.92	0.00	0.00
LBC	51	27.02	22.98	22.94	27.06	0.10	0.00
LBC	52	26.90	23.09	23.05	26.96	0.00	0.00
LBC	53	26.86	23.14	23.09	26.91	0.01	0.00
LBC	54	27.02	22.97	22.93	27.07	0.17	0.00
LBC	55	26.89	23.11	23.08	26.92	0.00	0.00
LBC	56	26.91	23.08	23.05	26.96	0.02	0.00
LBC	57	26.88	23.12	23.07	26.93	0.00	0.00
LBC	58	26.87	23.14	23.09	26.90	0.24	0.00
LBC	59	26.88	23.14	23.08	26.91	0.00	0.00
LBC	60	26.90	23.10	23.07	26.93	0.00	0.00
LBC	61	26.79	23.20	23.15	26.86	0.00	0.00
LBC	62	26.84	23.14	23.10	26.92	0.09	0.00
LBC	63	26.87	23.13	23.09	26.91	0.00	0.00
LBC	64	26.80	23.20	23.15	26.84	0.05	0.00
LBC	65	26.89	23.11	23.06	26.94	0.00	0.00
LBC	66	26.85	23.15	23.11	26.88	0.01	0.00
LBC	67	26.84	23.17	23.12	26.87	0.33	0.00
LBC	68	26.83	23.16	23.11	26.90	0.04	0.00
LBC	69	26.84	23.17	23.10	26.90	0.00	0.00
LBC	70	26.81	23.17	23.14	26.88	0.00	0.00
LBC	71	26.84	23.15	23.12	26.89	0.00	0.00
LBC	72	26.84	23.15	23.12	26.88	0.00	0.00
LBC	73	26.81	23.21	23.15	26.83	0.12	0.00
LBC	74	26.81	23.19	23.13	26.86	0.00	0.00
LBC	75	26.81	23.18	23.13	26.88	0.00	0.00
LBC	76	26.78	23.20	23.17	26.85	0.00	0.00
LBC	77	26.81	23.20	23.15	26.84	0.00	0.00
LBC	78	26.79	23.20	23.18	26.83	0.06	0.00
LBC	79	26.72	23.27	23.24	26.76	0.16	0.00
LBC	80	26.79	23.20	23.17	26.83	0.33	0.00
LBC	81	26.82	23.17	23.15	26.86	0.00	0.00
LBC	82	26.78	23.22	23.17	26.83	0.00	0.00
LBC	83	26.92	23.07	23.03	26.98	0.42	0.00
LBC	84	26.81	23.19	23.15	26.86	0.00	0.00
LBC	85	26.71	23.28	23.25	26.76	0.25	0.00
LBC	86	26.79	23.19	23.19	26.83	0.08	0.00
LBC	87	26.75	23.23	23.21	26.82	0.00	0.00
LBC	88	26.74	23.26	23.21	26.79	0.00	0.00
LBC	89	26.74	23.25	23.21	26.80	0.03	0.00
LBC	90	26.76	23.24	23.19	26.81	0.00	0.00
LBC	91	26.74	23.25	23.21	26.80	0.01	0.00
LBC	92	26.81	23.18	23.13	26.88	0.78	0.00
LBC	93	26.75	23.25	23.18	26.82	0.08	0.00
LBC	94	26.82	23.16	23.15	26.87	0.36	0.00
LBC	95	26.68	23.31	23.27	26.74	0.07	0.00
LBC	96	26.86	23.14	23.10	26.90	0.14	0.00
LBC	97	26.65	23.34	23.30	26.71	0.00	0.00
LBC	98	26.66	23.33	23.27	26.73	0.00	0.00
LBC	99	26.68	23.31	23.25	26.76	0.00	0.00
LBC	100	26.67	23.30	23.29	26.74	0.00	0.00
LBC	101	26.67	23.32	23.28	26.73	0.01	0.00
LBC	102	26.66	23.34	23.28	26.71	0.58	0.00
LBC	103	26.65	23.36	23.31	26.69	0.05	0.00
LBC	104	26.66	23.33	23.29	26.72	0.09	0.00
LBC	105	26.65	23.33	23.31	26.71	0.01	0.00
LBC	106	26.66	23.35	23.31	26.68	0.15	0.00
LBC	107	26.63	23.36	23.33	26.68	0.00	0.00
LBC	108	26.67	23.30	23.28	26.74	0.02	0.00
LBC	109	26.59	23.40	23.36	26.65	0.04	0.00
LBC	110	26.60	23.38	23.37	26.65	0.00	0.00
LBC	111	26.61	23.37	23.35	26.67	0.00	0.00
LBC	112	26.60	23.39	23.36	26.65	0.00	0.00
LBC	113	26.63	23.37	23.32	26.68	0.03	0.00
LBC	114	26.61	23.37	23.33	26.69	0.00	0.00
LBC	115	26.59	23.39	23.36	26.65	0.01	0.00
LBC	116	26.60	23.38	23.37	26.65	0.00	0.00
LBC	117	26.72	23.28	23.24	26.77	0.16	0.00
LBC	118	26.55	23.46	23.38	26.61	0.00	0.00
LBC	119	26.59	23.41	23.37	26.63	0.00	0.00
LBC	120	26.58	23.41	23.39	26.62	0.00	0.00
LBC	121	26.54	23.46	23.41	26.60	0.00	0.00
LBC	122	26.55	23.43	23.39	26.63	0.06	0.00
LBC	123	26.57	23.40	23.37	26.65	0.39	0.00
LBC	124	26.54	23.44	23.40	26.62	0.01	0.00
LBC	125	26.53	23.46	23.43	26.58	0.00	0.00
LBC	126	26.64	23.35	23.32	26.70	0.01	0.00
LBC	127	26.51	23.46	23.45	26.57	0.14	0.00
LBC	128	26.53	23.47	23.42	26.58	0.00	0.00
LBC	129	26.48	23.50	23.48	26.54	0.00	0.00
LBC	130	26.60	23.39	23.37	26.63	0.33	0.00
LBC	131	26.52	23.48	23.43	26.58	0.16	0.00
LBC	132	26.52	23.47	23.44	26.57	0.02	0.00
LBC	133	26.49	23.50	23.47	26.54	0.00	0.00
LBC	134	26.50	23.48	23.45	26.58	0.01	0.00
LBC	135	26.47	23.52	23.47	26.54	0.04	0.00
LBC	136	26.48	23.52	23.49	26.51	0.00	0.00
LBC	137	26.50	23.48	23.47	26.55	0.05	0.00
LBC	138	26.53	23.46	23.43	26.58	0.01	0.00
LBC	139	26.46	23.53	23.49	26.52	0.00	0.00
LBC	140	26.47	23.51	23.48	26.54	0.00	0.00
LBC	141	26.46	23.56	23.51	26.48	0.04	0.00
LBC	142	26.38	23.61	23.57	26.44	0.00	0.00
LBC	143	26.41	23.57	23.56	26.46	0.00	0.00
LBC	144	26.35	23.64	23.62	26.40	0.04	0.00
LBC	145	22.81	27.17	27.17	22.85	0.01	0.00
LBC	146	25.66	24.34	24.30	25.71	0.03	0.00
LBC	147	26.68	23.30	23.27	26.74	0.06	0.00
LBC	148	26.75	23.23	23.20	26.82	0.00	0.00
# ACGT raw counters for last fragments. Use `grep ^LTC | cut -f 2-` to extract this part. The columns are: A,C,G,T,N base counters
LTC	1113329112	967115027	965332835	1115446226	2490844
# Insert sizes. Use `grep ^IS | cut -f 2-` to extract this part. The columns are: insert size, pairs total, inward oriented pairs, outward oriented pairs, other pairs
IS	0	2	0	2	0
IS	1	0	0	0	0
IS	2	16	0	16	0
IS	3	11	0	11	0
IS	4	8	0	8	0
IS	5	17	0	17	0
IS	6	16	0	16	0
IS	7	16	0	16	0
IS	8	15	0	15	0
IS	9	18	0	18	0
IS	10	14	0	14	0
IS	11	21	0	21	0
IS	12	18	0	18	0
IS	13	19	0	19	0
IS	14	19	0	19	0
IS	15	15	0	15	0
IS	16	16	0	16	0
IS	17	18	0	18	0
IS	18	17	0	17	0
IS	19	669	334	335	0
IS	20	522	260	261	1
IS	21	293	144	149	0
IS	22	100	36	64	0
IS	23	112	50	62	0
IS	24	55	20	35	0
IS	25	37	4	33	0
IS	26	53	9	44	0
IS	27	29	12	17	0
IS	28	39	9	30	0
IS	29	38	13	25	0
IS	30	29	7	22	0
IS	31	40	12	28	0
IS	32	69	32	37	0
IS	33	78	36	42	0
IS	34	68	20	48	0
IS	35	111	48	63	0
IS	36	414	220	194	0
IS	37	139	60	79	0
IS	38	182	68	114	0
IS	39	288	135	153	0
IS	40	151	52	99	0
IS	41	185	74	111	0
IS	42	242	89	153	0
IS	43	186	76	110	0
IS	44	248	82	166	0
IS	45	237	96	141	0
IS	46	220	65	154	1
IS	47	294	132	162	0
IS	48	300	114	186	0
IS	49	314	131	183	0
IS	50	308	100	208	0
IS	51	341	122	219	0
IS	52	416	130	285	1
IS	53	437	147	288	2
IS	54	471	148	323	0
IS	55	477	188	288	1
IS	56	520	170	349	1
IS	57	557	198	358	1
IS	58	618	211	406	1
IS	59	623	200	423	0
IS	60	660	201	459	0
IS	61	734	262	469	3
IS	62	828	298	529	1
IS	63	848	322	524	2
IS	64	869	318	548	3
IS	65	978	320	654	4
IS	66	1035	349	684	2
IS	67	1099	380	717	2
IS	68	1213	419	789	5
IS	69	1252	420	829	3
IS	70	1350	476	869	5
IS	71	1460	538	917	5
IS	72	1490	494	994	2
IS	73	1721	607	1103	11
IS	74	1704	601	1095	8
IS	75	1950	609	1336	5
IS	76	1898	679	1212	7
IS	77	1949	631	1310	8
IS	78	2137	771	1361	5
IS	79	2339	794	1536	9
IS	80	2482	842	1627	13
IS	81	2578	888	1679	11
IS	82	2830	1023	1795	12
IS	83	3070	1057	2006	7
IS	84	3212	1166	2037	9
IS	85	3284	1147	2123	14
IS	86	3457	1185	2257	15
IS	87	3612	1294	2312	6
IS	88	3903	1345	2544	14
IS	89	3932	1294	2626	12
IS	90	4272	1490	2768	14
IS	91	4551	1620	2916	15
IS	92	4938	1683	3239	16
IS	93	5103	1812	3278	13
IS	94	5335	1886	3427	22
IS	95	5878	2114	3748	16
IS	96	6065	2156	3888	21
IS	97	6293	2218	4060	15
IS	98	6572	2352	4198	22
IS	99	6893	2469	4402	22
IS	100	7094	2438	4637	19
IS	101	7645	2733	4888	24
IS	102	8169	2879	5272	18
IS	103	8580	2955	5604	21
IS	104	8989	3099	5863	27
IS	105	9653	3361	6272	20
IS	106	9928	3489	6420	19
IS	107	10629	3820	6785	24
IS	108	11011	3890	7100	21
IS	109	11606	4133	7437	36
IS	110	11968	4319	7630	19
IS	111	12804	4537	8243	24
IS	112	13297	4749	8518	30
IS	113	13995	4880	9086	29
IS	114	14806	5137	9640	29
IS	115	15472	5507	9942	23
IS	116	15949	5919	10011	19
IS	117	16589	5861	10702	26
IS	118	17240	6263	10952	25
IS	119	18077	6647	11410	20
IS	120	18738	6870	11842	26
IS	121	19726	7402	12294	30
IS	122	20406	7810	12572	24
IS	123	21560	7736	13790	34
IS	124	22410	8264	14113	33
IS	125	23271	8497	14747	27
IS	126	24090	8772	15296	22
IS	127	25380	9287	16067	26
IS	128	26279	10423	15834	22
IS	129	27089	11496	15568	25
IS	130	27934	12248	15664	22
IS	131	29007	14720	14262	25
IS	132	30510	17180	13298	32
IS	133	31534	17284	14218	32
IS	134	32767	19052	13682	33
IS	135	34137	20076	14043	18
IS	136	35290	20719	14537	34
IS	137	35943	21162	14758	23
IS	138	37643	21808	15806	29
IS	139	38417	22166	16212	39
IS	140	39641	22982	16633	26
IS	141	39918	23199	16693	26
IS	142	41208	24220	16954	34
IS	143	42503	23592	18886	25
IS	144	44021	25635	18351	35
IS	145	46028	27245	18753	30
IS	146	47158	23756	23383	19
IS	147	48473	23030	25408	35
IS	148	49462	36269	13154	39
IS	149	50987	50859	106	22
IS	150	51513	51433	52	28
IS	151	53067	53006	40	21
IS	152	54177	54131	25	21
IS	153	56018	55977	18	23
IS	154	57292	57255	18	19
IS	155	58430	58394	10	26
IS	156	60257	60214	12	31
IS	157	61217	61174	9	34
IS	158	62694	62667	6	21
IS	159	63324	63287	7	30
IS	160	65389	65348	9	32
IS	161	65784	65749	1	34
IS	162	67401	67380	3	18
IS	163	68148	68124	3	21
IS	164	70194	70156	3	35
IS	165	71609	71574	5	30
IS	166	72599	72569	9	21
IS	167	74066	74042	0	24
IS	168	75161	75134	1	26
IS	169	76228	76202	2	24
IS	170	76924	76895	1	28
IS	171	77915	77893	2	20
IS	172	79425	79400	3	22
IS	173	79951	79929	2	20
IS	174	81428	81402	2	24
IS	175	82245	82217	2	26
IS	176	83653	83624	1	28
IS	177	84962	84937	1	24
IS	178	85784	85755	2	27
IS	179	86524	86494	3	27
IS	180	87375	87355	0	20
IS	181	87443	87418	2	23
IS	182	88651	88616	1	34
IS	183	89462	89432	0	30
IS	184	90831	90797	3	31
IS	185	91747	91728	2	17
IS	186	93070	93055	1	14
IS	187	94428	94396	1	31
IS	188	94123	94106	0	17
IS	189	94918	94885	0	33
IS	190	95339	95312	0	27
IS	191	96061	96031	1	29
IS	192	96026	96000	1	25
IS	193	97406	97377	2	27
IS	194	97980	97951	2	27
IS	195	99065	99031	0	34
IS	196	100282	100263	2	17
IS	197	100758	100728	1	29
IS	198	100914	100883	1	30
IS	199	100997	100970	1	26
IS	200	101827	101797	0	30
IS	201	101529	101508	1	20
IS	202	102550	102532	1	17
IS	203	102765	102741	1	23
IS	204	103392	103370	0	22
IS	205	103102	103082	0	20
IS	206	104121	104089	1	31
IS	207	105139	105099	2	38
IS	208	104643	104613	0	30
IS	209	106091	106061	0	30
IS	210	104809	104791	2	16
IS	211	105986	105966	1	19
IS	212	105640	105622	0	18
IS	213	105999	105977	1	21
IS	214	106506	106481	0	25
IS	215	107136	107116	1	19
IS	216	107185	107160	0	25
IS	217	107501	107476	2	23
IS	218	108102	108072	0	30
IS	219	108081	108058	0	23
IS	220	108129	108107	1	21
IS	221	107502	107471	0	31
IS	222	107888	107865	0	23
IS	223	108124	108099	1	24
IS	224	108692	108669	0	23
IS	225	108384	108355	1	28
IS	226	108853	108825	0	28
IS	227	109057	109037	3	17
IS	228	109518	109495	0	23
IS	229	109139	109119	1	19
IS	230	108945	108921	1	23
IS	231	109104	109072	1	31
IS	232	108348	108321	1	26
IS	233	108912	108878	0	34
IS	234	108613	108590	0	23
IS	235	108809	108783	0	26
IS	236	109679	109652	0	27
IS	237	109246	109223	1	22
IS	238	109304	109280	0	24
IS	239	109423	109399	0	24
IS	240	108770	108747	1	22
IS	241	109134	109101	0	33
IS	242	108619	108598	0	21
IS	243	107864	107838	0	26
IS	244	108222	108200	0	22
IS	245	108465	108438	3	24
IS	246	108098	108068	0	30
IS	247	108829	108797	1	31
IS	248	108601	108581	0	20
IS	249	108311	108290	2	19
IS	250	107889	107872	1	16
IS	251	107279	107263	1	15
IS	252	107374	107349	0	25
IS	253	106984	106965	0	19
IS	254	107001	106975	0	26
IS	255	107769	107741	0	28
IS	256	107366	107345	0	21
IS	257	107329	107319	0	10
IS	258	106683	106661	1	21
IS	259	107327	107303	0	24
IS	260	106634	106613	0	21
IS	261	106672	106642	1	29
IS	262	105786	105775	0	11
IS	263	105307	105284	0	23
IS	264	105447	105425	0	22
IS	265	104481	104463	1	17
IS	266	104374	104359	1	14
IS	267	105016	104997	1	18
IS	268	104959	104937	0	22
IS	269	104628	104608	1	19
IS	270	104149	104130	0	19
IS	271	104458	104430	0	28
IS	272	103221	103199	1	21
IS	273	102143	102118	0	25
IS	274	102863	102845	0	18
IS	275	101478	101463	0	15
IS	276	102033	102010	1	22
IS	277	102454	102440	0	14
IS	278	101952	101924	0	28
IS	279	101522	101506	1	15
IS	280	101029	101007	0	22
IS	281	100899	100884	0	15
IS	282	100601	100583	0	18
IS	283	100138	100113	0	25
IS	284	99640	99618	0	22
IS	285	98528	98517	0	11
IS	286	98358	98342	1	15
IS	287	98950	98926	0	24
IS	288	98694	98674	0	20
IS	289	98178	98165	0	13
IS	290	97531	97513	1	17
IS	291	97769	97744	1	24
IS	292	96277	96254	2	21
IS	293	96630	96613	0	17
IS	294	95970	95947	0	23
IS	295	95652	95631	0	21
IS	296	95828	95805	0	23
IS	297	95208	95189	0	19
IS	298	94791	94777	1	13
IS	299	94931	94903	0	28
IS	300	94613	94592	0	21
IS	301	94508	94493	0	15
IS	302	92989	92971	0	18
IS	303	93380	93356	1	23
IS	304	92644	92628	0	16
IS	305	91391	91373	0	18
IS	306	92097	92079	0	18
IS	307	90746	90727	1	18
IS	308	90688	90669	0	19
IS	309	90651	90625	0	26
IS	310	91153	91134	0	19
IS	311	90588	90567	1	20
IS	312	89252	89228	0	24
IS	313	89252	89231	1	20
IS	314	89305	89277	1	27
IS	315	88288	88252	0	36
IS	316	87417	87399	0	18
IS	317	86934	86918	0	16
IS	318	86933	86915	0	18
IS	319	86911	86890	1	20
IS	320	86833	86808	0	25
IS	321	86293	86266	0	27
IS	322	85319	85303	0	16
IS	323	84733	84709	0	24
IS	324	84540	84522	0	18
IS	325	83959	83936	0	23
IS	326	82676	82655	2	19
IS	327	82486	82453	1	32
IS	328	82114	82102	1	11
IS	329	82243	82217	1	25
IS	330	82316	82292	0	24
IS	331	81741	81713	0	28
IS	332	81450	81431	1	18
IS	333	81282	81262	0	20
IS	334	80292	80258	1	33
IS	335	80379	80363	0	16
IS	336	78959	78935	0	24
IS	337	79388	79374	1	13
IS	338	77941	77918	1	22
IS	339	78511	78497	1	13
IS	340	78020	77992	2	26
IS	341	77347	77329	0	18
IS	342	77146	77123	3	20
IS	343	76465	76439	1	25
IS	344	75658	75642	1	15
IS	345	75485	75465	1	19
IS	346	74865	74848	0	17
IS	347	74620	74603	1	16
IS	348	74265	74246	0	19
IS	349	73750	73732	0	18
IS	350	73863	73837	2	24
IS	351	72475	72451	0	24
IS	352	72470	72452	1	17
IS	353	72385	72360	0	25
IS	354	71883	71863	2	18
IS	355	71512	71493	1	18
IS	356	70249	70239	1	9
IS	357	70533	70511	2	20
IS	358	69153	69134	2	17
IS	359	69608	69590	0	18
IS	360	69382	69362	0	20
IS	361	68798	68775	1	22
IS	362	68473	68450	2	21
IS	363	68242	68223	0	19
IS	364	67926	67909	2	15
IS	365	67486	67460	1	25
IS	366	66552	66521	1	30
IS	367	66323	66301	0	22
IS	368	65650	65630	0	20
IS	369	65647	65622	4	21
IS	370	64700	64672	2	26
IS	371	64543	64512	3	28
IS	372	63919	63904	0	15
IS	373	63964	63940	1	23
IS	374	63190	63167	2	21
IS	375	62918	62894	1	23
IS	376	62565	62545	2	18
IS	377	61854	61838	0	16
IS	378	61192	61169	2	21
IS	379	61401	61379	2	20
IS	380	60645	60626	3	16
IS	381	60438	60416	0	22
IS	382	59916	59898	1	17
IS	383	59647	59624	0	23
IS	384	59185	59162	3	20
IS	385	58579	58558	1	20
IS	386	58352	58321	0	31
IS	387	57890	57867	5	18
IS	388	57028	57009	1	18
IS	389	56790	56761	1	28
IS	390	56519	56506	1	12
IS	391	56397	56379	1	17
IS	392	56255	56231	1	23
IS	393	55458	55432	2	24
IS	394	55078	55055	1	22
IS	395	54730	54713	3	14
IS	396	54357	54329	0	28
IS	397	53660	53641	0	19
IS	398	53297	53271	1	25
IS	399	53132	53112	1	19
IS	400	52974	52955	1	18
IS	401	52256	52224	1	31
IS	402	51663	51634	2	27
IS	403	51196	51172	1	23
IS	404	51112	51094	1	17
IS	405	51000	50981	1	18
IS	406	50426	50404	1	21
IS	407	50022	50000	2	20
IS	408	49462	49436	2	24
IS	409	49472	49453	1	18
IS	410	48774	48738	1	35
IS	411	48573	48543	1	29
IS	412	48357	48342	1	14
IS	413	47991	47968	0	23
IS	414	47709	47686	0	23
IS	415	47677	47654	1	22
IS	416	46696	46672	0	24
IS	417	46375	46349	0	26
IS	418	45645	45629	0	16
IS	419	45458	45444	1	13
IS	420	45190	45167	2	21
IS	421	44737	44711	1	25
IS	422	44459	44437	1	21
IS	423	44064	44042	2	20
IS	424	43966	43941	3	22
IS	425	43148	43131	1	16
IS	426	43087	43069	1	17
IS	427	42923	42897	1	25
IS	428	42222	42195	4	23
IS	429	42292	42274	2	16
IS	430	41708	41694	1	13
IS	431	41421	41399	1	21
IS	432	41037	41014	1	22
IS	433	40636	40618	1	17
IS	434	40628	40603	0	25
IS	435	40092	40068	2	22
IS	436	39943	39931	0	12
IS	437	39211	39192	1	18
IS	438	39171	39151	0	20
IS	439	38413	38394	0	19
IS	440	38138	38114	0	24
IS	441	38293	38271	2	20
IS	442	37798	37764	2	32
IS	443	37399	37382	1	16
IS	444	37072	37051	0	21
IS	445	37006	36990	0	16
IS	446	36427	36404	1	22
IS	447	36105	36087	3	15
IS	448	35711	35686	0	25
IS	449	35334	35311	0	23
IS	450	35176	35160	2	14
IS	451	34997	34973	0	24
IS	452	34626	34607	0	19
IS	453	34404	34388	0	16
IS	454	34081	34060	0	21
IS	455	33643	33623	0	20
IS	456	33305	33284	1	20
IS	457	32986	32961	0	25
IS	458	32947	32937	3	7
IS	459	32653	32632	1	20
IS	460	32623	32604	1	18
IS	461	31767	31748	3	16
IS	462	31764	31747	1	16
IS	463	31521	31499	1	21
IS	464	31107	31079	1	27
IS	465	31180	31153	4	23
IS	466	30686	30662	1	23
IS	467	30883	30857	0	26
IS	468	30005	29990	0	15
IS	469	29964	29953	0	11
IS	470	29459	29436	1	22
IS	471	29225	29195	3	27
IS	472	28780	28768	0	12
IS	473	28495	28479	0	16
IS	474	28461	28438	0	23
IS	475	28112	28090	1	21
IS	476	28094	28072	1	21
IS	477	27662	27624	0	38
IS	478	27388	27365	0	23
IS	479	26890	26876	0	14
IS	480	26816	26803	0	13
IS	481	26600	26581	1	18
IS	482	26548	26519	1	28
IS	483	26022	26002	3	17
IS	484	25838	25818	1	19
IS	485	25844	25824	0	20
IS	486	25076	25062	1	13
IS	487	25392	25363	3	26
IS	488	24860	24839	0	21
IS	489	24802	24783	0	19
IS	490	24382	24362	0	20
IS	491	24191	24174	1	16
IS	492	23544	23521	0	23
IS	493	23736	23714	0	22
IS	494	23473	23453	0	20
IS	495	23419	23392	0	27
IS	496	22931	22899	1	31
IS	497	22857	22833	1	23
IS	498	22592	22567	3	22
IS	499	22379	22348	2	29
IS	500	22014	21986	2	26
IS	501	22021	22001	1	19
IS	502	21541	21525	0	16
IS	503	21478	21455	0	23
IS	504	21490	21465	0	25
IS	505	21080	21068	0	12
IS	506	20899	20875	2	22
IS	507	20437	20411	0	26
IS	508	20285	20266	0	19
IS	509	20080	20060	1	19
IS	510	20005	19988	0	17
IS	511	19769	19748	3	18
IS	512	19576	19546	2	28
IS	513	19279	19257	1	21
IS	514	19199	19177	0	22
IS	515	19018	18993	2	23
IS	516	18687	18661	1	25
IS	517	18510	18490	0	20
IS	518	18458	18433	1	24
IS	519	18176	18150	0	26
IS	520	17921	17897	0	24
IS	521	17723	17696	1	26
IS	522	17753	17737	0	16
IS	523	17308	17284	0	24
IS	524	16962	16935	1	26
IS	525	16984	16962	0	22
IS	526	16646	16627	0	19
IS	527	16630	16597	0	33
IS	528	16560	16542	0	18
IS	529	16290	16276	0	14
IS	530	16191	16169	1	21
IS	531	16125	16103	1	21
IS	532	15822	15791	0	31
IS	533	15562	15535	0	27
IS	534	15729	15706	1	22
IS	535	15253	15228	1	24
IS	536	15211	15184	0	27
IS	537	14759	14732	1	26
IS	538	14776	14752	2	22
IS	539	14730	14698	1	31
IS	540	14425	14405	1	19
IS	541	14298	14279	0	19
IS	542	14308	14287	0	21
IS	543	13972	13941	2	29
IS	544	13754	13731	0	23
IS	545	13620	13598	1	21
IS	546	13481	13457	1	23
IS	547	13205	13180	0	25
IS	548	13065	13044	0	21
IS	549	13216	13196	0	20
IS	550	12867	12850	1	16
IS	551	12568	12552	0	16
IS	552	12551	12518	0	33
IS	553	12606	12591	0	15
IS	554	12342	12328	0	14
IS	555	12241	12227	0	14
IS	556	12045	12021	0	24
IS	557	11925	11904	0	21
IS	558	11795	11772	0	23
IS	559	11649	11623	0	26
IS	560	11554	11540	0	14
IS	561	11196	11178	0	18
IS	562	11348	11330	1	17
IS	563	10964	10949	1	14
IS	564	10923	10900	1	22
IS	565	10847	10823	0	24
IS	566	10589	10561	1	27
IS	567	10477	10456	2	19
IS	568	10390	10368	1	21
IS	569	10248	10226	0	22
IS	570	10246	10223	0	23
IS	571	10054	10031	2	21
IS	572	10000	9978	0	22
IS	573	9851	9828	0	23
IS	574	9572	9540	0	32
IS	575	9592	9580	1	11
IS	576	9236	9215	2	19
IS	577	9317	9303	0	14
IS	578	9166	9144	1	21
IS	579	9014	8996	1	17
IS	580	8946	8925	0	21
IS	581	8986	8970	0	16
IS	582	8675	8658	1	16
IS	583	8729	8705	0	24
IS	584	8468	8446	1	21
IS	585	8390	8372	0	18
IS	586	8397	8381	0	16
IS	587	8194	8164	1	29
IS	588	7919	7900	0	19
IS	589	8056	8029	0	27
IS	590	7852	7828	2	22
IS	591	7674	7648	1	25
IS	592	7708	7690	1	17
IS	593	7547	7528	0	19
IS	594	7537	7522	1	14
IS	595	7212	7192	0	20
IS	596	7226	7202	1	23
IS	597	7196	7169	0	27
IS	598	7051	7030	0	21
IS	599	7094	7075	0	19
IS	600	6900	6881	1	18
IS	601	6592	6569	1	22
IS	602	6741	6716	0	25
IS	603	6714	6689	0	25
IS	604	6458	6444	0	14
IS	605	6329	6311	0	18
IS	606	6275	6251	0	24
IS	607	6243	6228	0	15
IS	608	6262	6242	0	20
IS	609	6146	6120	0	26
IS	610	5985	5969	0	16
IS	611	5961	5944	1	16
IS	612	5827	5809	0	18
IS	613	5639	5616	0	23
IS	614	5804	5783	0	21
IS	615	5406	5384	2	20
IS	616	5544	5528	0	16
IS	617	5500	5478	0	22
IS	618	5300	5280	0	20
IS	619	5241	5219	0	22
IS	620	5292	5268	0	24
IS	621	5049	5039	0	10
IS	622	5067	5053	0	14
IS	623	4968	4952	0	16
IS	624	4739	4717	0	22
IS	625	4762	4743	0	19
IS	626	4754	4729	0	25
IS	627	4563	4543	0	20
IS	628	4663	4647	0	16
IS	629	4640	4625	0	15
# Read lengths. Use `grep ^RL | cut -f 2-` to extract this part. The columns are: read length, count
RL	36	17051
RL	37	18160
RL	38	18637
RL	39	20746
RL	40	18662
RL	41	18713
RL	42	18714
RL	43	18675
RL	44	20022
RL	45	19784
RL	46	19341
RL	47	18387
RL	48	18133
RL	49	18660
RL	50	18333
RL	51	19043
RL	52	21077
RL	53	22818
RL	54	22569
RL	55	20674
RL	56	20901
RL	57	19954
RL	58	20735
RL	59	20592
RL	60	20696
RL	61	20671
RL	62	20800
RL	63	21661
RL	64	23363
RL	65	22240
RL	66	21076
RL	67	21307
RL	68	23722
RL	69	23308
RL	70	23353
RL	71	24590
RL	72	21972
RL	73	21465
RL	74	23022
RL	75	24613
RL	76	24652
RL	77	24866
RL	78	24253
RL	79	23071
RL	80	22993
RL	81	24412
RL	82	24752
RL	83	26801
RL	84	29169
RL	85	28475
RL	86	26157
RL	87	24994
RL	88	25788
RL	89	26402
RL	90	26275
RL	91	26501
RL	92	27892
RL	93	30639
RL	94	30576
RL	95	30374
RL	96	30137
RL	97	29858
RL	98	28807
RL	99	28614
RL	100	29307
RL	101	31547
RL	102	32106
RL	103	32756
RL	104	31911
RL	105	32421
RL	106	34427
RL	107	35393
RL	108	34678
RL	109	34960
RL	110	35398
RL	111	35371
RL	112	35741
RL	113	37091
RL	114	37826
RL	115	38948
RL	116	41635
RL	117	43332
RL	118	43445
RL	119	42122
RL	120	42932
RL	121	43779
RL	122	43568
RL	123	46185
RL	124	49543
RL	125	54419
RL	126	58523
RL	127	81074
RL	128	72696
RL	129	68243
RL	130	69358
RL	131	81182
RL	132	96864
RL	133	100758
RL	134	113325
RL	135	122132
RL	136	130413
RL	137	142620
RL	138	168735
RL	139	214947
RL	140	304705
RL	141	433855
RL	142	383197
RL	143	637230
RL	144	1529717
RL	145	3044814
RL	146	1652102
RL	147	6821884
RL	148	38676431
# Read lengths - first fragments. Use `grep ^FRL | cut -f 2-` to extract this part. The columns are: read length, count
FRL	36	8638
FRL	37	9054
FRL	38	9392
FRL	39	10601
FRL	40	9458
FRL	41	9550
FRL	42	9485
FRL	43	9551
FRL	44	10219
FRL	45	10108
FRL	46	9844
FRL	47	9327
FRL	48	9254
FRL	49	9480
FRL	50	9441
FRL	51	9722
FRL	52	10877
FRL	53	11764
FRL	54	11492
FRL	55	10639
FRL	56	10672
FRL	57	10173
FRL	58	10643
FRL	59	10578
FRL	60	10666
FRL	61	10681
FRL	62	10823
FRL	63	11249
FRL	64	12049
FRL	65	11615
FRL	66	10912
FRL	67	10990
FRL	68	12380
FRL	69	12152
FRL	70	12107
FRL	71	12800
FRL	72	11566
FRL	73	11557
FRL	74	12336
FRL	75	13164
FRL	76	13297
FRL	77	13324
FRL	78	13128
FRL	79	12449
FRL	80	12536
FRL	81	13433
FRL	82	13667
FRL	83	14613
FRL	84	15915
FRL	85	15618
FRL	86	14443
FRL	87	14139
FRL	88	14644
FRL	89	14993
FRL	90	14786
FRL	91	14782
FRL	92	15895
FRL	93	17096
FRL	94	17509
FRL	95	17561
FRL	96	17313
FRL	97	17372
FRL	98	17070
FRL	99	17230
FRL	100	17625
FRL	101	18857
FRL	102	19191
FRL	103	19689
FRL	104	19544
FRL	105	20007
FRL	106	21154
FRL	107	22055
FRL	108	21716
FRL	109	21882
FRL	110	22389
FRL	111	22667
FRL	112	22972
FRL	113	23970
FRL	114	24534
FRL	115	25435
FRL	116	26982
FRL	117	28620
FRL	118	28086
FRL	119	27994
FRL	120	29104
FRL	121	29747
FRL	122	29619
FRL	123	31982
FRL	124	34526
FRL	125	38537
FRL	126	42803
FRL	127	65180
FRL	128	56216
FRL	129	51102
FRL	130	50937
FRL	131	50968
FRL	132	55059
FRL	133	60261
FRL	134	61993
FRL	135	67850
FRL	136	71463
FRL	137	78777
FRL	138	96598
FRL	139	117809
FRL	140	161403
FRL	141	237194
FRL	142	209137
FRL	143	357943
FRL	144	850813
FRL	145	1812500
FRL	146	1042424
FRL	147	3723726
FRL	148	17979310
# Read lengths - last fragments. Use `grep ^LRL | cut -f 2-` to extract this part. The columns are: read length, count
LRL	36	8413
LRL	37	9106
LRL	38	9245
LRL	39	10145
LRL	40	9204
LRL	41	9163
LRL	42	9229
LRL	43	9124
LRL	44	9803
LRL	45	9676
LRL	46	9497
LRL	47	9060
LRL	48	8879
LRL	49	9180
LRL	50	8892
LRL	51	9321
LRL	52	10200
LRL	53	11054
LRL	54	11077
LRL	55	10035
LRL	56	10229
LRL	57	9781
LRL	58	10092
LRL	59	10014
LRL	60	10030
LRL	61	9990
LRL	62	9977
LRL	63	10412
LRL	64	11314
LRL	65	10625
LRL	66	10164
LRL	67	10317
LRL	68	11342
LRL	69	11156
LRL	70	11246
LRL	71	11790
LRL	72	10406
LRL	73	9908
LRL	74	10686
LRL	75	11449
LRL	76	11355
LRL	77	11542
LRL	78	11125
LRL	79	10622
LRL	80	10457
LRL	81	10979
LRL	82	11085
LRL	83	12188
LRL	84	13254
LRL	85	12857
LRL	86	11714
LRL	87	10855
LRL	88	11144
LRL	89	11409
LRL	90	11489
LRL	91	11719
LRL	92	11997
LRL	93	13543
LRL	94	13067
LRL	95	12813
LRL	96	12824
LRL	97	12486
LRL	98	11737
LRL	99	11384
LRL	100	11682
LRL	101	12690
LRL	102	12915
LRL	103	13067
LRL	104	12367
LRL	105	12414
LRL	106	13273
LRL	107	13338
LRL	108	12962
LRL	109	13078
LRL	110	13009
LRL	111	12704
LRL	112	12769
LRL	113	13121
LRL	114	13292
LRL	115	13513
LRL	116	14653
LRL	117	14712
LRL	118	15359
LRL	119	14128
LRL	120	13828
LRL	121	14032
LRL	122	13949
LRL	123	14203
LRL	124	15017
LRL	125	15882
LRL	126	15720
LRL	127	15894
LRL	128	16480
LRL	129	17141
LRL	130	18421
LRL	131	30214
LRL	132	41805
LRL	133	40497
LRL	134	51332
LRL	135	54282
LRL	136	58950
LRL	137	63843
LRL	138	72137
LRL	139	97138
LRL	140	143302
LRL	141	196661
LRL	142	174060
LRL	143	279287
LRL	144	678904
LRL	145	1232314
LRL	146	609678
LRL	147	3098158
LRL	148	20697121
# Indel distribution. Use `grep ^ID | cut -f 2-` to extract this part. The columns are: length, number of insertions, number of deletions
ID	1	1271291	260209
ID	2	72962	93864
ID	3	30443	43109
ID	4	33299	44029
ID	5	19819	12841
ID	6	7981	12622
ID	7	2376	3115
ID	8	4320	6792
ID	9	2358	3530
ID	10	4170	4521
ID	11	710	1267
ID	12	2196	3491
ID	13	474	1026
ID	14	959	1636
ID	15	1073	1423
ID	16	666	1370
ID	17	193	489
ID	18	721	1213
ID	19	163	272
ID	20	317	655
ID	21	369	513
ID	22	95	508
ID	23	58	193
ID	24	219	608
ID	25	119	156
ID	26	43	170
ID	27	112	194
ID	28	57	128
ID	29	27	53
ID	30	55	346
ID	31	30	36
ID	32	13	101
ID	33	13	49
ID	34	5	65
ID	35	14	69
ID	36	14	75
ID	37	4	35
ID	38	0	65
ID	39	1	20
ID	40	0	39
ID	41	0	16
ID	42	9	45
ID	43	0	6
ID	44	0	12
ID	45	0	17
ID	46	0	2
ID	47	0	5
ID	48	0	13
ID	49	0	20
ID	50	0	7
ID	51	0	20
ID	52	0	1
ID	53	0	7
ID	54	0	6
ID	56	0	7
ID	57	0	6
ID	59	0	1
ID	61	0	1
ID	62	0	5
ID	63	0	6
# Indels per cycle. Use `grep ^IC | cut -f 2-` to extract this part. The columns are: cycle, number of insertions (fwd), .. (rev) , number of deletions (fwd), .. (rev)
IC	2	1	0	0	0
IC	3	0	0	444	451
IC	4	1553	416	588	581
IC	5	33699	5328	612	656
IC	6	3799	604	669	703
IC	7	148184	609	808	867
IC	8	2378	803	1015	1068
IC	9	1403	858	1221	1238
IC	10	1369	903	1142	1283
IC	11	1628	1223	1286	1447
IC	12	7796	979	1325	1437
IC	13	11775	1014	1318	1559
IC	14	1310	1137	1473	1562
IC	15	7804	1569	1456	1638
IC	16	1279	1197	1522	1552
IC	17	1683	1111	1507	1589
IC	18	1247	1265	1532	1635
IC	19	7180	6037	1637	1653
IC	20	1266	1580	1670	1683
IC	21	1336	9995	1770	1769
IC	22	1297	1741	1587	1735
IC	23	1364	1299	1772	1774
IC	24	1317	1492	1734	1736
IC	25	1401	1659	1808	1789
IC	26	1469	1339	1714	1708
IC	27	1833	1673	1782	1872
IC	28	1583	1405	1851	1852
IC	29	1950	1451	1855	1874
IC	30	6550	1487	1860	1873
IC	31	2353	1486	1824	1883
IC	32	2472	2257	1793	1869
IC	33	1921	1484	1871	1881
IC	34	2492	3433	1800	1957
IC	35	3982	1658	1808	1970
IC	36	1925	1572	1909	1979
IC	37	1671	1563	1854	1881
IC	38	2410	2337	1832	1857
IC	39	2188	1563	1924	1970
IC	40	1652	1507	1894	2020
IC	41	1902	1788	1874	1967
IC	42	2151	14129	1929	1988
IC	43	7055	12014	1979	2049
IC	44	70261	1642	1972	1983
IC	45	3079	1395	1923	2022
IC	46	1885	1505	1835	1890
IC	47	1996	1460	1846	2042
IC	48	1581	1389	1929	2091
IC	49	1520	1425	1907	2051
IC	50	2834	1889	1964	2040
IC	51	2470	1507	1950	1976
IC	52	19695	1364	1940	2022
IC	53	56957	1431	2018	2029
IC	54	2944	1414	1984	2016
IC	55	2294	1539	1969	2083
IC	56	9132	1532	1972	1994
IC	57	1683	1558	1927	2000
IC	58	1963	2791	1955	1916
IC	59	4159	1572	2056	2046
IC	60	1526	1685	1952	2014
IC	61	2226	2635	1990	1907
IC	62	1635	28393	1965	2021
IC	63	2153	2148	2002	2015
IC	64	2189	1671	1961	1982
IC	65	1609	1375	1994	1954
IC	66	1656	1540	1993	2051
IC	67	2468	1550	1994	1989
IC	68	42991	1482	2002	2064
IC	69	2130	1919	1977	1972
IC	70	1619	1420	1997	1983
IC	71	3381	1396	1972	2027
IC	72	4868	1387	2053	2051
IC	73	7762	1486	1920	1961
IC	74	1963	1348	1914	2036
IC	75	1562	1527	2013	1959
IC	76	1641	1550	1953	1975
IC	77	2049	2086	1975	2064
IC	78	3182	6070	1947	1984
IC	79	1584	34677	1916	1977
IC	80	1591	2757	1912	1943
IC	81	2740	1636	1918	1941
IC	82	7816	1550	2004	1919
IC	83	1613	1584	1974	1968
IC	84	1398	1874	1876	1983
IC	85	1416	4271	1896	2000
IC	86	1516	20724	1817	1961
IC	87	1428	2289	1995	1972
IC	88	1725	1586	1968	1845
IC	89	1557	1499	1963	1928
IC	90	1765	1397	1836	1903
IC	91	3699	1692	1967	1934
IC	92	19840	2740	1900	1930
IC	93	3449	7082	1911	1952
IC	94	1574	6663	1873	1897
IC	95	1515	2473	1812	1919
IC	96	1511	3799	1841	1855
IC	97	1547	1552	1807	1900
IC	98	1822	1469	1823	1875
IC	99	3737	1776	1793	1913
IC	100	3757	1367	1748	1945
IC	101	8616	1366	1870	1877
IC	102	2277	1435	1855	1766
IC	103	2095	1320	1774	1817
IC	104	2596	1465	1810	1771
IC	105	9124	2169	1800	1859
IC	106	30823	4100	1663	1766
IC	107	3182	2512	1736	1793
IC	108	1402	3969	1640	1755
IC	109	1212	7874	1655	1729
IC	110	1279	1934	1611	1725
IC	111	1370	1267	1632	1661
IC	112	1177	1205	1594	1697
IC	113	1125	1207	1528	1757
IC	114	1111	1234	1513	1706
IC	115	1188	1138	1539	1624
IC	116	1083	1190	1558	1708
IC	117	1441	1250	1463	1657
IC	118	3499	1279	1498	1572
IC	119	1363	1298	1388	1598
IC	120	1127	1981	1371	1586
IC	121	1339	6160	1296	1574
IC	122	1084	9925	1283	1424
IC	123	840	4498	1288	1471
IC	124	760	2703	1290	1586
IC	125	865	1668	1475	1540
IC	126	1075	2410	2107	1483
IC	127	1885	2844	6712	1388
IC	128	7084	2241	5644	1460
IC	129	5674	3513	3008	1382
IC	130	4765	13430	1869	1341
IC	131	3782	18711	2799	1280
IC	132	4339	10816	2340	1262
IC	133	3353	2675	3424	1191
IC	134	3952	1809	3686	1167
IC	135	6546	2293	3463	1072
IC	136	17231	5252	1341	1071
IC	137	24471	6101	931	974
IC	138	16646	3261	871	973
IC	139	58719	831	687	880
IC	140	103825	734	623	824
IC	141	31695	786	594	686
IC	142	6457	698	602	693
IC	143	1167	794	673	783
IC	144	542	1136	1349	1204
IC	145	767	2519	3731	338
# Coverage distribution. Use `grep ^COV | cut -f 2-` to extract this part.
COV	[1-1]	1	310609513
COV	[2-2]	2	121777459
COV	[3-3]	3	40852515
COV	[4-4]	4	23025769
COV	[5-5]	5	12887023
COV	[6-6]	6	9329107
COV	[7-7]	7	7197397
COV	[8-8]	8	6114435
COV	[9-9]	9	5353166
COV	[10-10]	10	4813884
COV	[11-11]	11	4387678
COV	[12-12]	12	4071245
COV	[13-13]	13	3778595
COV	[14-14]	14	3524147
COV	[15-15]	15	3309575
COV	[16-16]	16	3112848
COV	[17-17]	17	2945248
COV	[18-18]	18	2801717
COV	[19-19]	19	2668484
COV	[20-20]	20	2550132
COV	[21-21]	21	2433493
COV	[22-22]	22	2334643
COV	[23-23]	23	2245789
COV	[24-24]	24	2152113
COV	[25-25]	25	2072230
COV	[26-26]	26	2001558
COV	[27-27]	27	1933436
COV	[28-28]	28	1870124
COV	[29-29]	29	1807704
COV	[30-30]	30	1754964
COV	[31-31]	31	1697408
COV	[32-32]	32	1651704
COV	[33-33]	33	1608745
COV	[34-34]	34	1569942
COV	[35-35]	35	1532590
COV	[36-36]	36	1492082
COV	[37-37]	37	1457234
COV	[38-38]	38	1426990
COV	[39-39]	39	1396697
COV	[40-40]	40	1365353
COV	[41-41]	41	1339606
COV	[42-42]	42	1314718
COV	[43-43]	43	1296612
COV	[44-44]	44	1276171
COV	[45-45]	45	1258843
COV	[46-46]	46	1239268
COV	[47-47]	47	1219816
COV	[48-48]	48	1208053
COV	[49-49]	49	1190829
COV	[50-50]	50	1173277
COV	[51-51]	51	1159688
COV	[52-52]	52	1145123
COV	[53-53]	53	1133663
COV	[54-54]	54	1122380
COV	[55-55]	55	1111814
COV	[56-56]	56	1100567
COV	[57-57]	57	1090404
COV	[58-58]	58	1077691
COV	[59-59]	59	1065970
COV	[60-60]	60	1054849
COV	[61-61]	61	1041196
COV	[62-62]	62	1034646
COV	[63-63]	63	1023535
COV	[64-64]	64	1009374
COV	[65-65]	65	999572
COV	[66-66]	66	984273
COV	[67-67]	67	976067
COV	[68-68]	68	964404
COV	[69-69]	69	947591
COV	[70-70]	70	940633
COV	[71-71]	71	924816
COV	[72-72]	72	914623
COV	[73-73]	73	896384
COV	[74-74]	74	882670
COV	[75-75]	75	869572
COV	[76-76]	76	853745
COV	[77-77]	77	838467
COV	[78-78]	78	826235
COV	[79-79]	79	810812
COV	[80-80]	80	796473
COV	[81-81]	81	782305
COV	[82-82]	82	767280
COV	[83-83]	83	751797
COV	[84-84]	84	736773
COV	[85-85]	85	722788
COV	[86-86]	86	709898
COV	[87-87]	87	695695
COV	[88-88]	88	679703
COV	[89-89]	89	667950
COV	[90-90]	90	651592
COV	[91-91]	91	636313
COV	[92-92]	92	620015
COV	[93-93]	93	605386
COV	[94-94]	94	590366
COV	[95-95]	95	573695
COV	[96-96]	96	562581
COV	[97-97]	97	543272
COV	[98-98]	98	528698
COV	[99-99]	99	513875
COV	[100-100]	100	499819
COV	[101-101]	101	486315
COV	[102-102]	102	471433
COV	[103-103]	103	457799
COV	[104-104]	104	446568
COV	[105-105]	105	431550
COV	[106-106]	106	419207
COV	[107-107]	107	406169
COV	[108-108]	108	391213
COV	[109-109]	109	378783
COV	[110-110]	110	366050
COV	[111-111]	111	353957
COV	[112-112]	112	342437
COV	[113-113]	113	331547
COV	[114-114]	114	320158
COV	[115-115]	115	308519
COV	[116-116]	116	299586
COV	[117-117]	117	287664
COV	[118-118]	118	277026
COV	[119-119]	119	265550
COV	[120-120]	120	255826
COV	[121-121]	121	246899
COV	[122-122]	122	238639
COV	[123-123]	123	228944
COV	[124-124]	124	222107
COV	[125-125]	125	213853
COV	[126-126]	126	204363
COV	[127-127]	127	196649
COV	[128-128]	128	188971
COV	[129-129]	129	181768
COV	[130-130]	130	173981
COV	[131-131]	131	168008
COV	[132-132]	132	160148
COV	[133-133]	133	153383
COV	[134-134]	134	149118
COV	[135-135]	135	142452
COV	[136-136]	136	136537
COV	[137-137]	137	130032
COV	[138-138]	138	124451
COV	[139-139]	139	119948
COV	[140-140]	140	114975
COV	[141-141]	141	110427
COV	[142-142]	142	105721
COV	[143-143]	143	101082
COV	[144-144]	144	97599
COV	[145-145]	145	92942
COV	[146-146]	146	89099
COV	[147-147]	147	86501
COV	[148-148]	148	83370
COV	[149-149]	149	79385
COV	[150-150]	150	75769
COV	[151-151]	151	73653
COV	[152-152]	152	70336
COV	[153-153]	153	67561
COV	[154-154]	154	64468
COV	[155-155]	155	62184
COV	[156-156]	156	60435
COV	[157-157]	157	57512
COV	[158-158]	158	55791
COV	[159-159]	159	52657
COV	[160-160]	160	50900
COV	[161-161]	161	49354
COV	[162-162]	162	46812
COV	[163-163]	163	45109
COV	[164-164]	164	43324
COV	[165-165]	165	41159
COV	[166-166]	166	39565
COV	[167-167]	167	38091
COV	[168-168]	168	36122
COV	[169-169]	169	35353
COV	[170-170]	170	34207
COV	[171-171]	171	32837
COV	[172-172]	172	32426
COV	[173-173]	173	31481
COV	[174-174]	174	30140
COV	[175-175]	175	29148
COV	[176-176]	176	27991
COV	[177-177]	177	27061
COV	[178-178]	178	25718
COV	[179-179]	179	24764
COV	[180-180]	180	24024
COV	[181-181]	181	23433
COV	[182-182]	182	22340
COV	[183-183]	183	21567
COV	[184-184]	184	20747
COV	[185-185]	185	19942
COV	[186-186]	186	19758
COV	[187-187]	187	19031
COV	[188-188]	188	18441
COV	[189-189]	189	17832
COV	[190-190]	190	17485
COV	[191-191]	191	17037
COV	[192-192]	192	16534
COV	[193-193]	193	16107
COV	[194-194]	194	15785
COV	[195-195]	195	15516
COV	[196-196]	196	14982
COV	[197-197]	197	14714
COV	[198-198]	198	14362
COV	[199-199]	199	13763
COV	[200-200]	200	13373
COV	[201-201]	201	13011
COV	[202-202]	202	12496
COV	[203-203]	203	12176
COV	[204-204]	204	11801
COV	[205-205]	205	11684
COV	[206-206]	206	11702
COV	[207-207]	207	11292
COV	[208-208]	208	11012
COV	[209-209]	209	10814
COV	[210-210]	210	10475
COV	[211-211]	211	10424
COV	[212-212]	212	9992
COV	[213-213]	213	9793
COV	[214-214]	214	10064
COV	[215-215]	215	9691
COV	[216-216]	216	9368
COV	[217-217]	217	9214
COV	[218-218]	218	8983
COV	[219-219]	219	8761
COV	[220-220]	220	8631
COV	[221-221]	221	8480
COV	[222-222]	222	8536
COV	[223-223]	223	8193
COV	[224-224]	224	7706
COV	[225-225]	225	7702
COV	[226-226]	226	7669
COV	[227-227]	227	7472
COV	[228-228]	228	7218
COV	[229-229]	229	7068
COV	[230-230]	230	6890
COV	[231-231]	231	6572
COV	[232-232]	232	6626
COV	[233-233]	233	6380
COV	[234-234]	234	6339
COV	[235-235]	235	6148
COV	[236-236]	236	6033
COV	[237-237]	237	5915
COV	[238-238]	238	5888
COV	[239-239]	239	5780
COV	[240-240]	240	5655
COV	[241-241]	241	5579
COV	[242-242]	242	5595
COV	[243-243]	243	5649
COV	[244-244]	244	5586
COV	[245-245]	245	5352
COV	[246-246]	246	5313
COV	[247-247]	247	5182
COV	[248-248]	248	5144
COV	[249-249]	249	5166
COV	[250-250]	250	4864
COV	[251-251]	251	4983
COV	[252-252]	252	4866
COV	[253-253]	253	4589
COV	[254-254]	254	4537
COV	[255-255]	255	4519
COV	[256-256]	256	4511
COV	[257-257]	257	4496
COV	[258-258]	258	4324
COV	[259-259]	259	4270
COV	[260-260]	260	4114
COV	[261-261]	261	3848
COV	[262-262]	262	3846
COV	[263-263]	263	3776
COV	[264-264]	264	3911
COV	[265-265]	265	3731
COV	[266-266]	266	3548
COV	[267-267]	267	3629
COV	[268-268]	268	3686
COV	[269-269]	269	3460
COV	[270-270]	270	3301
COV	[271-271]	271	3136
COV	[272-272]	272	3174
COV	[273-273]	273	3112
COV	[274-274]	274	3014
COV	[275-275]	275	3022
COV	[276-276]	276	2930
COV	[277-277]	277	2864
COV	[278-278]	278	2865
COV	[279-279]	279	2811
COV	[280-280]	280	2682
COV	[281-281]	281	2856
COV	[282-282]	282	2789
COV	[283-283]	283	2774
COV	[284-284]	284	2856
COV	[285-285]	285	2737
COV	[286-286]	286	2639
COV	[287-287]	287	2539
COV	[288-288]	288	2542
COV	[289-289]	289	2551
COV	[290-290]	290	2415
COV	[291-291]	291	2440
COV	[292-292]	292	2276
COV	[293-293]	293	2318
COV	[294-294]	294	2236
COV	[295-295]	295	2206
COV	[296-296]	296	2203
COV	[297-297]	297	2150
COV	[298-298]	298	2186
COV	[299-299]	299	2190
COV	[300-300]	300	2149
COV	[301-301]	301	2124
COV	[302-302]	302	2111
COV	[303-303]	303	2009
COV	[304-304]	304	2071
COV	[305-305]	305	1913
COV	[306-306]	306	1943
COV	[307-307]	307	1802
COV	[308-308]	308	1840
COV	[309-309]	309	1899
COV	[310-310]	310	1759
COV	[311-311]	311	1695
COV	[312-312]	312	1737
COV	[313-313]	313	1676
COV	[314-314]	314	1692
COV	[315-315]	315	1630
COV	[316-316]	316	1731
COV	[317-317]	317	1615
COV	[318-318]	318	1557
COV	[319-319]	319	1515
COV	[320-320]	320	1489
COV	[321-321]	321	1430
COV	[322-322]	322	1484
COV	[323-323]	323	1429
COV	[324-324]	324	1475
COV	[325-325]	325	1511
COV	[326-326]	326	1375
COV	[327-327]	327	1395
COV	[328-328]	328	1431
COV	[329-329]	329	1331
COV	[330-330]	330	1313
COV	[331-331]	331	1255
COV	[332-332]	332	1250
COV	[333-333]	333	1214
COV	[334-334]	334	1247
COV	[335-335]	335	1215
COV	[336-336]	336	1175
COV	[337-337]	337	1078
COV	[338-338]	338	1186
COV	[339-339]	339	1178
COV	[340-340]	340	1072
COV	[341-341]	341	1141
COV	[342-342]	342	1058
COV	[343-343]	343	1061
COV	[344-344]	344	1079
COV	[345-345]	345	1022
COV	[346-346]	346	1050
COV	[347-347]	347	1084
COV	[348-348]	348	1073
COV	[349-349]	349	1048
COV	[350-350]	350	975
COV	[351-351]	351	980
COV	[352-352]	352	1011
COV	[353-353]	353	995
COV	[354-354]	354	911
COV	[355-355]	355	823
COV	[356-356]	356	843
COV	[357-357]	357	881
COV	[358-358]	358	847
COV	[359-359]	359	804
COV	[360-360]	360	795
COV	[361-361]	361	798
COV	[362-362]	362	761
COV	[363-363]	363	763
COV	[364-364]	364	713
COV	[365-365]	365	700
COV	[366-366]	366	744
COV	[367-367]	367	731
COV	[368-368]	368	764
COV	[369-369]	369	716
COV	[370-370]	370	730
COV	[371-371]	371	712
COV	[372-372]	372	699
COV	[373-373]	373	672
COV	[374-374]	374	661
COV	[375-375]	375	672
COV	[376-376]	376	653
COV	[377-377]	377	641
COV	[378-378]	378	615
COV	[379-379]	379	621
COV	[380-380]	380	663
COV	[381-381]	381	628
COV	[382-382]	382	634
COV	[383-383]	383	603
COV	[384-384]	384	686
COV	[385-385]	385	624
COV	[386-386]	386	636
COV	[387-387]	387	595
COV	[388-388]	388	624
COV	[389-389]	389	581
COV	[390-390]	390	669
COV	[391-391]	391	608
COV	[392-392]	392	597
COV	[393-393]	393	598
COV	[394-394]	394	608
COV	[395-395]	395	565
COV	[396-396]	396	575
COV	[397-397]	397	599
COV	[398-398]	398	591
COV	[399-399]	399	555
COV	[400-400]	400	536
COV	[401-401]	401	558
COV	[402-402]	402	552
COV	[403-403]	403	485
COV	[404-404]	404	579
COV	[405-405]	405	543
COV	[406-406]	406	496
COV	[407-407]	407	471
COV	[408-408]	408	494
COV	[409-409]	409	538
COV	[410-410]	410	539
COV	[411-411]	411	470
COV	[412-412]	412	466
COV	[413-413]	413	513
COV	[414-414]	414	479
COV	[415-415]	415	509
COV	[416-416]	416	493
COV	[417-417]	417	474
COV	[418-418]	418	471
COV	[419-419]	419	457
COV	[420-420]	420	466
COV	[421-421]	421	473
COV	[422-422]	422	422
COV	[423-423]	423	472
COV	[424-424]	424	456
COV	[425-425]	425	430
COV	[426-426]	426	445
COV	[427-427]	427	455
COV	[428-428]	428	436
COV	[429-429]	429	447
COV	[430-430]	430	449
COV	[431-431]	431	441
COV	[432-432]	432	417
COV	[433-433]	433	453
COV	[434-434]	434	440
COV	[435-435]	435	455
COV	[436-436]	436	477
COV	[437-437]	437	435
COV	[438-438]	438	452
COV	[439-439]	439	467
COV	[440-440]	440	433
COV	[441-441]	441	417
COV	[442-442]	442	483
COV	[443-443]	443	421
COV	[444-444]	444	453
COV	[445-445]	445	444
COV	[446-446]	446	389
COV	[447-447]	447	383
COV	[448-448]	448	416
COV	[449-449]	449	414
COV	[450-450]	450	409
COV	[451-451]	451	406
COV	[452-452]	452	397
COV	[453-453]	453	422
COV	[454-454]	454	436
COV	[455-455]	455	415
COV	[456-456]	456	375
COV	[457-457]	457	393
COV	[458-458]	458	408
COV	[459-459]	459	388
COV	[460-460]	460	376
COV	[461-461]	461	424
COV	[462-462]	462	388
COV	[463-463]	463	348
COV	[464-464]	464	417
COV	[465-465]	465	361
COV	[466-466]	466	358
COV	[467-467]	467	321
COV	[468-468]	468	361
COV	[469-469]	469	336
COV	[470-470]	470	328
COV	[471-471]	471	357
COV	[472-472]	472	330
COV	[473-473]	473	336
COV	[474-474]	474	365
COV	[475-475]	475	337
COV	[476-476]	476	343
COV	[477-477]	477	382
COV	[478-478]	478	349
COV	[479-479]	479	355
COV	[480-480]	480	290
COV	[481-481]	481	317
COV	[482-482]	482	347
COV	[483-483]	483	389
COV	[484-484]	484	325
COV	[485-485]	485	368
COV	[486-486]	486	306
COV	[487-487]	487	364
COV	[488-488]	488	336
COV	[489-489]	489	350
COV	[490-490]	490	292
COV	[491-491]	491	354
COV	[492-492]	492	328
COV	[493-493]	493	275
COV	[494-494]	494	329
COV	[495-495]	495	274
COV	[496-496]	496	317
COV	[497-497]	497	285
COV	[498-498]	498	290
COV	[499-499]	499	276
COV	[500-500]	500	263
COV	[501-501]	501	292
COV	[502-502]	502	289
COV	[503-503]	503	248
COV	[504-504]	504	307
COV	[505-505]	505	268
COV	[506-506]	506	272
COV	[507-507]	507	269
COV	[508-508]	508	269
COV	[509-509]	509	264
COV	[510-510]	510	244
COV	[511-511]	511	256
COV	[512-512]	512	291
COV	[513-513]	513	264
COV	[514-514]	514	304
COV	[515-515]	515	270
COV	[516-516]	516	256
COV	[517-517]	517	255
COV	[518-518]	518	289
COV	[519-519]	519	266
COV	[520-520]	520	255
COV	[521-521]	521	251
COV	[522-522]	522	236
COV	[523-523]	523	247
COV	[524-524]	524	248
COV	[525-525]	525	247
COV	[526-526]	526	262
COV	[527-527]	527	253
COV	[528-528]	528	250
COV	[529-529]	529	278
COV	[530-530]	530	275
COV	[531-531]	531	278
COV	[532-532]	532	241
COV	[533-533]	533	224
COV	[534-534]	534	236
COV	[535-535]	535	204
COV	[536-536]	536	228
COV	[537-537]	537	238
COV	[538-538]	538	212
COV	[539-539]	539	182
COV	[540-540]	540	219
COV	[541-541]	541	216
COV	[542-542]	542	214
COV	[543-543]	543	243
COV	[544-544]	544	203
COV	[545-545]	545	205
COV	[546-546]	546	209
COV	[547-547]	547	186
COV	[548-548]	548	201
COV	[549-549]	549	188
COV	[550-550]	550	199
COV	[551-551]	551	193
COV	[552-552]	552	169
COV	[553-553]	553	164
COV	[554-554]	554	186
COV	[555-555]	555	178
COV	[556-556]	556	162
COV	[557-557]	557	147
COV	[558-558]	558	160
COV	[559-559]	559	174
COV	[560-560]	560	175
COV	[561-561]	561	145
COV	[562-562]	562	165
COV	[563-563]	563	161
COV	[564-564]	564	181
COV	[565-565]	565	188
COV	[566-566]	566	143
COV	[567-567]	567	145
COV	[568-568]	568	173
COV	[569-569]	569	139
COV	[570-570]	570	174
COV	[571-571]	571	148
COV	[572-572]	572	152
COV	[573-573]	573	166
COV	[574-574]	574	134
COV	[575-575]	575	156
COV	[576-576]	576	131
COV	[577-577]	577	143
COV	[578-578]	578	146
COV	[579-579]	579	141
COV	[580-580]	580	135
COV	[581-581]	581	152
COV	[582-582]	582	132
COV	[583-583]	583	154
COV	[584-584]	584	150
COV	[585-585]	585	151
COV	[586-586]	586	139
COV	[587-587]	587	130
COV	[588-588]	588	132
COV	[589-589]	589	135
COV	[590-590]	590	118
COV	[591-591]	591	146
COV	[592-592]	592	136
COV	[593-593]	593	136
COV	[594-594]	594	177
COV	[595-595]	595	153
COV	[596-596]	596	134
COV	[597-597]	597	142
COV	[598-598]	598	135
COV	[599-599]	599	157
COV	[600-600]	600	148
COV	[601-601]	601	152
COV	[602-602]	602	139
COV	[603-603]	603	133
COV	[604-604]	604	163
COV	[605-605]	605	148
COV	[606-606]	606	132
COV	[607-607]	607	131
COV	[608-608]	608	124
COV	[609-609]	609	134
COV	[610-610]	610	130
COV	[611-611]	611	128
COV	[612-612]	612	142
COV	[613-613]	613	115
COV	[614-614]	614	126
COV	[615-615]	615	128
COV	[616-616]	616	112
COV	[617-617]	617	117
COV	[618-618]	618	127
COV	[619-619]	619	112
COV	[620-620]	620	95
COV	[621-621]	621	104
COV	[622-622]	622	109
COV	[623-623]	623	106
COV	[624-624]	624	100
COV	[625-625]	625	119
COV	[626-626]	626	115
COV	[627-627]	627	143
COV	[628-628]	628	123
COV	[629-629]	629	118
COV	[630-630]	630	135
COV	[631-631]	631	125
COV	[632-632]	632	127
COV	[633-633]	633	140
COV	[634-634]	634	125
COV	[635-635]	635	126
COV	[636-636]	636	124
COV	[637-637]	637	106
COV	[638-638]	638	104
COV	[639-639]	639	103
COV	[640-640]	640	127
COV	[641-641]	641	108
COV	[642-642]	642	102
COV	[643-643]	643	89
COV	[644-644]	644	91
COV	[645-645]	645	101
COV	[646-646]	646	97
COV	[647-647]	647	95
COV	[648-648]	648	102
COV	[649-649]	649	125
COV	[650-650]	650	108
COV	[651-651]	651	98
COV	[652-652]	652	98
COV	[653-653]	653	104
COV	[654-654]	654	101
COV	[655-655]	655	98
COV	[656-656]	656	112
COV	[657-657]	657	119
COV	[658-658]	658	88
COV	[659-659]	659	101
COV	[660-660]	660	93
COV	[661-661]	661	113
COV	[662-662]	662	100
COV	[663-663]	663	70
COV	[664-664]	664	76
COV	[665-665]	665	84
COV	[666-666]	666	91
COV	[667-667]	667	80
COV	[668-668]	668	99
COV	[669-669]	669	75
COV	[670-670]	670	90
COV	[671-671]	671	87
COV	[672-672]	672	95
COV	[673-673]	673	95
COV	[674-674]	674	74
COV	[675-675]	675	83
COV	[676-676]	676	80
COV	[677-677]	677	87
COV	[678-678]	678	85
COV	[679-679]	679	95
COV	[680-680]	680	95
COV	[681-681]	681	80
COV	[682-682]	682	83
COV	[683-683]	683	74
COV	[684-684]	684	123
COV	[685-685]	685	74
COV	[686-686]	686	88
COV	[687-687]	687	84
COV	[688-688]	688	78
COV	[689-689]	689	74
COV	[690-690]	690	85
COV	[691-691]	691	88
COV	[692-692]	692	88
COV	[693-693]	693	84
COV	[694-694]	694	75
COV	[695-695]	695	70
COV	[696-696]	696	76
COV	[697-697]	697	83
COV	[698-698]	698	65
COV	[699-699]	699	79
COV	[700-700]	700	73
COV	[701-701]	701	68
COV	[702-702]	702	72
COV	[703-703]	703	67
COV	[704-704]	704	61
COV	[705-705]	705	52
COV	[706-706]	706	66
COV	[707-707]	707	74
COV	[708-708]	708	75
COV	[709-709]	709	70
COV	[710-710]	710	62
COV	[711-711]	711	61
COV	[712-712]	712	53
COV	[713-713]	713	71
COV	[714-714]	714	64
COV	[715-715]	715	66
COV	[716-716]	716	78
COV	[717-717]	717	70
COV	[718-718]	718	82
COV	[719-719]	719	68
COV	[720-720]	720	65
COV	[721-721]	721	60
COV	[722-722]	722	71
COV	[723-723]	723	51
COV	[724-724]	724	90
COV	[725-725]	725	56
COV	[726-726]	726	65
COV	[727-727]	727	59
COV	[728-728]	728	69
COV	[729-729]	729	61
COV	[730-730]	730	71
COV	[731-731]	731	64
COV	[732-732]	732	84
COV	[733-733]	733	77
COV	[734-734]	734	68
COV	[735-735]	735	56
COV	[736-736]	736	63
COV	[737-737]	737	65
COV	[738-738]	738	68
COV	[739-739]	739	57
COV	[740-740]	740	63
COV	[741-741]	741	76
COV	[742-742]	742	72
COV	[743-743]	743	69
COV	[744-744]	744	61
COV	[745-745]	745	55
COV	[746-746]	746	58
COV	[747-747]	747	73
COV	[748-748]	748	63
COV	[749-749]	749	74
COV	[750-750]	750	87
COV	[751-751]	751	73
COV	[752-752]	752	66
COV	[753-753]	753	55
COV	[754-754]	754	53
COV	[755-755]	755	53
COV	[756-756]	756	64
COV	[757-757]	757	55
COV	[758-758]	758	61
COV	[759-759]	759	78
COV	[760-760]	760	59
COV	[761-761]	761	55
COV	[762-762]	762	65
COV	[763-763]	763	57
COV	[764-764]	764	60
COV	[765-765]	765	60
COV	[766-766]	766	70
COV	[767-767]	767	62
COV	[768-768]	768	50
COV	[769-769]	769	53
COV	[770-770]	770	48
COV	[771-771]	771	44
COV	[772-772]	772	37
COV	[773-773]	773	48
COV	[774-774]	774	41
COV	[775-775]	775	31
COV	[776-776]	776	41
COV	[777-777]	777	35
COV	[778-778]	778	42
COV	[779-779]	779	45
COV	[780-780]	780	44
COV	[781-781]	781	41
COV	[782-782]	782	36
COV	[783-783]	783	60
COV	[784-784]	784	43
COV	[785-785]	785	51
COV	[786-786]	786	53
COV	[787-787]	787	57
COV	[788-788]	788	52
COV	[789-789]	789	38
COV	[790-790]	790	55
COV	[791-791]	791	45
COV	[792-792]	792	42
COV	[793-793]	793	48
COV	[794-794]	794	58
COV	[795-795]	795	54
COV	[796-796]	796	49
COV	[797-797]	797	66
COV	[798-798]	798	75
COV	[799-799]	799	61
COV	[800-800]	800	59
COV	[801-801]	801	50
COV	[802-802]	802	55
COV	[803-803]	803	52
COV	[804-804]	804	50
COV	[805-805]	805	60
COV	[806-806]	806	46
COV	[807-807]	807	53
COV	[808-808]	808	50
COV	[809-809]	809	57
COV	[810-810]	810	46
COV	[811-811]	811	41
COV	[812-812]	812	59
COV	[813-813]	813	53
COV	[814-814]	814	53
COV	[815-815]	815	39
COV	[816-816]	816	45
COV	[817-817]	817	59
COV	[818-818]	818	57
COV	[819-819]	819	60
COV	[820-820]	820	59
COV	[821-821]	821	64
COV	[822-822]	822	74
COV	[823-823]	823	71
COV	[824-824]	824	58
COV	[825-825]	825	70
COV	[826-826]	826	56
COV	[827-827]	827	55
COV	[828-828]	828	54
COV	[829-829]	829	51
COV	[830-830]	830	50
COV	[831-831]	831	45
COV	[832-832]	832	52
COV	[833-833]	833	54
COV	[834-834]	834	47
COV	[835-835]	835	56
COV	[836-836]	836	46
COV	[837-837]	837	37
COV	[838-838]	838	45
COV	[839-839]	839	28
COV	[840-840]	840	41
COV	[841-841]	841	58
COV	[842-842]	842	49
COV	[843-843]	843	54
COV	[844-844]	844	51
COV	[845-845]	845	41
COV	[846-846]	846	46
COV	[847-847]	847	44
COV	[848-848]	848	24
COV	[849-849]	849	46
COV	[850-850]	850	48
COV	[851-851]	851	50
COV	[852-852]	852	50
COV	[853-853]	853	45
COV	[854-854]	854	44
COV	[855-855]	855	49
COV	[856-856]	856	38
COV	[857-857]	857	40
COV	[858-858]	858	34
COV	[859-859]	859	36
COV	[860-860]	860	45
COV	[861-861]	861	43
COV	[862-862]	862	44
COV	[863-863]	863	46
COV	[864-864]	864	34
COV	[865-865]	865	43
COV	[866-866]	866	35
COV	[867-867]	867	45
COV	[868-868]	868	41
COV	[869-869]	869	40
COV	[870-870]	870	42
COV	[871-871]	871	36
COV	[872-872]	872	49
COV	[873-873]	873	39
COV	[874-874]	874	37
COV	[875-875]	875	43
COV	[876-876]	876	40
COV	[877-877]	877	34
COV	[878-878]	878	34
COV	[879-879]	879	27
COV	[880-880]	880	33
COV	[881-881]	881	40
COV	[882-882]	882	38
COV	[883-883]	883	42
COV	[884-884]	884	43
COV	[885-885]	885	40
COV	[886-886]	886	26
COV	[887-887]	887	37
COV	[888-888]	888	30
COV	[889-889]	889	35
COV	[890-890]	890	34
COV	[891-891]	891	35
COV	[892-892]	892	28
COV	[893-893]	893	52
COV	[894-894]	894	39
COV	[895-895]	895	34
COV	[896-896]	896	21
COV	[897-897]	897	40
COV	[898-898]	898	35
COV	[899-899]	899	39
COV	[900-900]	900	36
COV	[901-901]	901	37
COV	[902-902]	902	37
COV	[903-903]	903	37
COV	[904-904]	904	34
COV	[905-905]	905	37
COV	[906-906]	906	20
COV	[907-907]	907	43
COV	[908-908]	908	30
COV	[909-909]	909	22
COV	[910-910]	910	38
COV	[911-911]	911	34
COV	[912-912]	912	26
COV	[913-913]	913	30
COV	[914-914]	914	28
COV	[915-915]	915	30
COV	[916-916]	916	27
COV	[917-917]	917	26
COV	[918-918]	918	25
COV	[919-919]	919	24
COV	[920-920]	920	36
COV	[921-921]	921	35
COV	[922-922]	922	27
COV	[923-923]	923	27
COV	[924-924]	924	25
COV	[925-925]	925	22
COV	[926-926]	926	27
COV	[927-927]	927	24
COV	[928-928]	928	28
COV	[929-929]	929	29
COV	[930-930]	930	35
COV	[931-931]	931	38
COV	[932-932]	932	25
COV	[933-933]	933	30
COV	[934-934]	934	24
COV	[935-935]	935	26
COV	[936-936]	936	32
COV	[937-937]	937	26
COV	[938-938]	938	30
COV	[939-939]	939	28
COV	[940-940]	940	39
COV	[941-941]	941	26
COV	[942-942]	942	34
COV	[943-943]	943	31
COV	[944-944]	944	25
COV	[945-945]	945	32
COV	[946-946]	946	34
COV	[947-947]	947	31
COV	[948-948]	948	34
COV	[949-949]	949	25
COV	[950-950]	950	29
COV	[951-951]	951	23
COV	[952-952]	952	43
COV	[953-953]	953	27
COV	[954-954]	954	22
COV	[955-955]	955	25
COV	[956-956]	956	25
COV	[957-957]	957	20
COV	[958-958]	958	23
COV	[959-959]	959	22
COV	[960-960]	960	33
COV	[961-961]	961	30
COV	[962-962]	962	20
COV	[963-963]	963	27
COV	[964-964]	964	27
COV	[965-965]	965	26
COV	[966-966]	966	12
COV	[967-967]	967	39
COV	[968-968]	968	28
COV	[969-969]	969	22
COV	[970-970]	970	25
COV	[971-971]	971	25
COV	[972-972]	972	22
COV	[973-973]	973	22
COV	[974-974]	974	25
COV	[975-975]	975	34
COV	[976-976]	976	23
COV	[977-977]	977	24
COV	[978-978]	978	14
COV	[979-979]	979	17
COV	[980-980]	980	21
COV	[981-981]	981	16
COV	[982-982]	982	21
COV	[983-983]	983	21
COV	[984-984]	984	33
COV	[985-985]	985	27
COV	[986-986]	986	17
COV	[987-987]	987	31
COV	[988-988]	988	20
COV	[989-989]	989	26
COV	[990-990]	990	27
COV	[991-991]	991	26
COV	[992-992]	992	25
COV	[993-993]	993	20
COV	[994-994]	994	20
COV	[995-995]	995	29
COV	[996-996]	996	21
COV	[997-997]	997	24
COV	[998-998]	998	29
COV	[999-999]	999	25
COV	[1000-1000]	1000	22
COV	[1000<]	1000	12232
# GC-depth. Use `grep ^GCD | cut -f 2-` to extract this part. The columns are: GC%, unique sequence percentiles, 10th, 25th, 50th, 75th and 90th depth percentile
GCD	0.0	0.081	0.007	0.007	0.007	0.014	0.022
GCD	1.0	0.084	0.194	0.205	0.241	0.299	0.317
GCD	2.0	0.086	0.108	0.108	2.851	10.829	10.829
GCD	3.0	0.090	0.122	0.133	1.922	4.561	5.148
GCD	4.0	0.094	0.072	0.425	0.922	1.796	1.915
GCD	5.0	0.096	0.101	0.101	0.151	1.296	1.296
GCD	6.0	0.096	0.216	0.216	0.216	0.216	0.216
GCD	7.0	0.102	0.043	0.319	0.958	1.091	1.123
GCD	8.0	0.105	0.079	0.086	0.130	0.248	0.281
GCD	9.0	0.111	0.050	0.065	0.158	0.522	2.203
GCD	10.0	0.117	0.014	0.022	0.061	0.920	1.346
GCD	11.0	0.121	0.050	0.142	0.378	0.812	1.022
GCD	12.0	0.125	0.007	0.097	0.209	0.410	0.533
GCD	13.0	0.132	0.048	0.331	0.580	0.878	2.051
GCD	14.0	0.137	0.036	0.036	0.187	0.569	1.058
GCD	15.0	0.144	0.094	0.252	0.324	0.724	1.773
GCD	16.0	0.148	0.245	0.245	0.356	3.667	12.960
GCD	17.0	0.152	0.101	0.133	0.238	0.524	0.734
GCD	18.0	0.159	0.022	0.076	0.450	0.826	1.128
GCD	19.0	0.167	0.039	0.151	0.324	0.468	0.611
GCD	20.0	0.179	0.026	0.040	0.295	0.425	0.765
GCD	21.0	0.192	0.014	0.049	0.288	0.589	1.929
GCD	22.0	0.205	0.047	0.193	0.227	0.531	1.147
GCD	23.0	0.215	0.027	0.086	0.310	0.713	4.000
GCD	24.0	0.230	0.030	0.088	0.288	0.653	6.657
GCD	25.0	0.258	0.031	0.112	0.324	0.536	0.883
GCD	26.0	0.288	0.017	0.041	0.191	0.508	1.648
GCD	27.0	0.318	0.022	0.050	0.144	0.288	0.965
GCD	28.0	0.364	0.036	0.061	0.166	0.504	2.421
GCD	29.0	0.433	0.042	0.101	0.475	2.038	3.940
GCD	30.0	0.547	0.043	0.133	1.354	3.298	6.614
GCD	31.0	0.759	0.065	0.139	2.038	4.847	8.873
GCD	32.0	1.194	0.079	0.193	2.423	7.070	12.218
GCD	33.0	1.936	0.086	0.173	3.132	7.639	13.272
GCD	34.0	3.201	0.101	0.180	3.546	8.433	13.206
GCD	35.0	4.987	0.101	0.180	3.305	8.478	13.913
GCD	36.0	7.335	0.101	0.158	2.196	7.259	12.722
GCD	37.0	10.481	0.101	0.144	1.411	6.451	12.023
GCD	38.0	14.447	0.094	0.144	0.288	4.932	10.642
GCD	39.0	19.348	0.094	0.144	0.216	3.298	8.834
GCD	40.0	25.201	0.101	0.144	0.216	2.038	7.950
GCD	41.0	31.762	0.108	0.158	0.230	1.642	7.049
GCD	42.0	38.762	0.122	0.173	0.252	1.562	6.646
GCD	43.0	45.878	0.130	0.187	0.266	1.271	5.875
GCD	44.0	52.988	0.144	0.194	0.288	0.950	5.494
GCD	45.0	59.788	0.151	0.209	0.310	1.008	5.494
GCD	46.0	66.119	0.158	0.230	0.353	1.107	5.443
GCD	47.0	71.615	0.173	0.259	0.410	1.382	5.551
GCD	48.0	76.322	0.194	0.288	0.490	1.757	5.994
GCD	49.0	80.237	0.202	0.310	0.576	2.131	6.957
GCD	50.0	83.369	0.203	0.338	0.698	2.822	7.667
GCD	51.0	85.922	0.216	0.389	1.015	3.838	9.037
GCD	52.0	88.004	0.230	0.439	1.526	4.860	10.548
GCD	53.0	89.754	0.245	0.533	1.825	5.769	11.582
GCD	54.0	91.281	0.274	0.734	2.498	6.484	12.146
GCD	55.0	92.707	0.317	1.030	3.096	7.654	13.602
GCD	56.0	93.992	0.487	1.426	4.061	9.072	15.644
GCD	57.0	95.178	0.605	1.526	4.259	9.292	15.739
GCD	58.0	96.296	0.820	1.818	4.684	9.549	16.065
GCD	59.0	97.335	0.900	2.038	5.058	10.843	17.037
GCD	60.0	98.160	1.132	2.351	5.602	11.750	18.071
GCD	61.0	98.811	1.138	2.520	6.077	11.333	18.994
GCD	62.0	99.312	1.035	2.426	6.098	12.362	20.290
GCD	63.0	99.642	1.094	2.509	5.983	11.862	18.647
GCD	64.0	99.827	1.399	3.078	7.394	13.356	20.004
GCD	65.0	99.940	1.439	2.851	8.640	15.347	24.663
GCD	66.0	99.987	0.746	2.048	7.423	14.350	20.724
GCD	67.0	99.997	1.038	2.412	6.437	10.958	46.318
GCD	68.0	99.999	0.216	0.216	0.605	8.856	8.856
GCD	70.0	100.000	0.014	0.014	0.014	0.014	0.014
